{"type": "FeatureCollection", "features": [{"type": "Feature", "geometry": {"type": "LineString", "coordinates": [[24.773, 8.702], [24.725, 8.749], [24.725, 8.796], [24.678, 8.843], [24.63, 8.891], [24.582, 8.938], [24.534, 8.985], [24.486, 9.032], [24.439, 9.08], [24.391, 9.08], [24.343, 9.08], [24.295, 9.08], [24.247, 9.08], [24.2, 9.08], [24.152, 9.08], [24.104, 9.08], [24.056, 9.08], [24.008, 9.08], [23.961, 9.08], [23.913, 9.08], [23.865, 9.08], [23.817, 9.08], [23.769, 9.08], [23.722, 9.08], [23.674, 9.08], [23.626, 9.08], [23.578, 9.08], [23.53, 9.08], [23.482, 9.08], [23.435, 9.08], [23.387, 9.08], [23.339, 9.127], [23.291, 9.127], [23.243, 9.174], [23.196, 9.174], [23.148, 9.174], [23.1, 9.174], [23.052, 9.174], [23.004, 9.174], [22.957, 9.174], [22.909, 9.174], [22.861, 9.174], [22.813, 9.174], [22.765, 9.174], [22.718, 9.174], [22.67, 9.174], [22.622, 9.174], [22.574, 9.174], [22.526, 9.174], [22.479, 9.174], [22.431, 9.174], [22.383, 9.174], [22.335, 9.174], [22.287, 9.174], [22.239, 9.174], [22.192, 9.174], [22.144, 9.174], [22.096, 9.174], [22.048, 9.174], [22.0, 9.174], [21.953, 9.174], [21.905, 9.174], [21.857, 9.174], [21.809, 9.174], [21.761, 9.174], [21.714, 9.174], [21.666, 9.174], [21.618, 9.174], [21.57, 9.174], [21.522, 9.174], [21.475, 9.174], [21.427, 9.174], [21.379, 9.174], [21.331, 9.174], [21.283, 9.174], [21.236, 9.174], [21.188, 9.174], [21.14, 9.174], [21.092, 9.174], [21.044, 9.174], [20.996, 9.174], [20.949, 9.174], [20.901, 9.174], [20.853, 9.174], [20.805, 9.174], [20.757, 9.174], [20.71, 9.174], [20.662, 9.174], [20.614, 9.174], [20.566, 9.174], [20.518, 9.174], [20.471, 9.174], [20.423, 9.174], [20.375, 9.174], [20.327, 9.174], [20.279, 9.174], [20.232, 9.174], [20.184, 9.174], [20.136, 9.174], [20.088, 9.174], [20.04, 9.174], [19.993, 9.174], [19.945, 9.174], [19.897, 9.174], [19.849, 9.174], [19.801, 9.174], [19.754, 9.174], [19.706, 9.174], [19.658, 9.174], [19.61, 9.174], [19.562, 9.174], [19.514, 9.174], [19.467, 9.174], [19.419, 9.174], [19.371, 9.174], [19.323, 9.174], [19.275, 9.174], [19.228, 9.174], [19.18, 9.174], [19.132, 9.174], [19.084, 9.174], [19.036, 9.174], [18.989, 9.174], [18.941, 9.174], [18.893, 9.174], [18.845, 9.174], [18.797, 9.174], [18.75, 9.174], [18.702, 9.174], [18.654, 9.174], [18.606, 9.174], [18.558, 9.174], [18.511, 9.174], [18.463, 9.174], [18.415, 9.174], [18.367, 9.174], [18.319, 9.174], [18.271, 9.174], [18.224, 9.174], [18.176, 9.174], [18.128, 9.174], [18.08, 9.174], [18.032, 9.174], [17.985, 9.174], [17.937, 9.174], [17.889, 9.174], [17.841, 9.174], [17.793, 9.174], [17.746, 9.174], [17.698, 9.174], [17.65, 9.174], [17.602, 9.174], [17.554, 9.174], [17.507, 9.174], [17.459, 9.174], [17.411, 9.174], [17.363, 9.174], [17.315, 9.174], [17.268, 9.174], [17.22, 9.174], [17.172, 9.174], [17.124, 9.174], [17.076, 9.174], [17.028, 9.174], [16.981, 9.174], [16.933, 9.174], [16.885, 9.174], [16.837, 9.174], [16.789, 9.174], [16.742, 9.174], [16.694, 9.174], [16.646, 9.174], [16.598, 9.174], [16.55, 9.174], [16.503, 9.174], [16.455, 9.174], [16.407, 9.174], [16.359, 9.174], [16.311, 9.174], [16.264, 9.174], [16.216, 9.174], [16.168, 9.174], [16.12, 9.174], [16.072, 9.174], [16.025, 9.174], [15.977, 9.174], [15.929, 9.174], [15.881, 9.174], [15.833, 9.174], [15.786, 9.174], [15.738, 9.174], [15.69, 9.174], [15.642, 9.174], [15.594, 9.174], [15.546, 9.174], [15.499, 9.174], [15.451, 9.174], [15.403, 9.174], [15.355, 9.174], [15.307, 9.174], [15.26, 9.174], [15.212, 9.174], [15.164, 9.174], [15.116, 9.174], [15.068, 9.174], [15.021, 9.174], [14.973, 9.174], [14.925, 9.174], [14.877, 9.174], [14.829, 9.174], [14.782, 9.174], [14.734, 9.174], [14.686, 9.174], [14.638, 9.174], [14.59, 9.174], [14.543, 9.174], [14.495, 9.174], [14.447, 9.174], [14.399, 9.174], [14.351, 9.174], [14.303, 9.174], [14.256, 9.174], [14.208, 9.174], [14.16, 9.174], [14.112, 9.174], [14.064, 9.174], [14.017, 9.174], [13.969, 9.174], [13.921, 9.174], [13.873, 9.174], [13.825, 9.174], [13.778, 9.174], [13.73, 9.174], [13.682, 9.174], [13.634, 9.174], [13.586, 9.174], [13.539, 9.174], [13.491, 9.174], [13.443, 9.174], [13.395, 9.174], [13.347, 9.174], [13.3, 9.174], [13.252, 9.174], [13.204, 9.174], [13.156, 9.174], [13.108, 9.174], [13.06, 9.174], [13.013, 9.174], [12.965, 9.174], [12.917, 9.174], [12.869, 9.174], [12.821, 9.174], [12.774, 9.174], [12.726, 9.174], [12.678, 9.174], [12.63, 9.174], [12.582, 9.174], [12.535, 9.174], [12.487, 9.174], [12.439, 9.174], [12.391, 9.174], [12.343, 9.174], [12.296, 9.174], [12.248, 9.174], [12.2, 9.174], [12.152, 9.174], [12.104, 9.174], [12.057, 9.174], [12.009, 9.174], [11.961, 9.174], [11.913, 9.174], [11.865, 9.174], [11.818, 9.174], [11.77, 9.174], [11.722, 9.174], [11.674, 9.174], [11.626, 9.174], [11.578, 9.174], [11.531, 9.174], [11.483, 9.174], [11.435, 9.174], [11.387, 9.174], [11.339, 9.174], [11.292, 9.127], [11.244, 9.127], [11.196, 9.127], [11.148, 9.127], [11.1, 9.174], [11.053, 9.174], [11.005, 9.174], [10.957, 9.174], [10.909, 9.127], [10.861, 9.127], [10.814, 9.127], [10.766, 9.08], [10.718, 9.032], [10.67, 9.032], [10.622, 9.032], [10.575, 8.985], [10.527, 8.985], [10.479, 8.985], [10.431, 8.985], [10.383, 8.985], [10.335, 8.985], [10.288, 8.985], [10.24, 8.985], [10.192, 8.985], [10.144, 8.985], [10.096, 8.985], [10.049, 8.985], [10.001, 8.985], [9.953, 8.985], [9.905, 8.985], [9.857, 8.985], [9.81, 8.985], [9.762, 8.985], [9.714, 8.985], [9.666, 8.985], [9.618, 8.985], [9.571, 8.985], [9.523, 8.985], [9.475, 8.985], [9.427, 8.985], [9.379, 8.985], [9.332, 8.985], [9.284, 8.938], [9.236, 8.938], [9.188, 8.938], [9.14, 8.938], [9.092, 8.938], [9.045, 8.938], [8.997, 8.891], [8.949, 8.891], [8.901, 8.891], [8.853, 8.891], [8.806, 8.891], [8.758, 8.891], [8.71, 8.891], [8.662, 8.891], [8.614, 8.891], [8.567, 8.891], [8.519, 8.891], [8.471, 8.891], [8.423, 8.891], [8.375, 8.891], [8.328, 8.891], [8.28, 8.891], [8.232, 8.891], [8.184, 8.891], [8.136, 8.891], [8.089, 8.891], [8.041, 8.891], [7.993, 8.891], [7.945, 8.891], [7.897, 8.891], [7.85, 8.891], [7.802, 8.891], [7.754, 8.891], [7.706, 8.891], [7.658, 8.891], [7.61, 8.891], [7.563, 8.891], [7.515, 8.843], [7.467, 8.843], [7.419, 8.843], [7.371, 8.796], [7.324, 8.796], [7.276, 8.749], [7.228, 8.749], [7.18, 8.749], [7.132, 8.749], [7.085, 8.749], [7.037, 8.749], [6.989, 8.702], [6.941, 8.702], [6.893, 8.702], [6.846, 8.702], [6.798, 8.702], [6.75, 8.702], [6.702, 8.702], [6.654, 8.702], [6.607, 8.749], [6.559, 8.749], [6.511, 8.796], [6.463, 8.843], [6.415, 8.891], [6.367, 8.938], [6.32, 8.985], [6.272, 9.032], [6.224, 9.032], [6.176, 9.032], [6.128, 9.032], [6.081, 9.032], [6.033, 9.032], [5.985, 9.032], [5.937, 9.032], [5.889, 9.032], [5.842, 9.032], [5.794, 9.032], [5.746, 8.985], [5.698, 8.985], [5.65, 8.938], [5.603, 8.938], [5.555, 8.938], [5.507, 8.938], [5.459, 8.938], [5.411, 8.938], [5.364, 8.938], [5.316, 8.938], [5.268, 8.985], [5.22, 9.032], [5.172, 9.08], [5.124, 9.127], [5.077, 9.174], [5.029, 9.221], [5.029, 9.268], [4.981, 9.315], [4.981, 9.363], [4.933, 9.41], [4.933, 9.457], [4.981, 9.504], [5.029, 9.504], [5.029, 9.504]]}, "properties": {"route_id": "RT_001", "nom": "Kù-békà ↔ Kù-téka", "origine": "LUR_KUBEKA_SC", "destination": "LUR_KUTEKA_SO", "modes_declares": "[\"terrestre_caravane\"]", "longueur_km": 2296, "km_par_milieu": "{\"terre\": 2293}", "km_hors_modes_declares": "{}", "ruptures_de_charge": 1, "duree_jours": 83.0, "altitude_max_m": 1266, "denivele_positif_m": 3793, "cols_franchis": "[]", "mois_ouverts": null, "milieux_km": "{\"steppe_piemont\": 1109, \"herbage_arbore\": 1004, \"foret_tropicale_humide\": 90, \"zone_humide_lacustre\": 71, \"foret_berge\": 23}", "facies_km": "{\"hors |'Arin\": 2296}", "trouees": "[]", "via": "[]", "vol_oiseau_km": 2170, "statut": "tracé"}}, {"type": "Feature", "geometry": {"type": "LineString", "coordinates": [[28.885, 27.629], [28.885, 27.671], [28.885, 27.714], [28.885, 27.756], [28.885, 27.798], [28.837, 27.841], [28.789, 27.883], [28.741, 27.883], [28.693, 27.883], [28.646, 27.883], [28.598, 27.925], [28.55, 27.925], [28.502, 27.925], [28.454, 27.925], [28.407, 27.967], [28.407, 28.01], [28.407, 28.052], [28.407, 28.094], [28.407, 28.136], [28.407, 28.178], [28.407, 28.22], [28.407, 28.262], [28.407, 28.305], [28.407, 28.347], [28.359, 28.389], [28.359, 28.431], [28.311, 28.473], [28.263, 28.515], [28.215, 28.557], [28.168, 28.599], [28.12, 28.641], [28.072, 28.683], [28.024, 28.725], [27.976, 28.767], [27.929, 28.808], [27.881, 28.85], [27.833, 28.892], [27.785, 28.934], [27.737, 28.976], [27.69, 29.018], [27.642, 29.059], [27.594, 29.101], [27.546, 29.143], [27.498, 29.185], [27.45, 29.227], [27.403, 29.268], [27.355, 29.31], [27.307, 29.352], [27.259, 29.393], [27.211, 29.435], [27.164, 29.435], [27.116, 29.435], [27.068, 29.435], [27.02, 29.435], [26.972, 29.435], [26.925, 29.435], [26.877, 29.435], [26.829, 29.435], [26.781, 29.435], [26.733, 29.435], [26.686, 29.435], [26.638, 29.435], [26.59, 29.435], [26.542, 29.435], [26.494, 29.435], [26.447, 29.435], [26.399, 29.435], [26.351, 29.435], [26.303, 29.435], [26.255, 29.435], [26.207, 29.435], [26.16, 29.435], [26.112, 29.435], [26.064, 29.435], [26.016, 29.435], [25.968, 29.435], [25.921, 29.435], [25.873, 29.435], [25.825, 29.435], [25.777, 29.435], [25.729, 29.435], [25.682, 29.435], [25.634, 29.435], [25.586, 29.435], [25.538, 29.435], [25.49, 29.435], [25.443, 29.435], [25.395, 29.435], [25.347, 29.435], [25.299, 29.435], [25.251, 29.435], [25.204, 29.435], [25.156, 29.435], [25.108, 29.435], [25.06, 29.435], [25.012, 29.435], [24.964, 29.393], [24.917, 29.352], [24.869, 29.352], [24.821, 29.352], [24.773, 29.352], [24.725, 29.352], [24.678, 29.352], [24.63, 29.352], [24.582, 29.352], [24.534, 29.352], [24.486, 29.352], [24.439, 29.352], [24.391, 29.352], [24.343, 29.352], [24.295, 29.352], [24.247, 29.352], [24.2, 29.31], [24.152, 29.31], [24.104, 29.31], [24.056, 29.31], [24.008, 29.31], [23.961, 29.31], [23.913, 29.31], [23.865, 29.31], [23.817, 29.31], [23.769, 29.31], [23.722, 29.31], [23.674, 29.31], [23.626, 29.31], [23.578, 29.31], [23.53, 29.31], [23.482, 29.31], [23.435, 29.31], [23.387, 29.31], [23.339, 29.31], [23.291, 29.31], [23.243, 29.31], [23.196, 29.31], [23.148, 29.31], [23.1, 29.31], [23.052, 29.31], [23.004, 29.31], [22.957, 29.31], [22.909, 29.31], [22.861, 29.31], [22.813, 29.31], [22.765, 29.31], [22.718, 29.31], [22.67, 29.31], [22.622, 29.31], [22.574, 29.31], [22.526, 29.31], [22.479, 29.31], [22.431, 29.31], [22.383, 29.31], [22.335, 29.31], [22.287, 29.31], [22.239, 29.31], [22.192, 29.31], [22.144, 29.31], [22.096, 29.31], [22.048, 29.31], [22.0, 29.31], [21.953, 29.31], [21.905, 29.31], [21.857, 29.31], [21.809, 29.31], [21.761, 29.31], [21.714, 29.31], [21.666, 29.31], [21.618, 29.31], [21.57, 29.31], [21.522, 29.31], [21.475, 29.31], [21.427, 29.31], [21.379, 29.31], [21.331, 29.31], [21.283, 29.268], [21.236, 29.227], [21.188, 29.185], [21.14, 29.143], [21.092, 29.101], [21.044, 29.059], [20.996, 29.018], [20.949, 29.018], [20.901, 29.018], [20.853, 29.018], [20.805, 29.018], [20.757, 29.018], [20.71, 29.018], [20.662, 29.018], [20.614, 29.018], [20.566, 29.018], [20.518, 29.018], [20.471, 29.018], [20.423, 29.018], [20.375, 29.018], [20.327, 29.018], [20.279, 29.018], [20.232, 29.018], [20.184, 29.018], [20.136, 29.018], [20.088, 29.018], [20.04, 29.018], [19.993, 29.018], [19.945, 29.018], [19.897, 29.018], [19.849, 29.018], [19.801, 29.018], [19.754, 29.018], [19.706, 29.018], [19.658, 29.018], [19.61, 29.018], [19.562, 29.018], [19.514, 29.018], [19.467, 29.018], [19.419, 29.018], [19.371, 29.018], [19.323, 29.018], [19.275, 29.018], [19.228, 29.018], [19.18, 29.018], [19.132, 29.018], [19.084, 29.018], [19.036, 29.018], [18.989, 29.018], [18.941, 29.018], [18.893, 29.018], [18.845, 29.018], [18.797, 29.018], [18.75, 29.018], [18.702, 29.018], [18.654, 29.018], [18.606, 29.018], [18.558, 29.018], [18.511, 29.018], [18.463, 29.018], [18.415, 29.018], [18.367, 29.018], [18.319, 29.018], [18.271, 29.018], [18.224, 29.018], [18.176, 29.018], [18.128, 28.976], [18.08, 28.934], [18.032, 28.892], [17.985, 28.85], [17.937, 28.85], [17.889, 28.892], [17.841, 28.892], [17.793, 28.892], [17.746, 28.892], [17.698, 28.892], [17.65, 28.892], [17.602, 28.892], [17.554, 28.892], [17.507, 28.892], [17.459, 28.892], [17.411, 28.892], [17.363, 28.892], [17.315, 28.892], [17.268, 28.892], [17.22, 28.892], [17.172, 28.892], [17.124, 28.892], [17.076, 28.892], [17.028, 28.892], [16.981, 28.892], [16.933, 28.892], [16.885, 28.892], [16.837, 28.892], [16.789, 28.892], [16.742, 28.892], [16.694, 28.892], [16.646, 28.892], [16.598, 28.892], [16.55, 28.892], [16.503, 28.892], [16.455, 28.892], [16.407, 28.892], [16.359, 28.892], [16.311, 28.892], [16.264, 28.892], [16.216, 28.892], [16.168, 28.892], [16.12, 28.892], [16.072, 28.892], [16.025, 28.892], [15.977, 28.892], [15.929, 28.892], [15.881, 28.892], [15.833, 28.892], [15.786, 28.892], [15.738, 28.892], [15.69, 28.892], [15.642, 28.892], [15.594, 28.892], [15.546, 28.892], [15.499, 28.892], [15.451, 28.892], [15.403, 28.892], [15.355, 28.892], [15.307, 28.892], [15.26, 28.892], [15.212, 28.892], [15.164, 28.892], [15.116, 28.892], [15.068, 28.85], [15.021, 28.808], [14.973, 28.767], [14.925, 28.725], [14.877, 28.683], [14.829, 28.683], [14.782, 28.683], [14.734, 28.683], [14.686, 28.683], [14.638, 28.641], [14.59, 28.599], [14.543, 28.557], [14.495, 28.515], [14.447, 28.473], [14.399, 28.431], [14.351, 28.389], [14.303, 28.347], [14.256, 28.305], [14.208, 28.262], [14.16, 28.22], [14.112, 28.22], [14.064, 28.22], [14.017, 28.22], [13.969, 28.178], [13.921, 28.136], [13.873, 28.136], [13.825, 28.094], [13.778, 28.094], [13.73, 28.094], [13.682, 28.052], [13.634, 28.052], [13.586, 28.01], [13.539, 27.967], [13.491, 27.925], [13.443, 27.883], [13.395, 27.841], [13.347, 27.798], [13.3, 27.798], [13.252, 27.756], [13.204, 27.756], [13.156, 27.756], [13.108, 27.756], [13.06, 27.756], [13.013, 27.756], [12.965, 27.798], [12.917, 27.841], [12.869, 27.841], [12.821, 27.841], [12.774, 27.841], [12.726, 27.883], [12.678, 27.925], [12.63, 27.967], [12.582, 27.967], [12.535, 27.967], [12.487, 27.967], [12.439, 27.967], [12.391, 27.967], [12.343, 27.967], [12.296, 27.967], [12.248, 27.967], [12.2, 27.967], [12.152, 27.967], [12.104, 27.967], [12.057, 27.967], [12.009, 27.967], [11.961, 27.967], [11.913, 27.967], [11.865, 27.967], [11.818, 27.967], [11.77, 27.967], [11.722, 27.967], [11.674, 27.967], [11.626, 27.967], [11.578, 27.967], [11.531, 27.967], [11.483, 27.967], [11.435, 27.967], [11.387, 27.967], [11.339, 27.967], [11.292, 27.967], [11.244, 27.967], [11.196, 27.967], [11.148, 27.967], [11.1, 27.967], [11.053, 27.967], [11.005, 27.967], [10.957, 27.967], [10.909, 27.967], [10.861, 27.967], [10.814, 27.967], [10.766, 27.967], [10.718, 27.967], [10.67, 27.967], [10.622, 27.967], [10.575, 27.967], [10.527, 27.967], [10.479, 27.967], [10.431, 27.967], [10.383, 27.967], [10.335, 27.967], [10.288, 27.967], [10.24, 27.967], [10.192, 27.967], [10.144, 27.967], [10.096, 27.967], [10.049, 27.967], [10.001, 27.967], [9.953, 27.967], [9.905, 27.967], [9.857, 27.967], [9.81, 27.967], [9.762, 27.967], [9.714, 27.967], [9.666, 27.967], [9.618, 27.967], [9.571, 27.967], [9.523, 27.967], [9.475, 27.967], [9.427, 27.967], [9.379, 27.967], [9.332, 27.967], [9.284, 27.967], [9.236, 27.967], [9.188, 27.967], [9.14, 27.967], [9.092, 27.967], [9.045, 27.967], [8.997, 27.967], [8.949, 27.967], [8.901, 27.967], [8.853, 27.967], [8.806, 27.967], [8.758, 27.967], [8.71, 27.967], [8.662, 27.967], [8.614, 27.967], [8.567, 27.967], [8.519, 27.967], [8.471, 27.967], [8.423, 27.967], [8.375, 27.967], [8.328, 27.967], [8.28, 27.967], [8.232, 27.967], [8.184, 27.967], [8.136, 27.967], [8.089, 27.967], [8.041, 27.967], [7.993, 27.967], [7.945, 27.967], [7.897, 27.967], [7.85, 27.967], [7.802, 27.967], [7.754, 27.967], [7.706, 27.967], [7.658, 28.01], [7.61, 28.01], [7.563, 28.01], [7.515, 28.01], [7.467, 28.01], [7.419, 28.01], [7.371, 28.01], [7.324, 28.01], [7.276, 28.01], [7.228, 28.01], [7.18, 28.01], [7.132, 28.01], [7.085, 28.01], [7.037, 28.01], [6.989, 28.01], [6.941, 28.01], [6.893, 28.01], [6.846, 28.01], [6.798, 28.01], [6.75, 28.01], [6.702, 28.01], [6.654, 28.01], [6.607, 28.01], [6.559, 28.01], [6.511, 28.01], [6.463, 28.01], [6.415, 28.01], [6.367, 28.01], [6.32, 28.01], [6.272, 28.01], [6.224, 28.01], [6.176, 28.01], [6.128, 28.01], [6.081, 28.01], [6.033, 28.01], [5.985, 28.01], [5.937, 28.01], [5.889, 28.01], [5.842, 28.01], [5.794, 28.01], [5.746, 27.967], [5.698, 27.925], [5.65, 27.883], [5.603, 27.841], [5.555, 27.798], [5.507, 27.756], [5.459, 27.714], [5.411, 27.671], [5.364, 27.629], [5.316, 27.629], [5.268, 27.629], [5.22, 27.629], [5.172, 27.629], [5.124, 27.629], [5.077, 27.587], [5.029, 27.544], [4.981, 27.544], [4.933, 27.544], [4.885, 27.544], [4.838, 27.587], [4.79, 27.629], [4.742, 27.629], [4.694, 27.629], [4.646, 27.629], [4.599, 27.629], [4.551, 27.629], [4.503, 27.629], [4.455, 27.629], [4.407, 27.629], [4.36, 27.629], [4.312, 27.629], [4.264, 27.629], [4.216, 27.629], [4.168, 27.629], [4.121, 27.629], [4.073, 27.629], [4.025, 27.629], [3.977, 27.629], [3.929, 27.629], [3.882, 27.629], [3.834, 27.629], [3.786, 27.629], [3.738, 27.629], [3.69, 27.629], [3.642, 27.629], [3.595, 27.629], [3.547, 27.629], [3.499, 27.629], [3.451, 27.629], [3.403, 27.629], [3.356, 27.629], [3.308, 27.629], [3.26, 27.629], [3.212, 27.629], [3.164, 27.629], [3.117, 27.629], [3.069, 27.587], [3.021, 27.544], [2.973, 27.502], [2.925, 27.502], [2.878, 27.502], [2.83, 27.502], [2.782, 27.459], [2.734, 27.459], [2.686, 27.459], [2.639, 27.459], [2.591, 27.502], [2.543, 27.544], [2.495, 27.544], [2.447, 27.544], [2.399, 27.544], [2.352, 27.587], [2.304, 27.629], [2.256, 27.671], [2.208, 27.714], [2.16, 27.756], [2.113, 27.756], [2.065, 27.756], [2.017, 27.756], [1.969, 27.756], [1.921, 27.756], [1.874, 27.756], [1.826, 27.756], [1.778, 27.756], [1.73, 27.756], [1.682, 27.756], [1.635, 27.756], [1.587, 27.756], [1.539, 27.756], [1.491, 27.756], [1.443, 27.756], [1.396, 27.756], [1.348, 27.756], [1.3, 27.756], [1.252, 27.756], [1.204, 27.756], [1.156, 27.756], [1.109, 27.756], [1.061, 27.756], [1.013, 27.756], [0.965, 27.756], [0.917, 27.756], [0.87, 27.756], [0.822, 27.756], [0.774, 27.756], [0.726, 27.756], [0.678, 27.798], [0.631, 27.798], [0.583, 27.841], [0.535, 27.883], [0.487, 27.925], [0.439, 27.967], [0.392, 27.967], [0.344, 27.967], [0.296, 27.967], [0.248, 27.967], [0.2, 27.967], [0.153, 28.01], [0.105, 28.052], [0.057, 28.094], [0.009, 28.136], [-0.039, 28.178], [-0.086, 28.22], [-0.134, 28.262], [-0.182, 28.305], [-0.23, 28.347], [-0.278, 28.389], [-0.326, 28.431], [-0.373, 28.473], [-0.421, 28.515], [-0.469, 28.557], [-0.517, 28.599], [-0.565, 28.641], [-0.612, 28.683], [-0.66, 28.725], [-0.708, 28.767], [-0.756, 28.808], [-0.804, 28.85], [-0.851, 28.892], [-0.899, 28.934], [-0.947, 28.976], [-0.995, 29.018], [-1.043, 29.059], [-1.09, 29.101], [-1.138, 29.143], [-1.186, 29.185], [-1.234, 29.227], [-1.282, 29.268], [-1.329, 29.31], [-1.377, 29.31], [-1.425, 29.352], [-1.473, 29.352], [-1.521, 29.352], [-1.569, 29.393], [-1.616, 29.435], [-1.664, 29.477], [-1.712, 29.518], [-1.76, 29.56], [-1.808, 29.601], [-1.855, 29.643], [-1.855, 29.684], [-1.855, 29.726], [-1.855, 29.767], [-1.855, 29.809], [-1.855, 29.85], [-1.808, 29.892], [-1.808, 29.933], [-1.808, 29.975], [-1.808, 30.016], [-1.808, 30.058], [-1.808, 30.099], [-1.808, 30.14], [-1.808, 30.182], [-1.76, 30.223], [-1.712, 30.264], [-1.712, 30.264]]}, "properties": {"route_id": "RT_002", "nom": "Abnaqil ↔ Kralekh-ner", "origine": "LUR_ABNAQIL_NE", "destination": "AUX_KRALEKH-NER", "modes_declares": "[\"maritime_cabotage\"]", "longueur_km": 3430, "km_par_milieu": "{\"mer Halakhel\": 3405, \"terre\": 22}", "km_hors_modes_declares": "{\"terre\": 19}", "ruptures_de_charge": 1, "duree_jours": 47.0, "altitude_max_m": 29, "denivele_positif_m": 2, "cols_franchis": "[]", "mois_ouverts": null, "milieux_km": "{}", "facies_km": "{}", "trouees": "[]", "via": "[]", "vol_oiseau_km": 2992, "statut": "tracé"}}, {"type": "Feature", "geometry": {"type": "LineString", "coordinates": [[5.029, 9.504], [4.981, 9.457], [4.981, 9.41], [4.933, 9.363], [4.885, 9.363], [4.838, 9.315], [4.838, 9.268], [4.79, 9.221], [4.79, 9.174], [4.742, 9.127], [4.694, 9.08], [4.646, 9.08], [4.646, 9.032], [4.599, 9.032], [4.599, 8.985], [4.551, 8.938], [4.551, 8.891], [4.551, 8.843], [4.503, 8.843], [4.503, 8.796], [4.455, 8.749], [4.455, 8.702], [4.455, 8.654], [4.455, 8.607], [4.407, 8.607], [4.36, 8.56], [4.36, 8.607], [4.312, 8.56], [4.264, 8.56], [4.216, 8.56], [4.168, 8.56], [4.121, 8.513], [4.073, 8.513], [4.025, 8.465], [3.977, 8.418], [3.929, 8.371], [3.929, 8.323], [3.882, 8.323], [3.834, 8.323], [3.786, 8.323], [3.786, 8.276], [3.786, 8.229], [3.786, 8.181], [3.738, 8.181], [3.69, 8.181], [3.642, 8.181], [3.595, 8.134], [3.547, 8.134], [3.499, 8.134], [3.451, 8.134], [3.403, 8.087], [3.356, 8.087], [3.308, 8.087], [3.26, 8.087], [3.212, 8.039], [3.212, 7.992], [3.164, 7.992], [3.117, 7.992], [3.069, 7.945], [3.021, 7.945], [2.973, 7.945], [2.925, 7.945], [2.878, 7.897], [2.83, 7.897], [2.83, 7.85], [2.782, 7.803], [2.734, 7.755], [2.686, 7.708], [2.639, 7.708], [2.591, 7.708], [2.543, 7.708], [2.495, 7.708], [2.447, 7.661], [2.447, 7.613], [2.447, 7.566], [2.447, 7.518], [2.399, 7.471], [2.399, 7.424], [2.399, 7.376], [2.399, 7.329], [2.399, 7.281], [2.447, 7.234], [2.447, 7.187], [2.399, 7.139], [2.399, 7.092], [2.352, 7.044], [2.304, 6.997], [2.256, 6.949], [2.256, 6.902], [2.256, 6.854], [2.208, 6.854], [2.208, 6.807], [2.16, 6.807], [2.113, 6.759], [2.065, 6.712], [2.017, 6.665], [1.969, 6.617], [1.969, 6.57], [1.969, 6.522], [1.969, 6.475], [1.921, 6.427], [1.921, 6.38], [1.969, 6.332], [1.969, 6.284], [1.921, 6.237], [1.874, 6.189], [1.826, 6.189], [1.778, 6.189], [1.73, 6.189], [1.682, 6.189], [1.635, 6.142], [1.587, 6.142], [1.539, 6.142], [1.491, 6.142], [1.443, 6.094], [1.396, 6.094], [1.348, 6.094], [1.3, 6.047], [1.252, 6.047], [1.204, 5.999], [1.156, 5.952], [1.109, 5.904], [1.061, 5.857], [1.013, 5.809], [0.965, 5.762], [0.917, 5.714], [0.87, 5.714], [0.822, 5.666], [0.774, 5.666], [0.726, 5.666], [0.678, 5.666], [0.631, 5.666], [0.583, 5.666], [0.535, 5.666], [0.487, 5.666], [0.439, 5.666], [0.392, 5.666], [0.344, 5.666], [0.296, 5.666], [0.248, 5.666], [0.2, 5.666], [0.153, 5.619], [0.105, 5.619], [0.057, 5.571], [0.009, 5.571], [-0.039, 5.524], [-0.086, 5.524], [-0.134, 5.476], [-0.182, 5.476], [-0.23, 5.476], [-0.278, 5.428], [-0.326, 5.428], [-0.373, 5.381], [-0.421, 5.381], [-0.469, 5.333], [-0.517, 5.286], [-0.565, 5.286], [-0.612, 5.238], [-0.66, 5.238], [-0.708, 5.19], [-0.756, 5.19], [-0.804, 5.143], [-0.851, 5.143], [-0.899, 5.143], [-0.947, 5.095], [-0.995, 5.095], [-1.043, 5.095], [-1.09, 5.095], [-1.138, 5.095], [-1.186, 5.048], [-1.234, 5.048], [-1.282, 5.048], [-1.329, 5.0], [-1.377, 5.0], [-1.425, 5.0], [-1.473, 4.952], [-1.521, 4.952], [-1.569, 4.952], [-1.616, 4.905], [-1.664, 4.857], [-1.712, 4.857], [-1.76, 4.809], [-1.808, 4.762], [-1.855, 4.762], [-1.903, 4.714], [-1.951, 4.714], [-1.999, 4.667], [-2.047, 4.667], [-2.094, 4.667], [-2.142, 4.714], [-2.19, 4.762], [-2.238, 4.762], [-2.286, 4.809], [-2.333, 4.809], [-2.381, 4.857], [-2.429, 4.857], [-2.477, 4.857], [-2.525, 4.905], [-2.572, 4.905], [-2.62, 4.905], [-2.668, 4.905], [-2.716, 4.952], [-2.764, 4.952], [-2.812, 4.952], [-2.859, 4.952], [-2.907, 4.952], [-2.955, 4.952], [-3.003, 5.0], [-3.051, 5.0], [-3.098, 5.0], [-3.146, 5.048], [-3.194, 5.095], [-3.242, 5.095], [-3.29, 5.095], [-3.337, 5.095], [-3.385, 5.095], [-3.433, 5.095], [-3.481, 5.095], [-3.529, 5.095], [-3.576, 5.095], [-3.624, 5.095], [-3.672, 5.095], [-3.72, 5.095], [-3.768, 5.095], [-3.815, 5.095], [-3.863, 5.095], [-3.911, 5.095], [-3.959, 5.095], [-4.007, 5.095], [-4.055, 5.095], [-4.102, 5.095], [-4.15, 5.095], [-4.198, 5.095], [-4.246, 5.095], [-4.294, 5.095], [-4.341, 5.095], [-4.389, 5.095], [-4.437, 5.095], [-4.485, 5.095], [-4.533, 5.095], [-4.58, 5.095], [-4.628, 5.095], [-4.676, 5.095], [-4.724, 5.095], [-4.772, 5.095], [-4.819, 5.095], [-4.867, 5.095], [-4.915, 5.143], [-4.963, 5.19], [-4.963, 5.19]]}, "properties": {"route_id": "RT_003", "nom": "Kù-téka ↔ Ku-jálima-rir", "origine": "LUR_KUTEKA_SO", "destination": "LUR_KU-JALIMA-RIR_SO", "modes_declares": "[\"fluvial\", \"maritime_cabotage\"]", "longueur_km": 1483, "km_par_milieu": "{\"océan\": 859, \"lac\": 5, \"fleuve (aval)\": 320, \"fleuve (amont)\": 110, \"terre\": 179}", "km_hors_modes_declares": "{\"terre\": 168}", "ruptures_de_charge": 3, "duree_jours": 29.0, "altitude_max_m": 799, "denivele_positif_m": 140, "cols_franchis": "[]", "mois_ouverts": null, "milieux_km": "{\"foret_tropicale_humide\": 501, \"herbage_arbore\": 71, \"zone_humide_lacustre\": 20}", "facies_km": "{\"hors |'Arin\": 605}", "trouees": "[]", "via": "[]", "vol_oiseau_km": 1201, "statut": "tracé"}}, {"type": "Feature", "geometry": {"type": "LineString", "coordinates": [[14.064, 25.189], [14.112, 25.232], [14.16, 25.232], [14.208, 25.275], [14.208, 25.318], [14.208, 25.362], [14.208, 25.405], [14.208, 25.448], [14.208, 25.491], [14.208, 25.534], [14.208, 25.577], [14.208, 25.62], [14.208, 25.664], [14.208, 25.707], [14.208, 25.75], [14.16, 25.793], [14.112, 25.836], [14.064, 25.879], [14.017, 25.922], [13.969, 25.965], [13.921, 26.008], [13.873, 26.051], [13.825, 26.094], [13.778, 26.137], [13.73, 26.18], [13.682, 26.222], [13.634, 26.222], [13.586, 26.222], [13.539, 26.222], [13.491, 26.222], [13.443, 26.222], [13.395, 26.222], [13.347, 26.222], [13.3, 26.222], [13.252, 26.222], [13.204, 26.222], [13.156, 26.265], [13.108, 26.308], [13.06, 26.351], [13.013, 26.351], [12.965, 26.351], [12.917, 26.394], [12.869, 26.394], [12.821, 26.437], [12.774, 26.479], [12.726, 26.522], [12.678, 26.565], [12.63, 26.608], [12.582, 26.65], [12.535, 26.693], [12.487, 26.736], [12.439, 26.779], [12.391, 26.821], [12.343, 26.864], [12.296, 26.907], [12.248, 26.949], [12.2, 26.992], [12.152, 27.034], [12.104, 27.077], [12.057, 27.12], [12.009, 27.162], [11.961, 27.205], [11.913, 27.247], [11.865, 27.29], [11.818, 27.29], [11.77, 27.29], [11.722, 27.29], [11.674, 27.29], [11.626, 27.29], [11.578, 27.29], [11.531, 27.29], [11.483, 27.29], [11.435, 27.29], [11.387, 27.29], [11.339, 27.29], [11.292, 27.29], [11.244, 27.29], [11.196, 27.29], [11.148, 27.29], [11.1, 27.29], [11.053, 27.29], [11.005, 27.29], [10.957, 27.29], [10.909, 27.29], [10.861, 27.29], [10.814, 27.29], [10.766, 27.29], [10.718, 27.29], [10.67, 27.29], [10.622, 27.29], [10.575, 27.29], [10.527, 27.29], [10.479, 27.29], [10.431, 27.29], [10.383, 27.29], [10.335, 27.29], [10.288, 27.29], [10.24, 27.29], [10.192, 27.29], [10.144, 27.29], [10.096, 27.29], [10.049, 27.332], [10.001, 27.332], [9.953, 27.332], [9.905, 27.332], [9.857, 27.332], [9.81, 27.332], [9.762, 27.332], [9.714, 27.332], [9.666, 27.332], [9.618, 27.332], [9.571, 27.332], [9.523, 27.332], [9.475, 27.332], [9.427, 27.332], [9.379, 27.332], [9.332, 27.332], [9.284, 27.332], [9.236, 27.332], [9.188, 27.332], [9.14, 27.332], [9.092, 27.332], [9.045, 27.332], [8.997, 27.332], [8.949, 27.332], [8.901, 27.332], [8.853, 27.332], [8.806, 27.332], [8.758, 27.332], [8.71, 27.332], [8.662, 27.332], [8.614, 27.332], [8.567, 27.332], [8.519, 27.332], [8.471, 27.332], [8.423, 27.332], [8.375, 27.332], [8.328, 27.332], [8.28, 27.332], [8.232, 27.332], [8.184, 27.332], [8.136, 27.332], [8.089, 27.332], [8.041, 27.332], [7.993, 27.332], [7.945, 27.375], [7.897, 27.417], [7.85, 27.417], [7.802, 27.417], [7.754, 27.417], [7.706, 27.417], [7.658, 27.417], [7.61, 27.417], [7.563, 27.417], [7.515, 27.417], [7.467, 27.417], [7.419, 27.417], [7.371, 27.417], [7.324, 27.459], [7.276, 27.502], [7.228, 27.544], [7.18, 27.544], [7.132, 27.544], [7.085, 27.544], [7.037, 27.544], [6.989, 27.544], [6.941, 27.544], [6.893, 27.544], [6.846, 27.544], [6.798, 27.544], [6.75, 27.544], [6.702, 27.544], [6.654, 27.544], [6.607, 27.544], [6.559, 27.544], [6.511, 27.544], [6.463, 27.544], [6.415, 27.544], [6.367, 27.544], [6.32, 27.544], [6.272, 27.544], [6.224, 27.544], [6.176, 27.544], [6.128, 27.544], [6.081, 27.544], [6.033, 27.544], [5.985, 27.544], [5.937, 27.544], [5.889, 27.544], [5.842, 27.544], [5.794, 27.544], [5.746, 27.544], [5.698, 27.544], [5.65, 27.544], [5.603, 27.544], [5.555, 27.544], [5.507, 27.544], [5.459, 27.544], [5.411, 27.544], [5.364, 27.544], [5.316, 27.544], [5.268, 27.544], [5.22, 27.544], [5.172, 27.544], [5.124, 27.544], [5.077, 27.544], [5.029, 27.544], [4.981, 27.544], [4.933, 27.544], [4.885, 27.544], [4.838, 27.587], [4.79, 27.629], [4.742, 27.629], [4.694, 27.629], [4.646, 27.629], [4.599, 27.629], [4.551, 27.629], [4.503, 27.629], [4.455, 27.629], [4.407, 27.629], [4.36, 27.629], [4.312, 27.629], [4.264, 27.629], [4.216, 27.629], [4.168, 27.629], [4.121, 27.629], [4.073, 27.629], [4.025, 27.629], [3.977, 27.629], [3.929, 27.629], [3.882, 27.629], [3.834, 27.629], [3.786, 27.629], [3.738, 27.629], [3.69, 27.629], [3.642, 27.629], [3.595, 27.629], [3.547, 27.629], [3.499, 27.629], [3.451, 27.629], [3.403, 27.629], [3.356, 27.629], [3.308, 27.629], [3.26, 27.629], [3.212, 27.629], [3.164, 27.629], [3.117, 27.629], [3.069, 27.587], [3.021, 27.544], [2.973, 27.502], [2.925, 27.502], [2.878, 27.502], [2.83, 27.502], [2.782, 27.459], [2.734, 27.459], [2.686, 27.459], [2.639, 27.459], [2.591, 27.502], [2.543, 27.502], [2.495, 27.502], [2.447, 27.502], [2.399, 27.502], [2.352, 27.502], [2.304, 27.502], [2.256, 27.502], [2.208, 27.502], [2.16, 27.502], [2.113, 27.502], [2.065, 27.502], [2.017, 27.502], [1.969, 27.502], [1.921, 27.502], [1.874, 27.502], [1.826, 27.502], [1.778, 27.502], [1.73, 27.502], [1.682, 27.502], [1.635, 27.502], [1.587, 27.502], [1.539, 27.502], [1.491, 27.502], [1.443, 27.502], [1.396, 27.502], [1.348, 27.502], [1.3, 27.502], [1.252, 27.502], [1.204, 27.502], [1.156, 27.502], [1.109, 27.502], [1.061, 27.502], [1.013, 27.502], [0.965, 27.502], [0.917, 27.502], [0.87, 27.502], [0.822, 27.502], [0.774, 27.502], [0.726, 27.502], [0.678, 27.502], [0.631, 27.502], [0.583, 27.502], [0.535, 27.502], [0.487, 27.502], [0.439, 27.502], [0.392, 27.502], [0.344, 27.502], [0.296, 27.502], [0.248, 27.502], [0.2, 27.502], [0.153, 27.502], [0.105, 27.502], [0.057, 27.502], [0.009, 27.459], [-0.039, 27.417], [-0.086, 27.375], [-0.134, 27.332], [-0.182, 27.29], [-0.23, 27.247], [-0.278, 27.205], [-0.326, 27.162], [-0.373, 27.162], [-0.421, 27.162], [-0.469, 27.162], [-0.517, 27.162], [-0.565, 27.162], [-0.612, 27.162], [-0.66, 27.162], [-0.708, 27.162], [-0.756, 27.162], [-0.804, 27.162], [-0.851, 27.12], [-0.899, 27.12], [-0.947, 27.077], [-0.995, 27.077], [-1.043, 27.077], [-1.09, 27.034], [-1.138, 27.034], [-1.186, 27.034], [-1.234, 27.034], [-1.282, 27.034], [-1.329, 27.034], [-1.377, 27.034], [-1.425, 27.034], [-1.473, 27.034], [-1.521, 27.034], [-1.569, 27.034], [-1.616, 27.034], [-1.664, 27.034], [-1.712, 27.034], [-1.76, 27.034], [-1.808, 27.034], [-1.855, 27.034], [-1.903, 27.034], [-1.951, 27.034], [-1.999, 27.034], [-2.047, 27.034], [-2.094, 27.034], [-2.142, 27.034], [-2.19, 27.034], [-2.238, 27.034], [-2.286, 27.034], [-2.333, 27.034], [-2.381, 26.992], [-2.429, 26.992], [-2.477, 26.949], [-2.525, 26.949], [-2.572, 26.949], [-2.62, 26.907], [-2.668, 26.907], [-2.716, 26.907], [-2.764, 26.907], [-2.812, 26.907], [-2.859, 26.907], [-2.907, 26.907], [-2.955, 26.907], [-3.003, 26.907], [-3.051, 26.907], [-3.098, 26.949], [-3.146, 26.992], [-3.146, 27.034], [-3.194, 27.077], [-3.194, 27.12], [-3.194, 27.162], [-3.194, 27.205], [-3.194, 27.247], [-3.194, 27.29], [-3.242, 27.332], [-3.29, 27.375], [-3.337, 27.417], [-3.385, 27.459], [-3.433, 27.502], [-3.481, 27.544], [-3.529, 27.587], [-3.576, 27.629], [-3.624, 27.671], [-3.672, 27.714], [-3.72, 27.756], [-3.768, 27.798], [-3.815, 27.841], [-3.863, 27.883], [-3.911, 27.925], [-3.959, 27.967], [-4.007, 27.967], [-4.055, 27.967], [-4.102, 27.967], [-4.15, 27.967], [-4.198, 27.967], [-4.246, 27.967], [-4.294, 27.967], [-4.341, 27.967], [-4.389, 27.967], [-4.437, 27.967], [-4.485, 27.967], [-4.533, 27.967], [-4.58, 27.967], [-4.628, 27.967], [-4.676, 27.967], [-4.724, 27.967], [-4.772, 27.967], [-4.819, 27.967], [-4.867, 27.967], [-4.915, 27.967], [-4.963, 27.967], [-5.011, 27.967], [-5.058, 27.967], [-5.106, 27.967], [-5.154, 27.967], [-5.202, 27.967], [-5.25, 27.967], [-5.297, 27.967], [-5.345, 27.967], [-5.393, 27.967], [-5.441, 27.967], [-5.489, 27.967], [-5.537, 27.967], [-5.584, 27.967], [-5.632, 27.967], [-5.68, 27.967], [-5.728, 27.967], [-5.776, 27.967], [-5.823, 27.967], [-5.871, 27.967], [-5.919, 27.967], [-5.967, 27.967], [-6.015, 27.967], [-6.062, 28.01], [-6.11, 28.052], [-6.158, 28.052], [-6.206, 28.052], [-6.254, 28.094], [-6.301, 28.094], [-6.349, 28.136], [-6.397, 28.136], [-6.445, 28.136], [-6.493, 28.136], [-6.54, 28.136], [-6.588, 28.136], [-6.636, 28.136], [-6.684, 28.178], [-6.732, 28.178], [-6.78, 28.178], [-6.827, 28.178], [-6.875, 28.178], [-6.923, 28.178], [-6.971, 28.178], [-7.019, 28.178], [-7.066, 28.22], [-7.114, 28.22], [-7.162, 28.22], [-7.21, 28.22], [-7.258, 28.22], [-7.305, 28.262], [-7.353, 28.305], [-7.401, 28.305], [-7.449, 28.305], [-7.497, 28.347], [-7.544, 28.389], [-7.592, 28.431], [-7.64, 28.473], [-7.688, 28.515], [-7.736, 28.557], [-7.783, 28.599], [-7.831, 28.641], [-7.879, 28.683], [-7.927, 28.725], [-7.975, 28.767], [-8.023, 28.808], [-8.07, 28.85], [-8.118, 28.892], [-8.166, 28.934], [-8.214, 28.976], [-8.262, 29.018], [-8.309, 29.059], [-8.357, 29.101], [-8.405, 29.143], [-8.453, 29.185], [-8.501, 29.227], [-8.548, 29.268], [-8.596, 29.31], [-8.644, 29.352], [-8.692, 29.393], [-8.74, 29.435], [-8.787, 29.477], [-8.835, 29.477], [-8.883, 29.477], [-8.931, 29.518], [-8.979, 29.56], [-9.026, 29.601], [-9.074, 29.643], [-9.122, 29.684], [-9.17, 29.726], [-9.218, 29.767], [-9.265, 29.809], [-9.313, 29.85], [-9.361, 29.892], [-9.361, 29.933], [-9.409, 29.975], [-9.457, 30.016], [-9.505, 30.058], [-9.552, 30.099], [-9.552, 30.099]]}, "properties": {"route_id": "RT_004", "nom": "Tawālmaz ↔ Khloreth-klam", "origine": "LUR_TAWALMAZ_NE", "destination": "LUR_KHLORETH-KLAM_NO", "modes_declares": "[\"maritime_cabotage\", \"terrestre_portage\"]", "longueur_km": 2706, "km_par_milieu": "{\"mer Halakhel\": 2416, \"terre\": 286}", "km_hors_modes_declares": "{}", "ruptures_de_charge": 1, "duree_jours": 47.0, "altitude_max_m": 1232, "denivele_positif_m": 1461, "cols_franchis": "[]", "mois_ouverts": null, "milieux_km": "{\"steppe_piemont\": 145, \"fourre_cotier_sec\": 57, \"foret_montagne\": 48}", "facies_km": "{\"hiver pluvieux tempéré\": 125, \"Hiver Gris\": 85, \"Hiver Jaune\": 59}", "trouees": "[]", "via": "[]", "vol_oiseau_km": 2390, "statut": "tracé"}}, {"type": "Feature", "geometry": {"type": "LineString", "coordinates": [[-1.616, 30.758], [-1.616, 30.717], [-1.616, 30.676], [-1.664, 30.635], [-1.712, 30.594], [-1.712, 30.553], [-1.712, 30.512], [-1.712, 30.47], [-1.712, 30.429], [-1.712, 30.388], [-1.712, 30.347], [-1.712, 30.305], [-1.712, 30.264], [-1.712, 30.264]]}, "properties": {"route_id": "RT_005", "nom": "Serékh-khem ↔ Kralekh-ner", "origine": "LUR_SEREKH-KHEM_N", "destination": "AUX_KRALEKH-NER", "modes_declares": "[\"maritime_cabotage\"]", "longueur_km": 59, "km_par_milieu": "{\"mer Halakhel\": 49, \"terre\": 7}", "km_hors_modes_declares": "{}", "ruptures_de_charge": 1, "duree_jours": 1.3, "altitude_max_m": -20, "denivele_positif_m": 7, "cols_franchis": "[]", "mois_ouverts": null, "milieux_km": "{}", "facies_km": "{}", "trouees": "[]", "via": "[]", "vol_oiseau_km": 59, "statut": "tracé"}}, {"type": "Feature", "geometry": {"type": "LineString", "coordinates": [[23.961, 15.337], [24.008, 15.337], [24.056, 15.384], [24.104, 15.384], [24.152, 15.384], [24.2, 15.384], [24.247, 15.384], [24.295, 15.384], [24.343, 15.384], [24.391, 15.384], [24.439, 15.384], [24.486, 15.384], [24.534, 15.384], [24.582, 15.384], [24.63, 15.384], [24.678, 15.384], [24.725, 15.384], [24.773, 15.384], [24.821, 15.384], [24.869, 15.384], [24.917, 15.384], [24.964, 15.384], [25.012, 15.384], [25.06, 15.384], [25.108, 15.384], [25.156, 15.384], [25.204, 15.384], [25.251, 15.384], [25.299, 15.384], [25.347, 15.384], [25.395, 15.384], [25.443, 15.384], [25.49, 15.384], [25.538, 15.384], [25.586, 15.384], [25.634, 15.384], [25.682, 15.384], [25.729, 15.384], [25.777, 15.43], [25.825, 15.476], [25.873, 15.476], [25.921, 15.476], [25.968, 15.476], [26.016, 15.476], [26.064, 15.476], [26.112, 15.476], [26.16, 15.476], [26.207, 15.522], [26.255, 15.522], [26.303, 15.522], [26.351, 15.522], [26.399, 15.522], [26.447, 15.522], [26.494, 15.522], [26.542, 15.568], [26.59, 15.568], [26.638, 15.568], [26.686, 15.568], [26.733, 15.568], [26.781, 15.568], [26.829, 15.568], [26.877, 15.568], [26.925, 15.568], [26.972, 15.568], [27.02, 15.568], [27.068, 15.568], [27.116, 15.568], [27.164, 15.568], [27.211, 15.568], [27.259, 15.568], [27.307, 15.568], [27.355, 15.568], [27.403, 15.568], [27.45, 15.568], [27.498, 15.568], [27.546, 15.614], [27.594, 15.614], [27.642, 15.614], [27.69, 15.614], [27.737, 15.614], [27.785, 15.614], [27.833, 15.614], [27.881, 15.614], [27.929, 15.614], [27.976, 15.614], [28.024, 15.614], [28.072, 15.614], [28.12, 15.614], [28.168, 15.614], [28.215, 15.614], [28.263, 15.614], [28.311, 15.614], [28.359, 15.614], [28.407, 15.614], [28.454, 15.614], [28.502, 15.614], [28.55, 15.614], [28.598, 15.614], [28.646, 15.614], [28.693, 15.614], [28.741, 15.614], [28.789, 15.614], [28.837, 15.614], [28.885, 15.614], [28.932, 15.614], [28.98, 15.614], [29.028, 15.614], [29.076, 15.614], [29.124, 15.614], [29.172, 15.614], [29.219, 15.614], [29.267, 15.614], [29.315, 15.614], [29.363, 15.614], [29.411, 15.614], [29.458, 15.614], [29.506, 15.614], [29.554, 15.614], [29.602, 15.614], [29.65, 15.614], [29.697, 15.614], [29.745, 15.614], [29.793, 15.614], [29.841, 15.614], [29.889, 15.614], [29.936, 15.614], [29.984, 15.614], [30.032, 15.614], [30.08, 15.614], [30.128, 15.614], [30.175, 15.614], [30.223, 15.614], [30.271, 15.614], [30.319, 15.614], [30.367, 15.614], [30.415, 15.614], [30.462, 15.614], [30.51, 15.614], [30.558, 15.614], [30.606, 15.614], [30.654, 15.614], [30.701, 15.614], [30.749, 15.614], [30.797, 15.614], [30.845, 15.614], [30.893, 15.614], [30.94, 15.614], [30.988, 15.614], [31.036, 15.614], [31.084, 15.614], [31.132, 15.614], [31.179, 15.614], [31.227, 15.614], [31.275, 15.614], [31.323, 15.614], [31.371, 15.614], [31.418, 15.614], [31.466, 15.614], [31.514, 15.614], [31.562, 15.614], [31.61, 15.614], [31.658, 15.614], [31.705, 15.614], [31.753, 15.614], [31.801, 15.614], [31.849, 15.614], [31.897, 15.614], [31.944, 15.614], [31.992, 15.614], [32.04, 15.614], [32.088, 15.614], [32.136, 15.614], [32.183, 15.614], [32.231, 15.614], [32.279, 15.614], [32.327, 15.614], [32.375, 15.614], [32.422, 15.614], [32.47, 15.614], [32.518, 15.614], [32.566, 15.614], [32.566, 15.614]]}, "properties": {"route_id": "RT_006", "nom": "Abnī-tɨra ↔ Tanāḥil", "origine": "GEO_COL_001", "destination": "LUR_TANAHIL_NE", "modes_declares": "[\"col_haute_altitude\", \"terrestre_caravane\"]", "longueur_km": 936, "km_par_milieu": "{\"terre\": 936}", "km_hors_modes_declares": "{}", "ruptures_de_charge": 0, "duree_jours": 32.0, "altitude_max_m": 2515, "denivele_positif_m": 1377, "cols_franchis": "[\"Abnī-tɨra (001, 2800 m)\"]", "mois_ouverts": "juin → oct", "milieux_km": "{\"steppe_piemont\": 602, \"desert_pierreux\": 308, \"plaine_alluviale\": 21}", "facies_km": "{\"hors |'Arin\": 913}", "trouees": "[]", "note_reglage": "v0.5.2 : variante par la tête du canyon de la haute Tanāḥil (Qūrāš-Taniḥīl-Ramšūr, « rupture de charge au débouché des cols »), puis descente du canyon.", "via": "[]", "vol_oiseau_km": 922, "statut": "tracé"}}, {"type": "Feature", "geometry": {"type": "LineString", "coordinates": [[23.961, 15.337], [23.961, 15.384], [24.008, 15.43], [24.056, 15.476], [24.104, 15.522], [24.104, 15.568], [24.152, 15.614], [24.2, 15.66], [24.247, 15.706], [24.295, 15.752], [24.295, 15.798], [24.295, 15.844], [24.295, 15.89], [24.343, 15.936], [24.391, 15.936], [24.439, 15.936], [24.486, 15.936], [24.534, 15.936], [24.582, 15.89], [24.63, 15.89], [24.678, 15.844], [24.725, 15.844], [24.773, 15.844], [24.821, 15.844], [24.869, 15.844], [24.917, 15.844], [24.964, 15.844], [25.012, 15.844], [25.06, 15.844], [25.108, 15.844], [25.156, 15.844], [25.204, 15.844], [25.251, 15.844], [25.299, 15.844], [25.347, 15.844], [25.395, 15.844], [25.443, 15.844], [25.49, 15.844], [25.538, 15.844], [25.586, 15.844], [25.634, 15.844], [25.682, 15.844], [25.729, 15.844], [25.777, 15.844], [25.825, 15.844], [25.873, 15.844], [25.921, 15.844], [25.968, 15.844], [26.016, 15.844], [26.064, 15.844], [26.112, 15.844], [26.16, 15.844], [26.207, 15.844], [26.255, 15.844], [26.303, 15.844], [26.351, 15.844], [26.399, 15.844], [26.447, 15.844], [26.494, 15.844], [26.542, 15.844], [26.59, 15.844], [26.638, 15.844], [26.686, 15.844], [26.733, 15.844], [26.781, 15.844], [26.829, 15.844], [26.877, 15.844], [26.925, 15.844], [26.972, 15.844], [27.02, 15.798], [27.068, 15.798], [27.116, 15.798], [27.164, 15.798], [27.211, 15.798], [27.259, 15.798], [27.307, 15.798], [27.355, 15.798], [27.403, 15.798], [27.45, 15.798], [27.498, 15.798], [27.546, 15.798], [27.594, 15.798], [27.642, 15.798], [27.69, 15.798], [27.737, 15.798], [27.785, 15.798], [27.833, 15.798], [27.881, 15.752], [27.929, 15.752], [27.976, 15.752], [28.024, 15.752], [28.072, 15.752], [28.12, 15.752], [28.168, 15.752], [28.215, 15.752], [28.263, 15.752], [28.311, 15.752], [28.359, 15.752], [28.407, 15.706], [28.454, 15.706], [28.502, 15.706], [28.55, 15.706], [28.598, 15.706], [28.646, 15.706], [28.693, 15.706], [28.741, 15.706], [28.789, 15.706], [28.837, 15.706], [28.885, 15.706], [28.932, 15.706], [28.98, 15.706], [29.028, 15.706], [29.076, 15.706], [29.124, 15.706], [29.172, 15.706], [29.219, 15.706], [29.267, 15.706], [29.315, 15.706], [29.363, 15.706], [29.411, 15.706], [29.458, 15.706], [29.506, 15.66], [29.554, 15.66], [29.602, 15.66], [29.65, 15.66], [29.697, 15.66], [29.745, 15.66], [29.793, 15.66], [29.841, 15.66], [29.889, 15.66], [29.936, 15.66], [29.984, 15.66], [30.032, 15.66], [30.08, 15.66], [30.128, 15.66], [30.175, 15.66], [30.223, 15.66], [30.271, 15.66], [30.319, 15.66], [30.367, 15.66], [30.415, 15.66], [30.462, 15.66], [30.51, 15.66], [30.558, 15.66], [30.606, 15.66], [30.654, 15.66], [30.701, 15.66], [30.749, 15.66], [30.797, 15.66], [30.845, 15.66], [30.893, 15.66], [30.94, 15.66], [30.988, 15.66], [31.036, 15.66], [31.084, 15.66], [31.132, 15.66], [31.179, 15.66], [31.227, 15.66], [31.275, 15.66], [31.323, 15.66], [31.371, 15.66], [31.418, 15.66], [31.466, 15.66], [31.514, 15.66], [31.562, 15.66], [31.61, 15.66], [31.658, 15.614], [31.705, 15.614], [31.753, 15.614], [31.801, 15.614], [31.849, 15.614], [31.897, 15.614], [31.944, 15.614], [31.992, 15.614], [32.04, 15.614], [32.088, 15.614], [32.136, 15.614], [32.183, 15.614], [32.231, 15.614], [32.279, 15.614], [32.327, 15.614], [32.375, 15.614], [32.422, 15.614], [32.47, 15.614], [32.518, 15.614], [32.566, 15.614], [32.566, 15.614]]}, "properties": {"route_id": "RT_006_variante", "nom": "Abnī-tɨra ↔ Tanāḥil (variante du corpus)", "longueur_km": 979, "duree_jours": 33.0, "altitude_max_m": 2515, "cols_franchis": "[\"Abnī-tɨra (001, 2800 m)\"]"}}, {"type": "Feature", "geometry": {"type": "LineString", "coordinates": [[32.566, 15.614], [32.518, 15.66], [32.518, 15.706], [32.518, 15.752], [32.518, 15.798], [32.518, 15.844], [32.566, 15.89], [32.566, 15.936], [32.566, 15.982], [32.518, 16.028], [32.518, 16.074], [32.518, 16.12], [32.566, 16.166], [32.566, 16.212], [32.614, 16.257], [32.661, 16.303], [32.709, 16.349], [32.757, 16.395], [32.805, 16.441], [32.853, 16.487], [32.9, 16.533], [32.948, 16.533], [32.996, 16.533], [33.044, 16.533], [33.092, 16.533], [33.14, 16.578], [33.187, 16.578], [33.235, 16.624], [33.283, 16.67], [33.331, 16.67], [33.379, 16.67], [33.426, 16.716], [33.474, 16.762], [33.522, 16.762], [33.57, 16.762], [33.618, 16.807], [33.665, 16.853], [33.665, 16.899], [33.713, 16.945], [33.713, 16.99], [33.713, 17.036], [33.713, 17.082], [33.713, 17.127], [33.713, 17.173], [33.761, 17.219], [33.761, 17.264], [33.761, 17.31], [33.809, 17.356], [33.857, 17.401], [33.857, 17.447], [33.904, 17.493], [33.904, 17.538], [33.904, 17.584], [33.952, 17.629], [34.0, 17.675], [34.0, 17.72], [34.0, 17.766], [34.0, 17.812], [34.0, 17.857], [34.0, 17.903], [34.0, 17.948], [34.0, 17.993], [33.952, 18.039], [33.952, 18.084], [33.952, 18.13], [33.952, 18.175], [33.904, 18.221], [33.904, 18.266], [33.904, 18.311], [33.857, 18.357], [33.809, 18.402], [33.761, 18.448], [33.761, 18.493], [33.761, 18.538], [33.761, 18.584], [33.713, 18.629], [33.665, 18.674], [33.618, 18.719], [33.57, 18.765], [33.57, 18.81], [33.57, 18.855], [33.57, 18.9], [33.57, 18.946], [33.57, 18.991], [33.57, 19.036], [33.57, 19.081], [33.57, 19.126], [33.57, 19.172], [33.522, 19.217], [33.474, 19.262], [33.426, 19.307], [33.426, 19.352], [33.379, 19.397], [33.331, 19.442], [33.283, 19.487], [33.235, 19.487], [33.187, 19.487], [33.14, 19.532], [33.092, 19.532], [33.044, 19.532], [32.996, 19.487], [32.948, 19.442], [32.9, 19.442], [32.853, 19.397], [32.805, 19.352], [32.757, 19.307], [32.709, 19.262], [32.709, 19.217], [32.661, 19.172], [32.614, 19.172], [32.566, 19.172], [32.518, 19.126], [32.47, 19.081], [32.422, 19.036], [32.375, 18.991], [32.375, 18.946], [32.327, 18.9], [32.279, 18.9], [32.231, 18.9], [32.183, 18.9], [32.136, 18.855], [32.088, 18.855], [32.04, 18.81], [32.04, 18.765], [32.04, 18.719], [32.088, 18.674], [32.04, 18.629], [31.992, 18.584], [31.944, 18.584], [31.897, 18.538], [31.849, 18.493], [31.801, 18.448], [31.801, 18.402], [31.753, 18.357], [31.705, 18.311], [31.705, 18.266], [31.658, 18.221], [31.61, 18.175], [31.562, 18.13], [31.514, 18.084], [31.466, 18.039], [31.418, 18.039], [31.371, 18.039], [31.323, 18.039], [31.275, 18.039], [31.227, 17.993], [31.179, 17.993], [31.132, 17.993], [31.084, 18.039], [31.036, 18.039], [30.988, 18.039], [30.94, 18.084], [30.893, 18.13], [30.845, 18.13], [30.797, 18.175], [30.749, 18.221], [30.749, 18.266], [30.701, 18.311], [30.701, 18.357], [30.701, 18.402], [30.701, 18.448], [30.701, 18.493], [30.654, 18.538], [30.606, 18.584], [30.558, 18.629], [30.558, 18.674], [30.558, 18.719], [30.558, 18.765], [30.51, 18.81], [30.51, 18.855], [30.462, 18.9], [30.462, 18.946], [30.462, 18.991], [30.462, 19.036], [30.51, 19.081], [30.51, 19.126], [30.51, 19.172], [30.51, 19.217], [30.462, 19.262], [30.462, 19.307], [30.462, 19.352], [30.462, 19.397], [30.462, 19.442], [30.462, 19.487], [30.415, 19.532], [30.415, 19.578], [30.367, 19.623], [30.367, 19.668], [30.367, 19.713], [30.367, 19.758], [30.367, 19.803], [30.319, 19.848], [30.367, 19.893], [30.415, 19.893], [30.462, 19.937], [30.51, 19.937], [30.558, 19.982], [30.558, 20.027], [30.558, 20.072], [30.558, 20.117], [30.558, 20.162], [30.558, 20.207], [30.558, 20.252], [30.558, 20.297], [30.51, 20.341], [30.462, 20.341], [30.415, 20.341], [30.367, 20.386], [30.367, 20.431], [30.319, 20.476], [30.319, 20.521], [30.319, 20.565], [30.319, 20.61], [30.319, 20.655], [30.367, 20.7], [30.367, 20.744], [30.367, 20.789], [30.415, 20.834], [30.462, 20.834], [30.51, 20.834], [30.558, 20.878], [30.558, 20.923], [30.558, 20.968], [30.606, 21.012], [30.654, 21.057], [30.701, 21.102], [30.701, 21.146], [30.701, 21.191], [30.749, 21.235], [30.797, 21.28], [30.845, 21.28], [30.893, 21.324], [30.94, 21.369], [30.988, 21.413], [30.988, 21.458], [30.988, 21.502], [31.036, 21.547], [31.084, 21.591], [31.132, 21.636], [31.179, 21.68], [31.179, 21.725], [31.179, 21.769], [31.227, 21.813], [31.275, 21.858], [31.323, 21.902], [31.323, 21.947], [31.371, 21.991], [31.371, 22.035], [31.371, 22.08], [31.418, 22.124], [31.466, 22.168], [31.514, 22.212], [31.562, 22.257], [31.61, 22.301], [31.658, 22.345], [31.705, 22.389], [31.753, 22.433], [31.801, 22.433], [31.849, 22.478], [31.897, 22.522], [31.897, 22.566], [31.944, 22.61], [31.992, 22.654], [32.04, 22.698], [32.088, 22.742], [32.136, 22.742], [32.183, 22.742], [32.231, 22.698], [32.279, 22.654], [32.327, 22.61], [32.375, 22.654], [32.422, 22.698], [32.47, 22.742], [32.518, 22.742], [32.566, 22.787], [32.566, 22.831], [32.566, 22.875], [32.614, 22.919], [32.661, 22.963], [32.661, 23.007], [32.709, 23.051], [32.709, 23.095], [32.757, 23.139], [32.805, 23.183], [32.853, 23.227], [32.9, 23.271], [32.948, 23.314], [32.948, 23.358], [32.948, 23.402], [32.9, 23.446], [32.9, 23.49], [32.9, 23.534], [32.853, 23.578], [32.853, 23.621], [32.9, 23.665], [32.9, 23.709], [32.9, 23.753], [32.9, 23.796], [32.9, 23.84], [32.853, 23.884], [32.853, 23.928], [32.853, 23.971], [32.9, 24.015], [32.9, 24.059], [32.9, 24.102], [32.9, 24.146], [32.9, 24.19], [32.9, 24.233], [32.9, 24.277], [32.9, 24.32], [32.9, 24.364], [32.9, 24.407], [32.9, 24.451], [32.9, 24.494], [32.9, 24.538], [32.9, 24.581], [32.9, 24.625], [32.948, 24.668], [32.948, 24.712], [32.948, 24.755], [32.9, 24.799], [32.9, 24.842], [32.9, 24.885], [32.853, 24.929], [32.9, 24.972], [32.9, 25.015], [32.853, 25.059], [32.805, 25.102], [32.757, 25.145], [32.709, 25.189], [32.661, 25.232], [32.614, 25.232], [32.566, 25.275], [32.566, 25.318], [32.566, 25.362], [32.566, 25.405], [32.566, 25.448], [32.518, 25.491], [32.518, 25.534], [32.518, 25.577], [32.566, 25.62], [32.614, 25.664], [32.614, 25.707], [32.661, 25.75], [32.709, 25.793], [32.757, 25.836], [32.757, 25.879], [32.757, 25.922], [32.757, 25.965], [32.757, 26.008], [32.757, 26.051], [32.757, 26.094], [32.757, 26.137], [32.805, 26.137], [32.853, 26.137], [32.9, 26.137], [32.948, 26.137], [32.996, 26.137], [33.044, 26.137], [33.092, 26.18], [33.14, 26.222], [33.187, 26.265], [33.235, 26.308], [33.283, 26.351], [33.331, 26.351], [33.379, 26.394], [33.426, 26.437], [33.474, 26.479], [33.522, 26.479], [33.57, 26.522], [33.618, 26.565], [33.665, 26.608], [33.713, 26.608], [33.761, 26.608], [33.809, 26.608], [33.857, 26.608], [33.904, 26.65], [33.952, 26.693], [34.0, 26.65], [34.048, 26.608], [34.096, 26.565], [34.143, 26.522], [34.191, 26.479], [34.239, 26.437], [34.287, 26.394], [34.335, 26.351], [34.383, 26.308], [34.43, 26.265], [34.478, 26.222], [34.526, 26.18], [34.574, 26.137], [34.622, 26.094], [34.669, 26.051], [34.717, 26.008], [34.765, 25.965], [34.813, 25.922], [34.861, 25.879], [34.908, 25.836], [34.956, 25.793], [35.004, 25.75], [35.004, 25.707], [35.052, 25.664], [35.052, 25.62], [35.052, 25.577], [35.1, 25.534], [35.1, 25.491], [35.147, 25.448], [35.147, 25.405], [35.195, 25.362], [35.195, 25.318], [35.243, 25.275], [35.243, 25.232], [35.291, 25.189], [35.291, 25.145], [35.339, 25.102], [35.339, 25.059], [35.339, 25.015], [35.386, 24.972], [35.386, 24.929], [35.434, 24.885], [35.434, 24.842], [35.482, 24.799], [35.482, 24.755], [35.53, 24.712], [35.53, 24.668], [35.578, 24.625], [35.578, 24.581], [35.626, 24.538], [35.673, 24.494], [35.673, 24.451], [35.721, 24.407], [35.769, 24.364], [35.817, 24.32], [35.865, 24.277], [35.912, 24.233], [35.912, 24.19], [35.912, 24.146], [35.912, 24.102], [35.912, 24.059], [35.912, 24.015], [35.912, 23.971], [35.912, 23.928], [35.912, 23.884], [35.912, 23.84], [35.912, 23.796], [35.912, 23.753], [35.912, 23.709], [35.912, 23.665], [35.912, 23.621], [35.912, 23.578], [35.912, 23.534], [35.912, 23.49], [35.912, 23.446], [35.912, 23.402], [35.912, 23.358], [35.96, 23.314], [35.96, 23.271], [35.96, 23.227], [36.008, 23.183], [36.008, 23.139], [36.056, 23.095], [36.104, 23.051], [36.151, 23.007], [36.199, 22.963], [36.247, 22.919], [36.295, 22.875], [36.343, 22.831], [36.39, 22.787], [36.438, 22.742], [36.486, 22.698], [36.534, 22.654], [36.582, 22.61], [36.629, 22.566], [36.677, 22.522], [36.725, 22.478], [36.773, 22.433], [36.821, 22.389], [36.868, 22.345], [36.916, 22.301], [36.916, 22.257], [36.964, 22.212], [36.964, 22.168], [37.012, 22.124], [37.012, 22.08], [37.06, 22.035], [37.06, 21.991], [37.108, 21.947], [37.108, 21.902], [37.155, 21.858], [37.155, 21.813], [37.203, 21.769], [37.203, 21.725], [37.251, 21.68], [37.251, 21.636], [37.251, 21.591], [37.251, 21.547], [37.251, 21.502], [37.251, 21.458], [37.251, 21.413], [37.251, 21.369], [37.251, 21.324], [37.251, 21.28], [37.251, 21.235], [37.251, 21.191], [37.299, 21.146], [37.299, 21.102], [37.347, 21.057], [37.394, 21.012], [37.394, 20.968], [37.442, 20.923], [37.49, 20.878], [37.538, 20.834], [37.538, 20.789], [37.538, 20.744], [37.538, 20.7], [37.538, 20.655], [37.538, 20.61], [37.538, 20.565], [37.538, 20.521], [37.538, 20.476], [37.538, 20.431], [37.538, 20.386], [37.538, 20.341], [37.538, 20.297], [37.538, 20.252], [37.538, 20.207], [37.538, 20.162], [37.538, 20.117], [37.538, 20.072], [37.586, 20.027], [37.586, 19.982], [37.586, 19.937], [37.586, 19.893], [37.586, 19.848], [37.586, 19.803], [37.586, 19.758], [37.586, 19.713], [37.586, 19.668], [37.586, 19.623], [37.586, 19.578], [37.586, 19.532], [37.633, 19.487], [37.633, 19.442], [37.633, 19.397], [37.633, 19.352], [37.633, 19.307], [37.681, 19.262], [37.681, 19.217], [37.681, 19.172], [37.729, 19.126], [37.729, 19.081], [37.729, 19.036], [37.777, 18.991], [37.825, 18.946], [37.872, 18.9], [37.92, 18.855], [37.968, 18.81], [38.016, 18.765], [38.064, 18.719], [38.111, 18.674], [38.159, 18.629], [38.207, 18.584], [38.255, 18.538], [38.303, 18.493], [38.351, 18.448], [38.398, 18.402], [38.446, 18.357], [38.494, 18.311], [38.542, 18.266], [38.59, 18.221], [38.637, 18.175], [38.685, 18.13], [38.733, 18.084], [38.781, 18.039], [38.829, 17.993], [38.876, 17.948], [38.924, 17.903], [38.972, 17.857], [39.02, 17.812], [39.068, 17.766], [39.115, 17.72], [39.163, 17.675], [39.211, 17.629], [39.211, 17.584], [39.259, 17.538], [39.259, 17.493], [39.259, 17.447], [39.307, 17.401], [39.307, 17.356], [39.307, 17.31], [39.354, 17.264], [39.354, 17.219], [39.354, 17.173], [39.402, 17.127], [39.402, 17.082], [39.402, 17.036], [39.45, 16.99], [39.45, 16.945], [39.45, 16.899], [39.498, 16.853], [39.498, 16.807], [39.498, 16.762], [39.498, 16.716], [39.498, 16.67], [39.546, 16.624], [39.546, 16.578], [39.546, 16.533], [39.546, 16.487], [39.546, 16.441], [39.546, 16.395], [39.546, 16.349], [39.546, 16.303], [39.594, 16.257], [39.594, 16.212], [39.594, 16.166], [39.594, 16.12], [39.594, 16.074], [39.641, 16.028], [39.689, 15.982], [39.737, 15.936], [39.737, 15.89], [39.785, 15.844], [39.785, 15.798], [39.833, 15.752], [39.88, 15.752], [39.928, 15.752], [39.976, 15.706], [40.024, 15.66], [40.072, 15.614], [40.119, 15.568], [40.167, 15.522], [40.215, 15.476], [40.263, 15.43], [40.311, 15.384], [40.358, 15.337], [40.406, 15.291], [40.454, 15.245], [40.502, 15.245], [40.55, 15.245], [40.597, 15.199], [40.645, 15.153], [40.693, 15.107], [40.741, 15.061], [40.789, 15.014], [40.836, 14.968], [40.884, 14.922], [40.932, 14.876], [40.98, 14.83], [41.028, 14.783], [41.076, 14.737], [41.123, 14.691], [41.171, 14.645], [41.219, 14.598], [41.267, 14.552], [41.315, 14.506], [41.362, 14.46], [41.41, 14.413], [41.458, 14.367], [41.506, 14.321], [41.554, 14.274], [41.601, 14.228], [41.649, 14.182], [41.697, 14.135], [41.745, 14.089], [41.793, 14.043], [41.84, 13.996], [41.888, 13.95], [41.936, 13.903], [41.984, 13.857], [42.032, 13.811], [42.079, 13.764], [42.127, 13.718], [42.175, 13.671], [42.223, 13.625], [42.271, 13.578], [42.319, 13.532], [42.366, 13.485], [42.414, 13.439], [42.462, 13.392], [42.51, 13.346], [42.558, 13.299], [42.605, 13.253], [42.653, 13.206], [42.701, 13.16], [42.749, 13.113], [42.797, 13.067], [42.844, 13.02], [42.892, 12.973], [42.94, 12.927], [42.988, 12.88], [43.036, 12.834], [43.083, 12.787], [43.131, 12.74], [43.179, 12.694], [43.227, 12.647], [43.275, 12.6], [43.322, 12.554], [43.37, 12.507], [43.418, 12.46], [43.418, 12.414], [43.418, 12.367], [43.418, 12.32], [43.418, 12.274], [43.418, 12.227], [43.418, 12.18], [43.418, 12.134], [43.418, 12.087], [43.418, 12.04], [43.37, 11.993], [43.37, 11.946], [43.322, 11.9], [43.275, 11.9], [43.227, 11.853], [43.179, 11.806], [43.131, 11.806], [43.083, 11.759], [43.036, 11.759], [42.988, 11.713], [42.94, 11.713], [42.892, 11.759], [42.892, 11.759]]}, "properties": {"route_id": "RT_007", "nom": "Tanāḥil ↔ Ports T'nayel SE", "origine": "LUR_TANAHIL_NE", "destination": "AUX_PORTS-TNAYEL", "modes_declares": "[\"fluvial\", \"maritime_cabotage\"]", "longueur_km": 4348, "km_par_milieu": "{\"océan\": 2118, \"fleuve (aval)\": 2071, \"fleuve (amont)\": 7, \"terre\": 145}", "km_hors_modes_declares": "{\"terre\": 138}", "ruptures_de_charge": 2, "duree_jours": 74.0, "altitude_max_m": 623, "denivele_positif_m": 596, "cols_franchis": "[]", "mois_ouverts": null, "milieux_km": "{\"plaine_alluviale\": 2063, \"desert_pierreux\": 133, \"desert_sableux\": 20}", "facies_km": "{\"hors |'Arin\": 2034, \"Hiver Jaune\": 190}", "trouees": "[]", "via": "[]", "vol_oiseau_km": 1198, "statut": "tracé"}}, {"type": "Feature", "geometry": {"type": "LineString", "coordinates": [[29.793, 31.087], [29.793, 31.127], [29.841, 31.168], [29.889, 31.209], [29.936, 31.25], [29.984, 31.291], [30.032, 31.332], [30.08, 31.373], [30.128, 31.413], [30.175, 31.454], [30.223, 31.495], [30.271, 31.536], [30.319, 31.577], [30.367, 31.617], [30.415, 31.658], [30.462, 31.699], [30.51, 31.739], [30.558, 31.78], [30.606, 31.821], [30.654, 31.861], [30.701, 31.861], [30.749, 31.902], [30.749, 31.942], [30.749, 31.983], [30.749, 32.023], [30.749, 32.064], [30.749, 32.105], [30.797, 32.145], [30.845, 32.185], [30.893, 32.226], [30.94, 32.266], [30.988, 32.307], [30.988, 32.307]]}, "properties": {"route_id": "RT_008", "nom": "Ṭanquish ↔ Méditerranée NE", "origine": "LUR_TANQUISH_NE", "destination": "AUX_MEDITERRANEE_NE", "modes_declares": "[\"maritime_cabotage\"]", "longueur_km": 185, "km_par_milieu": "{\"océan\": 181, \"terre\": 2}", "km_hors_modes_declares": "{}", "ruptures_de_charge": 1, "duree_jours": 2.9, "altitude_max_m": -1, "denivele_positif_m": 0, "cols_franchis": "[]", "mois_ouverts": null, "milieux_km": "{}", "facies_km": "{}", "trouees": "[]", "via": "[]", "vol_oiseau_km": 177, "statut": "tracé"}}, {"type": "Feature", "geometry": {"type": "LineString", "coordinates": [[37.872, 10.634], [37.825, 10.587], [37.777, 10.54], [37.729, 10.54], [37.681, 10.54], [37.633, 10.493], [37.586, 10.446], [37.538, 10.399], [37.49, 10.399], [37.442, 10.399], [37.394, 10.352], [37.347, 10.305], [37.299, 10.305], [37.251, 10.305], [37.203, 10.305], [37.155, 10.305], [37.108, 10.305], [37.06, 10.258], [37.012, 10.258], [36.964, 10.258], [36.916, 10.258], [36.868, 10.258], [36.821, 10.258], [36.773, 10.258], [36.725, 10.258], [36.677, 10.258], [36.629, 10.258], [36.582, 10.258], [36.534, 10.258], [36.486, 10.258], [36.438, 10.211], [36.39, 10.164], [36.343, 10.117], [36.295, 10.069], [36.247, 10.069], [36.199, 10.069], [36.151, 10.069], [36.104, 10.069], [36.056, 10.069], [36.008, 10.022], [35.96, 9.975], [35.912, 9.928], [35.865, 9.881], [35.817, 9.881], [35.769, 9.834], [35.721, 9.787], [35.673, 9.74], [35.626, 9.693], [35.578, 9.646], [35.53, 9.598], [35.482, 9.551], [35.434, 9.504], [35.386, 9.504], [35.339, 9.457], [35.291, 9.41], [35.243, 9.363], [35.195, 9.315], [35.147, 9.268], [35.1, 9.221], [35.052, 9.174], [35.004, 9.127], [34.956, 9.08], [34.908, 9.032], [34.861, 8.985], [34.813, 8.938], [34.765, 8.891], [34.813, 8.938], [34.861, 8.985], [34.908, 8.985], [34.956, 8.985], [35.004, 8.985], [35.052, 8.985], [35.052, 8.985]]}, "properties": {"route_id": "RT_009", "nom": "|'Ukh-||Sék ↔ Q'irel-Ts'idar", "origine": "LUR_UKH-SEK_CENTRE", "destination": "LUR_QIREL-TSIDAR_SE", "modes_declares": "[\"terrestre_portage\"]", "longueur_km": 456, "km_par_milieu": "{\"terre\": 456}", "km_hors_modes_declares": "{}", "ruptures_de_charge": 0, "duree_jours": 25.0, "altitude_max_m": 2961, "denivele_positif_m": 3582, "cols_franchis": "[\"T'araq-ɨnkh (010, 2400 m)\"]", "mois_ouverts": "mai → oct", "milieux_km": "{\"herbage_arbore\": 217, \"foret_montagne\": 203, \"steppe_piemont\": 22}", "facies_km": "{\"hors |'Arin\": 318, \"Hiver Gris\": 138}", "trouees": "[]", "via": "[\"GEO_COL_010\"]", "vol_oiseau_km": 358, "statut": "tracé"}}, {"type": "Feature", "geometry": {"type": "LineString", "coordinates": [[32.566, 15.614], [32.518, 15.614], [32.47, 15.568], [32.47, 15.522], [32.47, 15.476], [32.47, 15.43], [32.47, 15.384], [32.47, 15.337], [32.47, 15.291], [32.47, 15.245], [32.47, 15.199], [32.47, 15.153], [32.422, 15.107], [32.422, 15.061], [32.422, 15.014], [32.422, 14.968], [32.375, 14.922], [32.327, 14.876], [32.279, 14.83], [32.231, 14.783], [32.183, 14.737], [32.183, 14.691], [32.183, 14.645], [32.183, 14.598], [32.183, 14.552], [32.183, 14.506], [32.183, 14.46], [32.183, 14.413], [32.183, 14.367], [32.183, 14.321], [32.183, 14.274], [32.183, 14.228], [32.136, 14.182], [32.088, 14.135], [32.04, 14.089], [31.992, 14.043], [31.944, 13.996], [31.897, 13.95], [31.849, 13.903], [31.801, 13.857], [31.753, 13.811], [31.705, 13.764], [31.658, 13.718], [31.61, 13.671], [31.562, 13.625], [31.514, 13.578], [31.466, 13.532], [31.418, 13.485], [31.371, 13.439], [31.323, 13.392], [31.275, 13.346], [31.227, 13.299], [31.179, 13.253], [31.132, 13.206], [31.084, 13.16], [31.036, 13.113], [30.988, 13.067], [30.94, 13.02], [30.893, 12.973], [30.845, 12.927], [30.797, 12.88], [30.749, 12.834], [30.701, 12.787], [30.654, 12.74], [30.606, 12.694], [30.558, 12.647], [30.51, 12.6], [30.462, 12.554], [30.415, 12.507], [30.367, 12.46], [30.319, 12.414], [30.271, 12.367], [30.223, 12.32], [30.175, 12.274], [30.128, 12.227], [30.08, 12.18], [30.032, 12.134], [29.984, 12.087], [29.936, 12.04], [29.889, 11.993], [29.841, 11.946], [29.793, 11.9], [29.745, 11.853], [29.697, 11.806], [29.65, 11.759], [29.602, 11.713], [29.554, 11.666], [29.554, 11.619], [29.506, 11.572], [29.458, 11.525], [29.411, 11.478], [29.363, 11.432], [29.315, 11.385], [29.267, 11.338], [29.219, 11.291], [29.172, 11.244], [29.124, 11.197], [29.076, 11.15], [29.028, 11.103], [28.98, 11.103], [28.932, 11.056], [28.885, 11.009], [28.837, 10.963], [28.789, 10.916], [28.741, 10.916], [28.693, 10.869], [28.646, 10.822], [28.598, 10.775], [28.55, 10.728], [28.502, 10.681], [28.454, 10.634], [28.407, 10.587], [28.359, 10.54], [28.311, 10.493], [28.263, 10.446], [28.263, 10.399], [28.215, 10.352], [28.168, 10.305], [28.12, 10.258], [28.072, 10.211], [28.024, 10.164], [27.976, 10.117], [27.929, 10.069], [27.881, 10.069], [27.833, 10.022], [27.785, 10.022], [27.737, 9.975], [27.69, 9.975], [27.642, 9.975], [27.594, 9.975], [27.546, 9.928], [27.498, 9.975], [27.45, 9.975], [27.403, 9.975], [27.355, 9.975], [27.307, 9.975], [27.259, 10.022], [27.211, 10.022], [27.164, 10.022], [27.116, 9.975], [27.068, 9.975], [27.02, 9.975], [26.972, 9.975], [26.925, 9.975], [26.877, 9.975], [26.829, 9.975], [26.781, 9.975], [26.733, 9.975], [26.686, 9.975], [26.638, 9.928], [26.59, 9.881], [26.542, 9.881], [26.494, 9.881], [26.447, 9.881], [26.399, 9.834], [26.351, 9.834], [26.303, 9.834], [26.255, 9.834], [26.207, 9.834], [26.16, 9.834], [26.112, 9.834], [26.064, 9.787], [26.016, 9.787], [25.968, 9.787], [25.921, 9.74], [25.873, 9.693], [25.825, 9.693], [25.777, 9.646], [25.729, 9.646], [25.682, 9.598], [25.634, 9.551], [25.586, 9.504], [25.538, 9.457], [25.49, 9.41], [25.443, 9.363], [25.395, 9.315], [25.347, 9.268], [25.299, 9.221], [25.251, 9.174], [25.204, 9.127], [25.156, 9.08], [25.108, 9.032], [25.06, 8.985], [25.012, 8.938], [24.964, 8.891], [24.964, 8.843], [24.917, 8.796], [24.917, 8.749], [24.869, 8.702], [24.821, 8.654], [24.773, 8.702], [24.773, 8.702]]}, "properties": {"route_id": "RT_010", "nom": "Tanāḥil ↔ Kù-békà", "origine": "LUR_TANAHIL_NE", "destination": "LUR_KUBEKA_SC", "modes_declares": "[\"col_haute_altitude\", \"fluvial\", \"lacustre\", \"terrestre_caravane\", \"terrestre_portage\"]", "longueur_km": 1260, "km_par_milieu": "{\"lac\": 70, \"fleuve (aval)\": 5, \"fleuve (amont)\": 276, \"terre\": 906}", "km_hors_modes_declares": "{}", "ruptures_de_charge": 1, "duree_jours": 39.0, "altitude_max_m": 1581, "denivele_positif_m": 2423, "cols_franchis": "[]", "mois_ouverts": null, "milieux_km": "{\"desert_pierreux\": 490, \"herbage_arbore\": 364, \"steppe_piemont\": 192, \"foret_berge\": 102, \"foret_tropicale_humide\": 22}", "facies_km": "{\"hors |'Arin\": 1183}", "trouees": "[]", "note_reglage": "Le corpus indique un col à 2 700-2 800 m ouvert de juin à octobre : T'iqur-ɨlkh (2 700 m, juin-octobre) est le seul col de ce profil sur la remontée de la Tanāḥil.", "via": "[]", "vol_oiseau_km": 1139, "statut": "tracé"}}, {"type": "Feature", "geometry": {"type": "LineString", "coordinates": [[32.566, 15.614], [32.614, 15.568], [32.614, 15.522], [32.661, 15.522], [32.661, 15.476], [32.709, 15.476], [32.709, 15.43], [32.757, 15.384], [32.805, 15.384], [32.853, 15.337], [32.9, 15.337], [32.948, 15.291], [32.996, 15.291], [33.044, 15.245], [33.092, 15.199], [33.14, 15.153], [33.187, 15.107], [33.187, 15.061], [33.187, 15.014], [33.187, 14.968], [33.187, 14.922], [33.187, 14.876], [33.235, 14.83], [33.283, 14.783], [33.331, 14.737], [33.379, 14.691], [33.379, 14.645], [33.426, 14.598], [33.426, 14.552], [33.426, 14.506], [33.474, 14.46], [33.522, 14.413], [33.57, 14.367], [33.618, 14.321], [33.618, 14.274], [33.618, 14.228], [33.665, 14.182], [33.665, 14.135], [33.665, 14.089], [33.618, 14.043], [33.618, 13.996], [33.618, 13.95], [33.618, 13.903], [33.618, 13.857], [33.618, 13.811], [33.618, 13.764], [33.618, 13.718], [33.618, 13.671], [33.57, 13.625], [33.57, 13.578], [33.618, 13.532], [33.665, 13.485], [33.665, 13.439], [33.713, 13.392], [33.713, 13.346], [33.761, 13.346], [33.809, 13.346], [33.857, 13.299], [33.904, 13.299], [33.904, 13.253], [33.952, 13.206], [33.952, 13.16], [33.952, 13.113], [33.952, 13.067], [34.0, 13.02], [34.0, 12.973], [34.0, 12.927], [34.0, 12.88], [34.048, 12.834], [34.096, 12.787], [34.143, 12.74], [34.143, 12.694], [34.143, 12.647], [34.143, 12.6], [34.143, 12.554], [34.143, 12.507], [34.191, 12.46], [34.239, 12.46], [34.287, 12.414], [34.335, 12.367], [34.335, 12.32], [34.335, 12.274], [34.335, 12.227], [34.335, 12.18], [34.335, 12.134], [34.287, 12.087], [34.335, 12.04], [34.335, 11.993], [34.335, 11.946], [34.383, 11.9], [34.383, 11.853], [34.383, 11.806], [34.383, 11.759], [34.383, 11.713], [34.383, 11.666], [34.383, 11.619], [34.43, 11.572], [34.478, 11.572], [34.478, 11.525], [34.526, 11.525], [34.574, 11.525], [34.622, 11.478], [34.669, 11.432], [34.669, 11.385], [34.669, 11.338], [34.717, 11.291], [34.765, 11.291], [34.765, 11.244], [34.813, 11.197], [34.861, 11.15], [34.908, 11.103], [34.956, 11.056], [34.956, 11.009], [35.004, 10.963], [35.052, 10.916], [35.1, 10.869], [35.1, 10.822], [35.1, 10.775], [35.1, 10.728], [35.1, 10.681], [35.1, 10.634], [35.1, 10.587], [35.147, 10.54], [35.195, 10.54], [35.243, 10.493], [35.291, 10.446], [35.339, 10.399], [35.339, 10.352], [35.339, 10.305], [35.386, 10.258], [35.434, 10.211], [35.482, 10.164], [35.53, 10.117], [35.578, 10.069], [35.578, 10.022], [35.626, 9.975], [35.673, 9.928], [35.721, 9.881], [35.769, 9.834], [35.769, 9.787], [35.769, 9.74], [35.817, 9.693], [35.817, 9.646], [35.865, 9.598], [35.912, 9.551], [35.912, 9.504], [35.96, 9.457], [35.96, 9.41], [35.96, 9.363], [36.008, 9.315], [36.056, 9.268], [36.056, 9.221], [36.056, 9.174], [36.056, 9.127], [36.056, 9.08], [36.056, 9.032], [36.104, 8.985], [36.151, 8.938], [36.151, 8.891], [36.151, 8.843], [36.151, 8.796], [36.151, 8.749], [36.199, 8.702], [36.151, 8.654], [36.104, 8.607], [36.056, 8.607], [36.008, 8.607], [35.96, 8.56], [35.912, 8.56], [35.865, 8.56], [35.817, 8.513], [35.769, 8.513], [35.721, 8.465], [35.673, 8.418], [35.626, 8.418], [35.578, 8.418], [35.53, 8.418], [35.482, 8.371], [35.434, 8.323], [35.386, 8.323], [35.339, 8.323], [35.291, 8.323], [35.243, 8.323], [35.195, 8.323], [35.147, 8.323], [35.1, 8.323], [35.052, 8.323], [35.004, 8.276], [34.956, 8.229], [34.908, 8.181], [34.861, 8.181], [34.813, 8.181], [34.765, 8.181], [34.717, 8.181], [34.669, 8.181], [34.622, 8.229], [34.574, 8.229], [34.526, 8.181], [34.478, 8.181], [34.43, 8.181], [34.383, 8.181], [34.335, 8.181], [34.287, 8.181], [34.239, 8.181], [34.191, 8.134], [34.143, 8.134], [34.096, 8.134], [34.048, 8.087], [34.0, 8.039], [33.952, 8.039], [33.904, 8.039], [33.857, 7.992], [33.809, 7.945], [33.761, 7.945], [33.713, 7.897], [33.665, 7.945], [33.618, 7.992], [33.618, 8.039], [33.618, 8.087], [33.618, 8.134], [33.57, 8.181], [33.522, 8.229], [33.474, 8.276], [33.426, 8.323], [33.426, 8.371], [33.426, 8.418], [33.379, 8.465], [33.331, 8.513], [33.283, 8.56], [33.235, 8.607], [33.187, 8.654], [33.14, 8.654], [33.092, 8.702], [33.044, 8.702], [32.996, 8.702], [32.948, 8.702], [32.9, 8.702], [32.853, 8.702], [32.805, 8.702], [32.757, 8.749], [32.757, 8.796], [32.757, 8.843], [32.757, 8.891], [32.805, 8.938], [32.757, 8.985], [32.709, 9.032], [32.661, 9.032], [32.614, 9.032], [32.566, 9.032], [32.518, 9.032], [32.47, 9.08], [32.422, 9.127], [32.422, 9.174], [32.375, 9.221], [32.327, 9.268], [32.375, 9.315], [32.375, 9.363], [32.327, 9.41], [32.279, 9.41], [32.231, 9.41], [32.183, 9.363], [32.136, 9.363], [32.088, 9.315], [32.04, 9.315], [31.992, 9.315], [31.944, 9.268], [31.897, 9.315], [31.849, 9.363], [31.801, 9.41], [31.753, 9.457], [31.705, 9.457], [31.658, 9.41], [31.61, 9.41], [31.562, 9.41], [31.514, 9.41], [31.466, 9.457], [31.418, 9.504], [31.371, 9.551], [31.323, 9.551], [31.275, 9.551], [31.227, 9.551], [31.179, 9.504], [31.132, 9.504], [31.084, 9.457], [31.036, 9.41], [30.988, 9.41], [30.94, 9.41], [30.893, 9.41], [30.845, 9.457], [30.797, 9.504], [30.797, 9.551], [30.797, 9.598], [30.749, 9.646], [30.701, 9.693], [30.654, 9.693], [30.606, 9.74], [30.606, 9.787], [30.558, 9.787], [30.51, 9.787], [30.462, 9.787], [30.415, 9.787], [30.367, 9.787], [30.319, 9.787], [30.319, 9.74], [30.271, 9.693], [30.223, 9.693], [30.175, 9.646], [30.128, 9.646], [30.08, 9.646], [30.032, 9.598], [29.984, 9.551], [29.936, 9.504], [29.889, 9.457], [29.841, 9.41], [29.793, 9.457], [29.745, 9.457], [29.697, 9.457], [29.65, 9.457], [29.602, 9.504], [29.602, 9.551], [29.554, 9.551], [29.554, 9.598], [29.506, 9.598], [29.506, 9.646], [29.458, 9.646], [29.411, 9.646], [29.363, 9.646], [29.315, 9.598], [29.267, 9.598], [29.219, 9.551], [29.172, 9.551], [29.172, 9.504], [29.124, 9.504], [29.076, 9.457], [29.028, 9.457], [28.98, 9.457], [28.932, 9.41], [28.885, 9.363], [28.837, 9.315], [28.789, 9.315], [28.741, 9.315], [28.693, 9.268], [28.646, 9.221], [28.598, 9.221], [28.55, 9.174], [28.502, 9.127], [28.454, 9.08], [28.407, 9.08], [28.359, 9.08], [28.311, 9.032], [28.263, 8.985], [28.215, 8.938], [28.168, 8.891], [28.12, 8.843], [28.072, 8.796], [28.024, 8.749], [27.976, 8.749], [27.929, 8.702], [27.881, 8.702], [27.833, 8.702], [27.785, 8.702], [27.737, 8.654], [27.69, 8.607], [27.642, 8.56], [27.594, 8.513], [27.546, 8.465], [27.498, 8.418], [27.498, 8.371], [27.45, 8.371], [27.403, 8.371], [27.355, 8.323], [27.307, 8.323], [27.259, 8.323], [27.211, 8.323], [27.164, 8.276], [27.116, 8.229], [27.068, 8.229], [27.02, 8.181], [26.972, 8.134], [26.925, 8.087], [26.877, 8.087], [26.829, 8.039], [26.781, 8.039], [26.733, 8.039], [26.686, 8.039], [26.638, 8.039], [26.59, 8.039], [26.542, 8.039], [26.494, 8.039], [26.447, 8.039], [26.399, 8.039], [26.351, 8.039], [26.303, 8.039], [26.255, 8.039], [26.207, 8.039], [26.16, 8.039], [26.112, 8.039], [26.064, 8.039], [26.016, 8.039], [25.968, 7.992], [25.921, 8.039], [25.873, 8.087], [25.825, 8.087], [25.777, 8.134], [25.729, 8.181], [25.682, 8.229], [25.634, 8.276], [25.586, 8.323], [25.538, 8.371], [25.49, 8.418], [25.443, 8.418], [25.395, 8.418], [25.347, 8.465], [25.299, 8.513], [25.251, 8.56], [25.204, 8.56], [25.156, 8.56], [25.108, 8.56], [25.06, 8.56], [25.012, 8.56], [24.964, 8.607], [24.917, 8.654], [24.869, 8.654], [24.821, 8.654], [24.773, 8.702], [24.773, 8.702]]}, "properties": {"route_id": "RT_010_variante", "nom": "Tanāḥil ↔ Kù-békà (variante du corpus)", "longueur_km": 2614, "duree_jours": 69.0, "altitude_max_m": 2624, "cols_franchis": "[\"T'iqur-ɨlkh (014, 2700 m)\"]"}}, {"type": "Feature", "geometry": {"type": "LineString", "coordinates": [[-10.03, 29.31], [-10.078, 29.31], [-10.126, 29.31], [-10.174, 29.31], [-10.222, 29.31], [-10.269, 29.31], [-10.317, 29.31], [-10.365, 29.31], [-10.413, 29.31], [-10.461, 29.31], [-10.508, 29.31], [-10.556, 29.31], [-10.604, 29.31], [-10.652, 29.31], [-10.7, 29.31], [-10.748, 29.31], [-10.795, 29.31], [-10.843, 29.31], [-10.891, 29.31], [-10.939, 29.31], [-10.987, 29.31], [-11.034, 29.31], [-11.082, 29.31], [-11.13, 29.31], [-11.178, 29.31], [-11.226, 29.31], [-11.273, 29.31], [-11.321, 29.31], [-11.369, 29.31], [-11.417, 29.31], [-11.465, 29.31], [-11.512, 29.31], [-11.56, 29.31], [-11.608, 29.31], [-11.656, 29.31], [-11.704, 29.31], [-11.751, 29.31], [-11.799, 29.31], [-11.847, 29.31], [-11.895, 29.268], [-11.943, 29.227], [-11.991, 29.185], [-12.038, 29.143], [-12.086, 29.101], [-12.134, 29.059], [-12.182, 29.018], [-12.23, 28.976], [-12.277, 28.934], [-12.325, 28.892], [-12.373, 28.85], [-12.421, 28.808], [-12.469, 28.767], [-12.516, 28.725], [-12.564, 28.683], [-12.612, 28.641], [-12.66, 28.599], [-12.708, 28.557], [-12.755, 28.515], [-12.803, 28.473], [-12.851, 28.431], [-12.899, 28.389], [-12.947, 28.347], [-12.994, 28.305], [-13.042, 28.262], [-13.09, 28.22], [-13.138, 28.178], [-13.186, 28.136], [-13.233, 28.094], [-13.281, 28.052], [-13.329, 28.01], [-13.377, 27.967], [-13.425, 27.925], [-13.473, 27.883], [-13.52, 27.841], [-13.568, 27.798], [-13.616, 27.756], [-13.664, 27.714], [-13.712, 27.671], [-13.759, 27.629], [-13.807, 27.587], [-13.855, 27.544], [-13.903, 27.502], [-13.951, 27.459], [-13.998, 27.417], [-14.046, 27.375], [-14.094, 27.332], [-14.142, 27.29], [-14.19, 27.247], [-14.237, 27.205], [-14.285, 27.162], [-14.333, 27.12], [-14.381, 27.077], [-14.429, 27.034], [-14.476, 26.992], [-14.524, 26.949], [-14.572, 26.907], [-14.62, 26.864], [-14.668, 26.821], [-14.716, 26.779], [-14.763, 26.736], [-14.811, 26.693], [-14.859, 26.65], [-14.907, 26.608], [-14.955, 26.565], [-15.002, 26.522], [-15.05, 26.479], [-15.098, 26.437], [-15.146, 26.394], [-15.194, 26.351], [-15.241, 26.308], [-15.289, 26.265], [-15.337, 26.222], [-15.385, 26.18], [-15.433, 26.137], [-15.48, 26.094], [-15.528, 26.051], [-15.576, 26.008], [-15.624, 25.965], [-15.672, 25.922], [-15.719, 25.879], [-15.767, 25.836], [-15.815, 25.793], [-15.863, 25.75], [-15.911, 25.707], [-15.959, 25.664], [-16.006, 25.62], [-16.054, 25.577], [-16.102, 25.534], [-16.15, 25.491], [-16.198, 25.448], [-16.245, 25.405], [-16.293, 25.362], [-16.341, 25.318], [-16.389, 25.275], [-16.437, 25.232], [-16.484, 25.189], [-16.532, 25.145], [-16.58, 25.102], [-16.628, 25.059], [-16.676, 25.015], [-16.723, 24.972], [-16.771, 24.929], [-16.819, 24.885], [-16.867, 24.842], [-16.915, 24.799], [-16.962, 24.755], [-17.01, 24.712], [-17.058, 24.668], [-17.106, 24.625], [-17.154, 24.581], [-17.201, 24.538], [-17.249, 24.494], [-17.297, 24.451], [-17.345, 24.407], [-17.393, 24.364], [-17.441, 24.32], [-17.488, 24.277], [-17.536, 24.233], [-17.584, 24.19], [-17.632, 24.146], [-17.68, 24.102], [-17.727, 24.059], [-17.775, 24.015], [-17.823, 23.971], [-17.871, 23.928], [-17.919, 23.884], [-17.966, 23.84], [-18.014, 23.796], [-18.062, 23.753], [-18.11, 23.709], [-18.158, 23.665], [-18.205, 23.621], [-18.253, 23.578], [-18.301, 23.534], [-18.349, 23.49], [-18.397, 23.446], [-18.444, 23.402], [-18.492, 23.358], [-18.54, 23.314], [-18.588, 23.271], [-18.636, 23.227], [-18.684, 23.183], [-18.731, 23.139], [-18.779, 23.095], [-18.827, 23.051], [-18.875, 23.007], [-18.923, 22.963], [-18.97, 22.919], [-19.018, 22.875], [-19.066, 22.831], [-19.114, 22.787], [-19.162, 22.742], [-19.209, 22.698], [-19.257, 22.654], [-19.305, 22.61], [-19.353, 22.566], [-19.401, 22.522], [-19.448, 22.478], [-19.496, 22.433], [-19.544, 22.389], [-19.592, 22.345], [-19.64, 22.301], [-19.687, 22.257], [-19.735, 22.212], [-19.783, 22.168], [-19.831, 22.124], [-19.879, 22.08], [-19.927, 22.035], [-19.974, 21.991], [-20.022, 21.947], [-20.07, 21.902], [-20.118, 21.858], [-20.166, 21.813], [-20.213, 21.769], [-20.261, 21.725], [-20.309, 21.68], [-20.357, 21.636], [-20.405, 21.591], [-20.452, 21.547], [-20.5, 21.502], [-20.548, 21.458], [-20.596, 21.413], [-20.644, 21.369], [-20.691, 21.324], [-20.739, 21.28], [-20.787, 21.235], [-20.835, 21.191], [-20.883, 21.146], [-20.93, 21.102], [-20.978, 21.057], [-21.026, 21.012], [-21.074, 20.968], [-21.122, 20.923], [-21.169, 20.878], [-21.217, 20.834], [-21.265, 20.789], [-21.313, 20.744], [-21.361, 20.7], [-21.409, 20.655], [-21.456, 20.61], [-21.504, 20.565], [-21.552, 20.521], [-21.6, 20.476], [-21.648, 20.431], [-21.695, 20.386], [-21.743, 20.341], [-21.791, 20.297], [-21.839, 20.252], [-21.887, 20.207], [-21.934, 20.162], [-21.982, 20.117], [-22.03, 20.072], [-22.078, 20.027], [-22.126, 19.982], [-22.173, 19.937], [-22.221, 19.893], [-22.269, 19.848], [-22.317, 19.803], [-22.365, 19.758], [-22.412, 19.713], [-22.46, 19.668], [-22.508, 19.623], [-22.556, 19.578], [-22.604, 19.532], [-22.652, 19.487], [-22.699, 19.442], [-22.747, 19.397], [-22.795, 19.352], [-22.843, 19.307], [-22.891, 19.262], [-22.938, 19.217], [-22.986, 19.172], [-23.034, 19.126], [-23.082, 19.081], [-23.13, 19.036], [-23.177, 18.991], [-23.225, 18.946], [-23.273, 18.9], [-23.321, 18.855], [-23.369, 18.81], [-23.416, 18.765], [-23.464, 18.719], [-23.512, 18.674], [-23.56, 18.629], [-23.608, 18.584], [-23.655, 18.538], [-23.703, 18.493], [-23.751, 18.448], [-23.799, 18.402], [-23.847, 18.357], [-23.895, 18.311], [-23.942, 18.266], [-23.99, 18.221], [-24.038, 18.175], [-24.086, 18.13], [-24.134, 18.084], [-24.181, 18.039], [-24.229, 17.993], [-24.277, 17.948], [-24.325, 17.903], [-24.373, 17.857], [-24.42, 17.812], [-24.468, 17.766], [-24.516, 17.72], [-24.564, 17.675], [-24.612, 17.629], [-24.612, 17.584], [-24.612, 17.538], [-24.612, 17.493], [-24.612, 17.447], [-24.612, 17.401], [-24.612, 17.356], [-24.612, 17.31], [-24.659, 17.264], [-24.707, 17.219], [-24.755, 17.173], [-24.803, 17.127], [-24.851, 17.082], [-24.898, 17.036], [-24.946, 16.99], [-24.994, 16.945], [-24.994, 16.899], [-24.994, 16.899]]}, "properties": {"route_id": "RT_011", "nom": "Talom-ak ↔ Kot-Skral", "origine": "LUR_STALOMAR-KOT_NO", "destination": "LUR_KOT-SKRAL_LARGE", "modes_declares": "[\"maritime_hauturier\"]", "longueur_km": 2109, "km_par_milieu": "{\"océan\": 2099, \"terre\": 5}", "km_hors_modes_declares": "{}", "ruptures_de_charge": 2, "duree_jours": 16.0, "altitude_max_m": 365, "denivele_positif_m": 0, "cols_franchis": "[]", "mois_ouverts": null, "milieux_km": "{}", "facies_km": "{}", "trouees": "[]", "via": "[]", "vol_oiseau_km": 2055, "statut": "tracé"}}, {"type": "Feature", "geometry": {"type": "LineString", "coordinates": [[28.359, 27.671], [28.407, 27.629], [28.454, 27.629], [28.502, 27.629], [28.55, 27.629], [28.598, 27.587], [28.646, 27.587], [28.693, 27.587], [28.741, 27.587], [28.789, 27.587], [28.837, 27.587], [28.885, 27.629], [28.885, 27.629]]}, "properties": {"route_id": "RT_012", "nom": "Abnīqa ↔ Abnaqil", "origine": "LUR_ABNIQA_NE", "destination": "LUR_ABNAQIL_NE", "modes_declares": "[\"fluvial\", \"maritime_cabotage\"]", "longueur_km": 58, "km_par_milieu": "{\"fleuve (aval)\": 30, \"fleuve (amont)\": 21, \"terre\": 7}", "km_hors_modes_declares": "{\"terre\": 7}", "ruptures_de_charge": 0, "duree_jours": 1.4, "altitude_max_m": 30, "denivele_positif_m": 45, "cols_franchis": "[]", "mois_ouverts": null, "milieux_km": "{\"plaine_alluviale\": 58}", "facies_km": "{\"Hiver de Vapeur\": 53}", "trouees": "[]", "via": "[]", "vol_oiseau_km": 54, "statut": "tracé"}}, {"type": "Feature", "geometry": {"type": "LineString", "coordinates": [[26.877, 25.318], [26.877, 25.362], [26.877, 25.405], [26.877, 25.448], [26.877, 25.491], [26.877, 25.534], [26.925, 25.577], [26.972, 25.62], [27.02, 25.664], [27.068, 25.707], [27.116, 25.75], [27.116, 25.793], [27.116, 25.836], [27.116, 25.879], [27.116, 25.922], [27.116, 25.965], [27.116, 26.008], [27.116, 26.051], [27.116, 26.094], [27.116, 26.137], [27.116, 26.18], [27.116, 26.222], [27.164, 26.265], [27.211, 26.308], [27.259, 26.351], [27.307, 26.394], [27.307, 26.437], [27.307, 26.479], [27.355, 26.522], [27.403, 26.565], [27.45, 26.608], [27.498, 26.65], [27.546, 26.693], [27.594, 26.736], [27.642, 26.779], [27.69, 26.821], [27.69, 26.864], [27.737, 26.907], [27.785, 26.949], [27.833, 26.992], [27.881, 27.034], [27.929, 27.077], [27.976, 27.12], [28.024, 27.162], [28.072, 27.205], [28.12, 27.247], [28.168, 27.29], [28.215, 27.332], [28.263, 27.375], [28.311, 27.417], [28.311, 27.459], [28.359, 27.502], [28.359, 27.544], [28.359, 27.587], [28.407, 27.629], [28.454, 27.629], [28.502, 27.629], [28.55, 27.629], [28.598, 27.587], [28.646, 27.587], [28.693, 27.587], [28.741, 27.587], [28.789, 27.587], [28.837, 27.587], [28.885, 27.629], [28.885, 27.629]]}, "properties": {"route_id": "RT_013", "nom": "Ḥawqil ↔ Abnaqil", "origine": "LUR_HAWQIL_NE", "destination": "LUR_ABNAQIL_NE", "modes_declares": "[\"fluvial\", \"maritime_cabotage\"]", "longueur_km": 370, "km_par_milieu": "{\"mer Halakhel\": 298, \"fleuve (aval)\": 30, \"fleuve (amont)\": 27, \"terre\": 9}", "km_hors_modes_declares": "{}", "ruptures_de_charge": 2, "duree_jours": 6.5, "altitude_max_m": 30, "denivele_positif_m": 28, "cols_franchis": "[]", "mois_ouverts": null, "milieux_km": "{\"plaine_alluviale\": 67}", "facies_km": "{\"Hiver de Vapeur\": 62}", "trouees": "[]", "via": "[]", "vol_oiseau_km": 323, "statut": "tracé"}}, {"type": "Feature", "geometry": {"type": "LineString", "coordinates": [[28.359, 27.671], [28.311, 27.671], [28.263, 27.671], [28.215, 27.671], [28.168, 27.629], [28.12, 27.587], [28.12, 27.544], [28.12, 27.502], [28.12, 27.459], [28.12, 27.417], [28.168, 27.375], [28.215, 27.375], [28.263, 27.375], [28.311, 27.375], [28.359, 27.375], [28.407, 27.375], [28.407, 27.375]]}, "properties": {"route_id": "RT_014", "nom": "Abnīqa ↔ Tanāqil", "origine": "LUR_ABNIQA_NE", "destination": "LUR_TANAQIL_NE", "modes_declares": "[\"fluvial\", \"maritime_cabotage\"]", "longueur_km": 77, "km_par_milieu": "{\"mer Halakhel\": 72, \"terre\": 2}", "km_hors_modes_declares": "{}", "ruptures_de_charge": 1, "duree_jours": 1.5, "altitude_max_m": -10, "denivele_positif_m": 0, "cols_franchis": "[]", "mois_ouverts": null, "milieux_km": "{}", "facies_km": "{}", "trouees": "[]", "via": "[]", "vol_oiseau_km": 32, "statut": "tracé"}}, {"type": "Feature", "geometry": {"type": "LineString", "coordinates": [[28.407, 27.375], [28.359, 27.375], [28.311, 27.375], [28.263, 27.375], [28.215, 27.375], [28.168, 27.375], [28.12, 27.417], [28.12, 27.459], [28.12, 27.502], [28.12, 27.544], [28.12, 27.587], [28.12, 27.629], [28.168, 27.671], [28.215, 27.714], [28.263, 27.756], [28.311, 27.798], [28.359, 27.841], [28.407, 27.883], [28.454, 27.883], [28.502, 27.883], [28.55, 27.883], [28.598, 27.883], [28.646, 27.883], [28.693, 27.883], [28.741, 27.883], [28.789, 27.883], [28.837, 27.841], [28.885, 27.798], [28.885, 27.756], [28.885, 27.714], [28.885, 27.671], [28.885, 27.629], [28.885, 27.629]]}, "properties": {"route_id": "RT_015", "nom": "Tanāqil ↔ Abnaqil", "origine": "LUR_TANAQIL_NE", "destination": "LUR_ABNAQIL_NE", "modes_declares": "[\"maritime_cabotage\"]", "longueur_km": 163, "km_par_milieu": "{\"mer Halakhel\": 138, \"terre\": 22}", "km_hors_modes_declares": "{\"terre\": 19}", "ruptures_de_charge": 1, "duree_jours": 3.0, "altitude_max_m": 29, "denivele_positif_m": 26, "cols_franchis": "[]", "mois_ouverts": null, "milieux_km": "{\"plaine_alluviale\": 25}", "facies_km": "{\"Hiver de Vapeur\": 25}", "trouees": "[]", "via": "[]", "vol_oiseau_km": 54, "statut": "tracé"}}, {"type": "Feature", "geometry": {"type": "LineString", "coordinates": [[0.344, 25.707], [0.296, 25.75], [0.296, 25.793], [0.296, 25.836], [0.248, 25.879], [0.248, 25.922], [0.2, 25.965], [0.2, 26.008], [0.2, 26.051], [0.2, 26.094], [0.2, 26.137], [0.153, 26.18], [0.153, 26.222], [0.153, 26.265], [0.153, 26.308], [0.2, 26.351], [0.248, 26.394], [0.296, 26.394], [0.344, 26.394], [0.392, 26.394], [0.439, 26.394], [0.487, 26.394], [0.535, 26.394], [0.583, 26.394], [0.631, 26.394], [0.678, 26.394], [0.726, 26.394], [0.774, 26.394], [0.822, 26.394], [0.87, 26.394], [0.917, 26.394], [0.965, 26.394], [1.013, 26.394], [1.061, 26.394], [1.109, 26.394], [1.156, 26.394], [1.204, 26.394], [1.252, 26.351], [1.3, 26.308], [1.348, 26.308], [1.396, 26.265], [1.443, 26.265], [1.491, 26.265], [1.539, 26.265], [1.587, 26.308], [1.635, 26.351], [1.682, 26.351], [1.73, 26.351], [1.778, 26.351], [1.826, 26.351], [1.874, 26.351], [1.921, 26.351], [1.969, 26.351], [2.017, 26.351], [2.065, 26.351], [2.113, 26.351], [2.16, 26.351], [2.208, 26.351], [2.256, 26.351], [2.304, 26.351], [2.352, 26.351], [2.399, 26.351], [2.447, 26.351], [2.495, 26.351], [2.543, 26.351], [2.591, 26.351], [2.639, 26.351], [2.686, 26.351], [2.734, 26.351], [2.782, 26.351], [2.83, 26.351], [2.878, 26.351], [2.925, 26.351], [2.973, 26.351], [3.021, 26.394], [3.069, 26.437], [3.117, 26.479], [3.164, 26.522], [3.212, 26.565], [3.26, 26.608], [3.308, 26.608], [3.356, 26.608], [3.403, 26.608], [3.451, 26.608], [3.499, 26.608], [3.547, 26.608], [3.595, 26.608], [3.642, 26.608], [3.69, 26.608], [3.738, 26.608], [3.786, 26.608], [3.834, 26.608], [3.882, 26.608], [3.929, 26.65], [3.977, 26.693], [4.025, 26.736], [4.073, 26.779], [4.121, 26.821], [4.168, 26.864], [4.216, 26.907], [4.264, 26.949], [4.312, 26.992], [4.36, 27.034], [4.407, 27.077], [4.455, 27.12], [4.503, 27.162], [4.551, 27.205], [4.599, 27.247], [4.646, 27.247], [4.694, 27.247], [4.742, 27.247], [4.79, 27.247], [4.838, 27.247], [4.885, 27.247], [4.933, 27.247], [4.981, 27.247], [5.029, 27.247], [5.077, 27.247], [5.124, 27.247], [5.172, 27.247], [5.22, 27.247], [5.268, 27.247], [5.316, 27.247], [5.364, 27.247], [5.411, 27.247], [5.459, 27.247], [5.507, 27.247], [5.555, 27.247], [5.603, 27.247], [5.65, 27.247], [5.698, 27.247], [5.746, 27.247], [5.794, 27.247], [5.842, 27.247], [5.889, 27.247], [5.937, 27.247], [5.985, 27.247], [6.033, 27.247], [6.081, 27.247], [6.128, 27.247], [6.176, 27.247], [6.224, 27.247], [6.272, 27.247], [6.32, 27.247], [6.367, 27.247], [6.415, 27.247], [6.463, 27.247], [6.511, 27.247], [6.559, 27.247], [6.607, 27.247], [6.654, 27.247], [6.702, 27.247], [6.75, 27.247], [6.798, 27.247], [6.846, 27.247], [6.893, 27.205], [6.941, 27.162], [6.989, 27.12], [7.037, 27.12], [7.085, 27.077], [7.132, 27.077], [7.18, 27.077], [7.228, 27.034], [7.276, 27.034], [7.324, 27.034], [7.371, 27.034], [7.419, 26.992], [7.467, 26.949], [7.515, 26.949], [7.563, 26.949], [7.61, 26.949], [7.658, 26.949], [7.706, 26.907], [7.754, 26.907], [7.802, 26.907], [7.85, 26.949], [7.897, 26.992], [7.945, 27.034], [7.993, 27.077], [8.041, 27.12], [8.089, 27.162], [8.136, 27.205], [8.184, 27.247], [8.232, 27.29], [8.28, 27.29], [8.328, 27.29], [8.375, 27.29], [8.423, 27.29], [8.471, 27.29], [8.519, 27.29], [8.567, 27.29], [8.614, 27.29], [8.662, 27.29], [8.71, 27.29], [8.758, 27.29], [8.806, 27.29], [8.853, 27.29], [8.901, 27.29], [8.949, 27.29], [8.997, 27.29], [9.045, 27.29], [9.092, 27.29], [9.14, 27.29], [9.188, 27.29], [9.236, 27.29], [9.284, 27.29], [9.332, 27.29], [9.379, 27.29], [9.427, 27.29], [9.475, 27.29], [9.523, 27.29], [9.571, 27.29], [9.618, 27.29], [9.666, 27.29], [9.714, 27.29], [9.762, 27.29], [9.81, 27.29], [9.857, 27.29], [9.905, 27.29], [9.953, 27.29], [10.001, 27.29], [10.049, 27.29], [10.096, 27.29], [10.144, 27.29], [10.192, 27.29], [10.24, 27.29], [10.288, 27.29], [10.335, 27.29], [10.383, 27.29], [10.431, 27.29], [10.479, 27.29], [10.527, 27.29], [10.575, 27.29], [10.622, 27.29], [10.67, 27.29], [10.718, 27.29], [10.766, 27.29], [10.814, 27.29], [10.861, 27.29], [10.909, 27.29], [10.957, 27.29], [11.005, 27.29], [11.053, 27.29], [11.1, 27.29], [11.148, 27.29], [11.196, 27.29], [11.244, 27.29], [11.292, 27.29], [11.339, 27.29], [11.387, 27.29], [11.435, 27.29], [11.483, 27.29], [11.531, 27.29], [11.578, 27.29], [11.626, 27.29], [11.674, 27.29], [11.722, 27.29], [11.77, 27.29], [11.818, 27.29], [11.865, 27.29], [11.913, 27.247], [11.961, 27.205], [12.009, 27.162], [12.057, 27.12], [12.104, 27.077], [12.152, 27.034], [12.2, 26.992], [12.248, 26.949], [12.296, 26.907], [12.343, 26.864], [12.391, 26.821], [12.439, 26.779], [12.487, 26.736], [12.535, 26.693], [12.582, 26.65], [12.63, 26.608], [12.678, 26.565], [12.726, 26.522], [12.774, 26.479], [12.821, 26.437], [12.869, 26.394], [12.917, 26.394], [12.965, 26.351], [13.013, 26.351], [13.06, 26.351], [13.108, 26.308], [13.156, 26.265], [13.204, 26.222], [13.252, 26.222], [13.3, 26.222], [13.347, 26.222], [13.395, 26.222], [13.443, 26.222], [13.491, 26.222], [13.539, 26.222], [13.586, 26.222], [13.634, 26.222], [13.682, 26.222], [13.73, 26.18], [13.778, 26.137], [13.825, 26.094], [13.873, 26.051], [13.921, 26.008], [13.969, 25.965], [14.017, 25.922], [14.064, 25.879], [14.112, 25.836], [14.16, 25.793], [14.208, 25.75], [14.208, 25.707], [14.208, 25.664], [14.208, 25.62], [14.208, 25.577], [14.208, 25.534], [14.208, 25.491], [14.208, 25.448], [14.208, 25.405], [14.208, 25.362], [14.208, 25.318], [14.208, 25.275], [14.16, 25.232], [14.112, 25.232], [14.064, 25.189], [14.064, 25.189]]}, "properties": {"route_id": "RT_016", "nom": "Imekh-stom ↔ Tawālmaz", "origine": "LUR_IMEKH-STOM_NO", "destination": "LUR_TAWALMAZ_NE", "modes_declares": "[\"maritime_cabotage\"]", "longueur_km": 1700, "km_par_milieu": "{\"mer Halakhel\": 1700}", "km_hors_modes_declares": "{}", "ruptures_de_charge": 0, "duree_jours": 23.0, "altitude_max_m": null, "denivele_positif_m": 0, "cols_franchis": "[]", "mois_ouverts": null, "milieux_km": "{}", "facies_km": "{}", "trouees": "[]", "via": "[]", "vol_oiseau_km": 1380, "statut": "tracé"}}, {"type": "Feature", "geometry": {"type": "LineString", "coordinates": [[-5.967, 28.262], [-5.967, 28.22], [-5.967, 28.178], [-5.967, 28.136], [-5.967, 28.094], [-5.919, 28.052], [-5.919, 28.01], [-5.871, 27.967], [-5.823, 27.967], [-5.776, 27.967], [-5.728, 27.967], [-5.68, 27.967], [-5.632, 27.967], [-5.584, 27.967], [-5.537, 27.967], [-5.489, 27.967], [-5.441, 27.967], [-5.393, 27.967], [-5.345, 27.967], [-5.297, 27.967], [-5.25, 27.967], [-5.202, 27.967], [-5.154, 27.967], [-5.106, 27.967], [-5.058, 27.967], [-5.011, 27.967], [-4.963, 27.967], [-4.915, 27.967], [-4.867, 27.967], [-4.819, 27.967], [-4.772, 27.967], [-4.724, 27.967], [-4.676, 27.967], [-4.628, 27.967], [-4.58, 27.967], [-4.533, 27.967], [-4.485, 27.967], [-4.437, 27.967], [-4.389, 27.967], [-4.341, 27.967], [-4.294, 27.967], [-4.246, 27.967], [-4.198, 27.967], [-4.15, 27.967], [-4.102, 27.967], [-4.055, 27.967], [-4.007, 27.967], [-3.959, 27.967], [-3.911, 27.925], [-3.863, 27.883], [-3.815, 27.841], [-3.768, 27.798], [-3.72, 27.756], [-3.672, 27.714], [-3.624, 27.671], [-3.576, 27.629], [-3.529, 27.587], [-3.481, 27.544], [-3.433, 27.502], [-3.385, 27.459], [-3.337, 27.417], [-3.29, 27.375], [-3.242, 27.332], [-3.194, 27.29], [-3.194, 27.247], [-3.194, 27.205], [-3.194, 27.162], [-3.194, 27.12], [-3.194, 27.077], [-3.146, 27.034], [-3.146, 26.992], [-3.098, 26.949], [-3.051, 26.907], [-3.003, 26.907], [-2.955, 26.907], [-2.907, 26.907], [-2.859, 26.907], [-2.812, 26.907], [-2.764, 26.907], [-2.716, 26.907], [-2.668, 26.907], [-2.62, 26.907], [-2.572, 26.949], [-2.525, 26.949], [-2.477, 26.949], [-2.429, 26.992], [-2.381, 26.992], [-2.333, 27.034], [-2.286, 27.034], [-2.238, 27.034], [-2.19, 27.034], [-2.142, 27.034], [-2.094, 27.034], [-2.047, 27.034], [-1.999, 27.034], [-1.951, 27.034], [-1.903, 27.034], [-1.855, 27.034], [-1.808, 27.034], [-1.76, 27.034], [-1.712, 27.034], [-1.664, 27.034], [-1.616, 27.034], [-1.569, 27.034], [-1.521, 27.034], [-1.473, 27.034], [-1.425, 27.034], [-1.377, 27.034], [-1.329, 27.034], [-1.282, 27.034], [-1.234, 27.034], [-1.186, 27.034], [-1.138, 27.034], [-1.09, 27.034], [-1.043, 27.077], [-0.995, 27.077], [-0.947, 27.077], [-0.899, 27.12], [-0.851, 27.12], [-0.804, 27.162], [-0.756, 27.162], [-0.708, 27.162], [-0.66, 27.162], [-0.612, 27.162], [-0.565, 27.162], [-0.517, 27.162], [-0.469, 27.162], [-0.421, 27.162], [-0.373, 27.162], [-0.326, 27.162], [-0.278, 27.205], [-0.23, 27.247], [-0.182, 27.29], [-0.134, 27.332], [-0.086, 27.375], [-0.039, 27.417], [0.009, 27.459], [0.057, 27.502], [0.105, 27.502], [0.153, 27.502], [0.2, 27.502], [0.248, 27.502], [0.296, 27.502], [0.344, 27.502], [0.392, 27.502], [0.439, 27.502], [0.487, 27.502], [0.535, 27.502], [0.583, 27.502], [0.631, 27.502], [0.678, 27.502], [0.726, 27.502], [0.774, 27.502], [0.822, 27.502], [0.87, 27.502], [0.917, 27.502], [0.965, 27.502], [1.013, 27.502], [1.061, 27.502], [1.109, 27.502], [1.156, 27.502], [1.204, 27.502], [1.252, 27.502], [1.3, 27.502], [1.348, 27.502], [1.396, 27.502], [1.443, 27.502], [1.491, 27.502], [1.539, 27.502], [1.587, 27.502], [1.635, 27.502], [1.682, 27.502], [1.73, 27.502], [1.778, 27.502], [1.826, 27.502], [1.874, 27.502], [1.921, 27.502], [1.969, 27.502], [2.017, 27.502], [2.065, 27.502], [2.113, 27.502], [2.16, 27.502], [2.208, 27.502], [2.256, 27.502], [2.304, 27.502], [2.352, 27.502], [2.399, 27.502], [2.447, 27.502], [2.495, 27.502], [2.543, 27.502], [2.591, 27.502], [2.639, 27.459], [2.686, 27.459], [2.734, 27.459], [2.782, 27.459], [2.83, 27.502], [2.878, 27.502], [2.925, 27.502], [2.973, 27.502], [3.021, 27.544], [3.069, 27.587], [3.117, 27.629], [3.164, 27.629], [3.212, 27.629], [3.26, 27.629], [3.308, 27.629], [3.356, 27.629], [3.403, 27.629], [3.451, 27.629], [3.499, 27.629], [3.547, 27.629], [3.595, 27.629], [3.642, 27.629], [3.69, 27.629], [3.738, 27.629], [3.786, 27.629], [3.834, 27.629], [3.882, 27.629], [3.929, 27.629], [3.977, 27.629], [4.025, 27.629], [4.073, 27.629], [4.121, 27.629], [4.168, 27.629], [4.216, 27.629], [4.264, 27.629], [4.312, 27.629], [4.36, 27.629], [4.407, 27.629], [4.455, 27.629], [4.503, 27.629], [4.551, 27.629], [4.599, 27.629], [4.646, 27.629], [4.694, 27.629], [4.742, 27.629], [4.79, 27.629], [4.838, 27.587], [4.885, 27.544], [4.933, 27.544], [4.981, 27.544], [5.029, 27.544], [5.077, 27.587], [5.124, 27.629], [5.172, 27.629], [5.22, 27.629], [5.268, 27.629], [5.316, 27.629], [5.364, 27.629], [5.411, 27.671], [5.459, 27.714], [5.507, 27.756], [5.555, 27.798], [5.603, 27.841], [5.65, 27.883], [5.698, 27.925], [5.746, 27.967], [5.794, 28.01], [5.842, 28.01], [5.889, 28.01], [5.937, 28.01], [5.985, 28.01], [6.033, 28.01], [6.081, 28.01], [6.128, 28.01], [6.176, 28.01], [6.224, 28.01], [6.272, 28.01], [6.32, 28.01], [6.367, 28.01], [6.415, 28.01], [6.463, 28.01], [6.511, 28.01], [6.559, 28.01], [6.607, 28.01], [6.654, 28.01], [6.702, 28.01], [6.75, 28.01], [6.798, 28.01], [6.846, 28.01], [6.893, 28.01], [6.941, 28.01], [6.989, 28.01], [7.037, 28.01], [7.085, 28.01], [7.132, 28.01], [7.18, 28.01], [7.228, 28.01], [7.276, 28.01], [7.324, 28.01], [7.371, 28.01], [7.419, 28.01], [7.467, 28.01], [7.515, 28.01], [7.563, 28.01], [7.61, 28.01], [7.658, 28.01], [7.706, 28.01], [7.754, 28.01], [7.802, 28.01], [7.85, 28.01], [7.897, 28.01], [7.945, 28.01], [7.993, 28.01], [8.041, 28.01], [8.089, 28.01], [8.136, 28.01], [8.184, 28.01], [8.232, 28.01], [8.28, 27.967], [8.328, 27.967], [8.375, 27.967], [8.423, 27.967], [8.471, 27.967], [8.519, 27.967], [8.567, 27.967], [8.614, 27.967], [8.662, 27.967], [8.71, 27.967], [8.758, 27.967], [8.806, 27.967], [8.853, 27.967], [8.901, 27.967], [8.949, 27.967], [8.997, 27.967], [9.045, 27.967], [9.092, 27.967], [9.14, 27.967], [9.188, 27.967], [9.236, 27.967], [9.284, 27.967], [9.332, 27.967], [9.379, 27.967], [9.427, 27.967], [9.475, 27.967], [9.523, 27.967], [9.571, 27.967], [9.618, 27.967], [9.666, 27.967], [9.714, 27.967], [9.762, 27.967], [9.81, 27.967], [9.857, 27.967], [9.905, 27.967], [9.953, 27.967], [10.001, 27.967], [10.049, 27.967], [10.096, 27.967], [10.144, 27.967], [10.192, 27.967], [10.24, 27.967], [10.288, 27.967], [10.335, 27.967], [10.383, 27.967], [10.431, 27.967], [10.479, 27.967], [10.527, 27.967], [10.575, 27.967], [10.622, 27.967], [10.67, 27.967], [10.718, 27.967], [10.766, 27.967], [10.814, 27.967], [10.861, 27.967], [10.909, 27.967], [10.957, 27.967], [11.005, 27.967], [11.053, 27.967], [11.1, 27.967], [11.148, 27.967], [11.196, 27.967], [11.244, 27.967], [11.292, 27.967], [11.339, 27.967], [11.387, 27.967], [11.435, 27.967], [11.483, 27.967], [11.531, 27.967], [11.578, 27.967], [11.626, 27.967], [11.674, 27.967], [11.722, 27.967], [11.77, 27.967], [11.818, 27.967], [11.865, 27.967], [11.913, 27.967], [11.961, 27.967], [12.009, 27.967], [12.057, 27.967], [12.104, 27.967], [12.152, 27.967], [12.2, 27.967], [12.248, 27.967], [12.296, 27.967], [12.343, 27.967], [12.391, 27.967], [12.439, 27.967], [12.487, 27.967], [12.535, 27.967], [12.582, 27.967], [12.63, 27.967], [12.678, 27.925], [12.726, 27.883], [12.774, 27.841], [12.821, 27.841], [12.869, 27.841], [12.917, 27.841], [12.965, 27.798], [13.013, 27.756], [13.06, 27.756], [13.108, 27.756], [13.156, 27.756], [13.204, 27.756], [13.252, 27.756], [13.3, 27.798], [13.347, 27.798], [13.395, 27.841], [13.443, 27.883], [13.491, 27.925], [13.539, 27.967], [13.586, 28.01], [13.634, 28.052], [13.682, 28.052], [13.73, 28.094], [13.778, 28.094], [13.825, 28.094], [13.873, 28.136], [13.921, 28.136], [13.969, 28.178], [14.017, 28.22], [14.064, 28.22], [14.112, 28.22], [14.16, 28.22], [14.208, 28.262], [14.256, 28.305], [14.303, 28.347], [14.351, 28.389], [14.399, 28.431], [14.447, 28.473], [14.495, 28.515], [14.543, 28.557], [14.59, 28.599], [14.638, 28.641], [14.686, 28.683], [14.734, 28.683], [14.782, 28.683], [14.829, 28.683], [14.877, 28.683], [14.925, 28.725], [14.973, 28.767], [15.021, 28.808], [15.068, 28.85], [15.116, 28.892], [15.164, 28.892], [15.212, 28.892], [15.26, 28.892], [15.307, 28.892], [15.355, 28.892], [15.403, 28.892], [15.451, 28.892], [15.499, 28.892], [15.546, 28.892], [15.594, 28.892], [15.642, 28.892], [15.69, 28.892], [15.738, 28.892], [15.786, 28.892], [15.833, 28.892], [15.881, 28.892], [15.929, 28.892], [15.977, 28.892], [16.025, 28.892], [16.072, 28.892], [16.12, 28.892], [16.168, 28.892], [16.216, 28.892], [16.264, 28.892], [16.311, 28.892], [16.359, 28.892], [16.407, 28.892], [16.455, 28.892], [16.503, 28.892], [16.55, 28.892], [16.598, 28.892], [16.646, 28.892], [16.694, 28.892], [16.742, 28.892], [16.789, 28.892], [16.837, 28.892], [16.885, 28.892], [16.933, 28.892], [16.981, 28.892], [17.028, 28.892], [17.076, 28.892], [17.124, 28.892], [17.172, 28.892], [17.22, 28.892], [17.268, 28.892], [17.315, 28.892], [17.363, 28.892], [17.411, 28.892], [17.459, 28.892], [17.507, 28.892], [17.554, 28.892], [17.602, 28.892], [17.65, 28.892], [17.698, 28.892], [17.746, 28.892], [17.793, 28.892], [17.841, 28.892], [17.889, 28.892], [17.937, 28.85], [17.985, 28.85], [18.032, 28.892], [18.08, 28.934], [18.128, 28.976], [18.176, 29.018], [18.224, 29.018], [18.271, 29.018], [18.319, 29.018], [18.367, 29.018], [18.415, 29.018], [18.463, 29.018], [18.511, 29.018], [18.558, 29.018], [18.606, 29.018], [18.654, 29.018], [18.702, 29.018], [18.75, 29.018], [18.797, 29.018], [18.845, 29.018], [18.893, 29.018], [18.941, 29.018], [18.989, 29.018], [19.036, 29.018], [19.084, 29.018], [19.132, 29.018], [19.18, 29.018], [19.228, 29.018], [19.275, 29.018], [19.323, 29.018], [19.371, 29.018], [19.419, 29.018], [19.467, 29.018], [19.514, 29.018], [19.562, 29.018], [19.61, 29.018], [19.658, 29.018], [19.706, 29.018], [19.754, 29.018], [19.801, 29.018], [19.849, 29.018], [19.897, 29.018], [19.945, 29.018], [19.993, 29.018], [20.04, 29.018], [20.088, 29.018], [20.136, 29.018], [20.184, 29.018], [20.232, 29.018], [20.279, 29.018], [20.327, 29.018], [20.375, 29.018], [20.423, 29.018], [20.471, 29.018], [20.518, 29.018], [20.566, 29.018], [20.614, 29.018], [20.662, 29.018], [20.71, 29.018], [20.757, 29.018], [20.805, 29.018], [20.853, 29.018], [20.901, 29.018], [20.949, 29.018], [20.996, 29.018], [21.044, 29.059], [21.092, 29.101], [21.14, 29.143], [21.188, 29.185], [21.236, 29.227], [21.283, 29.268], [21.331, 29.31], [21.379, 29.31], [21.427, 29.31], [21.475, 29.31], [21.522, 29.31], [21.57, 29.31], [21.618, 29.31], [21.666, 29.31], [21.714, 29.31], [21.761, 29.31], [21.809, 29.31], [21.857, 29.31], [21.905, 29.31], [21.953, 29.31], [22.0, 29.31], [22.048, 29.31], [22.096, 29.31], [22.144, 29.31], [22.192, 29.31], [22.239, 29.31], [22.287, 29.31], [22.335, 29.31], [22.383, 29.31], [22.431, 29.31], [22.479, 29.31], [22.526, 29.31], [22.574, 29.31], [22.622, 29.31], [22.67, 29.31], [22.718, 29.31], [22.765, 29.31], [22.813, 29.31], [22.861, 29.31], [22.909, 29.31], [22.957, 29.31], [23.004, 29.31], [23.052, 29.31], [23.1, 29.31], [23.148, 29.31], [23.196, 29.31], [23.243, 29.31], [23.291, 29.31], [23.339, 29.31], [23.387, 29.31], [23.435, 29.31], [23.482, 29.31], [23.53, 29.31], [23.578, 29.31], [23.626, 29.31], [23.674, 29.31], [23.722, 29.31], [23.769, 29.31], [23.817, 29.31], [23.865, 29.31], [23.913, 29.31], [23.961, 29.31], [24.008, 29.31], [24.056, 29.31], [24.104, 29.31], [24.152, 29.31], [24.2, 29.31], [24.247, 29.352], [24.295, 29.352], [24.343, 29.352], [24.391, 29.352], [24.439, 29.352], [24.486, 29.352], [24.534, 29.352], [24.582, 29.352], [24.63, 29.352], [24.678, 29.352], [24.725, 29.352], [24.773, 29.352], [24.821, 29.352], [24.869, 29.352], [24.917, 29.352], [24.964, 29.393], [25.012, 29.435], [25.06, 29.435], [25.108, 29.435], [25.156, 29.435], [25.204, 29.435], [25.251, 29.435], [25.299, 29.435], [25.347, 29.435], [25.395, 29.435], [25.443, 29.435], [25.49, 29.435], [25.538, 29.435], [25.586, 29.435], [25.634, 29.435], [25.682, 29.435], [25.729, 29.435], [25.777, 29.435], [25.825, 29.435], [25.873, 29.435], [25.921, 29.435], [25.968, 29.435], [26.016, 29.435], [26.064, 29.435], [26.112, 29.435], [26.16, 29.435], [26.207, 29.435], [26.255, 29.435], [26.303, 29.435], [26.351, 29.435], [26.399, 29.435], [26.447, 29.435], [26.494, 29.435], [26.542, 29.435], [26.59, 29.435], [26.638, 29.435], [26.686, 29.435], [26.733, 29.435], [26.781, 29.435], [26.829, 29.435], [26.877, 29.435], [26.925, 29.435], [26.972, 29.435], [27.02, 29.435], [27.068, 29.435], [27.116, 29.435], [27.164, 29.435], [27.211, 29.435], [27.259, 29.393], [27.307, 29.352], [27.355, 29.31], [27.403, 29.268], [27.45, 29.227], [27.498, 29.185], [27.546, 29.143], [27.594, 29.101], [27.642, 29.059], [27.69, 29.018], [27.737, 28.976], [27.785, 28.934], [27.833, 28.892], [27.881, 28.85], [27.929, 28.808], [27.976, 28.767], [28.024, 28.725], [28.072, 28.683], [28.12, 28.641], [28.168, 28.599], [28.215, 28.557], [28.263, 28.515], [28.311, 28.473], [28.359, 28.431], [28.359, 28.389], [28.407, 28.347], [28.407, 28.305], [28.407, 28.262], [28.407, 28.22], [28.407, 28.178], [28.407, 28.136], [28.407, 28.094], [28.407, 28.052], [28.407, 28.01], [28.407, 27.967], [28.454, 27.925], [28.502, 27.925], [28.55, 27.925], [28.598, 27.883], [28.646, 27.841], [28.693, 27.798], [28.741, 27.756], [28.789, 27.714], [28.837, 27.671], [28.885, 27.629], [28.885, 27.629]]}, "properties": {"route_id": "RT_017", "nom": "Aktrik-khem ↔ Dimlāš", "origine": "LUR_AKTRIK-KHEM_NO", "destination": "LUR_ABNAQIL_NE", "modes_declares": "[\"fluvial\", \"maritime_cabotage\"]", "longueur_km": 3776, "km_par_milieu": "{\"mer Halakhel\": 3730, \"fleuve (aval)\": 13, \"terre\": 26}", "km_hors_modes_declares": "{\"terre\": 21}", "ruptures_de_charge": 2, "duree_jours": 52.0, "altitude_max_m": 30, "denivele_positif_m": 59, "cols_franchis": "[]", "mois_ouverts": null, "milieux_km": "{\"plaine_alluviale\": 27}", "facies_km": "{\"Hiver de Vapeur\": 41}", "trouees": "[]", "via": "[]", "vol_oiseau_km": 3422, "statut": "tracé"}}, {"type": "Feature", "geometry": {"type": "LineString", "coordinates": [[0.344, 25.707], [0.296, 25.75], [0.296, 25.793], [0.296, 25.836], [0.248, 25.879], [0.248, 25.922], [0.2, 25.965], [0.2, 26.008], [0.2, 26.051], [0.153, 26.094], [0.105, 26.137], [0.057, 26.18], [0.009, 26.222], [-0.039, 26.265], [-0.086, 26.308], [-0.134, 26.351], [-0.182, 26.394], [-0.23, 26.437], [-0.278, 26.479], [-0.326, 26.522], [-0.373, 26.565], [-0.421, 26.608], [-0.469, 26.65], [-0.517, 26.693], [-0.565, 26.736], [-0.612, 26.779], [-0.66, 26.821], [-0.708, 26.864], [-0.756, 26.907], [-0.804, 26.907], [-0.851, 26.907], [-0.899, 26.907], [-0.947, 26.907], [-0.995, 26.907], [-1.043, 26.907], [-1.09, 26.907], [-1.138, 26.907], [-1.186, 26.907], [-1.234, 26.907], [-1.282, 26.907], [-1.329, 26.907], [-1.377, 26.907], [-1.425, 26.907], [-1.473, 26.907], [-1.521, 26.907], [-1.569, 26.907], [-1.616, 26.907], [-1.664, 26.907], [-1.712, 26.907], [-1.76, 26.907], [-1.808, 26.907], [-1.855, 26.907], [-1.903, 26.907], [-1.951, 26.907], [-1.999, 26.907], [-2.047, 26.907], [-2.094, 26.907], [-2.142, 26.907], [-2.19, 26.907], [-2.238, 26.907], [-2.286, 26.907], [-2.333, 26.907], [-2.381, 26.907], [-2.429, 26.907], [-2.477, 26.907], [-2.525, 26.907], [-2.572, 26.907], [-2.62, 26.907], [-2.668, 26.907], [-2.716, 26.907], [-2.764, 26.907], [-2.812, 26.907], [-2.859, 26.907], [-2.907, 26.907], [-2.955, 26.907], [-3.003, 26.907], [-3.051, 26.907], [-3.098, 26.949], [-3.146, 26.992], [-3.146, 27.034], [-3.194, 27.077], [-3.194, 27.12], [-3.194, 27.162], [-3.194, 27.205], [-3.194, 27.247], [-3.194, 27.29], [-3.242, 27.332], [-3.29, 27.375], [-3.337, 27.417], [-3.385, 27.459], [-3.433, 27.502], [-3.481, 27.544], [-3.529, 27.587], [-3.576, 27.629], [-3.624, 27.671], [-3.672, 27.714], [-3.72, 27.756], [-3.768, 27.798], [-3.815, 27.841], [-3.863, 27.883], [-3.911, 27.925], [-3.959, 27.967], [-4.007, 27.967], [-4.055, 27.967], [-4.102, 27.967], [-4.15, 27.967], [-4.198, 27.967], [-4.246, 27.967], [-4.294, 27.967], [-4.341, 27.967], [-4.389, 27.967], [-4.437, 27.967], [-4.485, 27.967], [-4.533, 27.967], [-4.58, 27.967], [-4.628, 27.967], [-4.676, 27.967], [-4.724, 27.967], [-4.772, 27.967], [-4.819, 27.967], [-4.867, 27.967], [-4.915, 27.967], [-4.963, 27.967], [-5.011, 27.967], [-5.058, 27.967], [-5.106, 27.967], [-5.154, 27.967], [-5.202, 27.967], [-5.25, 27.967], [-5.297, 27.967], [-5.345, 27.967], [-5.393, 27.967], [-5.441, 27.967], [-5.489, 27.967], [-5.537, 27.967], [-5.584, 27.967], [-5.632, 27.967], [-5.68, 27.967], [-5.728, 27.967], [-5.776, 27.967], [-5.823, 27.967], [-5.871, 27.967], [-5.919, 27.967], [-5.967, 27.967], [-6.015, 27.967], [-6.062, 28.01], [-6.11, 28.052], [-6.158, 28.052], [-6.206, 28.052], [-6.254, 28.094], [-6.301, 28.094], [-6.349, 28.136], [-6.397, 28.136], [-6.445, 28.136], [-6.493, 28.136], [-6.54, 28.136], [-6.588, 28.136], [-6.636, 28.136], [-6.684, 28.178], [-6.732, 28.178], [-6.78, 28.178], [-6.827, 28.178], [-6.875, 28.178], [-6.923, 28.178], [-6.971, 28.178], [-7.019, 28.178], [-7.066, 28.22], [-7.114, 28.22], [-7.162, 28.22], [-7.21, 28.22], [-7.258, 28.22], [-7.305, 28.262], [-7.353, 28.305], [-7.401, 28.305], [-7.449, 28.305], [-7.497, 28.347], [-7.544, 28.389], [-7.592, 28.431], [-7.64, 28.473], [-7.688, 28.515], [-7.736, 28.557], [-7.783, 28.599], [-7.831, 28.641], [-7.879, 28.683], [-7.927, 28.725], [-7.975, 28.767], [-8.023, 28.808], [-8.07, 28.85], [-8.118, 28.892], [-8.166, 28.934], [-8.214, 28.976], [-8.262, 29.018], [-8.309, 29.059], [-8.357, 29.101], [-8.405, 29.143], [-8.453, 29.185], [-8.501, 29.227], [-8.548, 29.268], [-8.596, 29.31], [-8.644, 29.352], [-8.692, 29.393], [-8.74, 29.435], [-8.787, 29.477], [-8.835, 29.477], [-8.883, 29.477], [-8.931, 29.518], [-8.979, 29.56], [-9.026, 29.601], [-9.074, 29.643], [-9.122, 29.684], [-9.17, 29.726], [-9.218, 29.767], [-9.265, 29.809], [-9.313, 29.85], [-9.361, 29.892], [-9.361, 29.933], [-9.409, 29.975], [-9.457, 30.016], [-9.505, 30.058], [-9.552, 30.099], [-9.552, 30.099]]}, "properties": {"route_id": "RT_018", "nom": "Imekh-stom ↔ Khloreth-klam", "origine": "LUR_IMEKH-STOM_NO", "destination": "LUR_KHLORETH-KLAM_NO", "modes_declares": "[\"maritime_cabotage\", \"terrestre_portage\"]", "longueur_km": 1209, "km_par_milieu": "{\"mer Halakhel\": 920, \"terre\": 286}", "km_hors_modes_declares": "{}", "ruptures_de_charge": 1, "duree_jours": 27.0, "altitude_max_m": 1232, "denivele_positif_m": 1461, "cols_franchis": "[]", "mois_ouverts": null, "milieux_km": "{\"steppe_piemont\": 145, \"fourre_cotier_sec\": 57, \"foret_montagne\": 48}", "facies_km": "{\"hiver pluvieux tempéré\": 125, \"Hiver Gris\": 85, \"Hiver Jaune\": 59}", "trouees": "[]", "via": "[]", "vol_oiseau_km": 1090, "statut": "tracé"}}, {"type": "Feature", "geometry": {"type": "LineString", "coordinates": [[35.434, 8.607], [35.386, 8.607], [35.339, 8.654], [35.291, 8.702], [35.291, 8.702]]}, "properties": {"route_id": "RT_019", "nom": "Q'usa-||ema ↔ Ts'idar-ré", "origine": "GEO_COL_016", "destination": "LUR_TSIDAR-RE_SE", "modes_declares": "[\"col_haute_altitude\"]", "longueur_km": 20, "km_par_milieu": "{\"terre\": 20}", "km_hors_modes_declares": "{}", "ruptures_de_charge": 0, "duree_jours": 1.3, "altitude_max_m": 2192, "denivele_positif_m": 115, "cols_franchis": "[\"Q'usa-||ema (016, 2100 m)\"]", "mois_ouverts": "avr → nov", "milieux_km": "{\"foret_montagne\": 20}", "facies_km": "{\"Hiver Gris\": 20}", "trouees": "[]", "via": "[]", "vol_oiseau_km": 20, "statut": "tracé"}}, {"type": "Feature", "geometry": {"type": "LineString", "coordinates": [[-4.963, 5.19], [-4.867, 5.095], [-4.772, 5.095], [-4.676, 5.095], [-4.58, 5.095], [-4.485, 5.095], [-4.389, 5.095], [-4.294, 5.095], [-4.198, 5.095], [-4.102, 5.095], [-4.007, 5.095], [-3.911, 5.095], [-3.815, 5.095], [-3.72, 5.095], [-3.624, 5.095], [-3.529, 5.095], [-3.433, 5.095], [-3.337, 5.095], [-3.242, 5.095], [-3.146, 5.048], [-3.051, 5.0], [-2.955, 4.952], [-2.859, 4.952], [-2.764, 4.952], [-2.668, 4.905], [-2.572, 4.905], [-2.477, 4.857], [-2.381, 4.857], [-2.286, 4.809], [-2.19, 4.762], [-2.094, 4.667], [-1.999, 4.667], [-1.903, 4.714], [-1.808, 4.762], [-1.712, 4.857], [-1.616, 4.905], [-1.521, 4.952], [-1.425, 5.0], [-1.329, 5.0], [-1.234, 5.048], [-1.138, 5.095], [-1.043, 5.095], [-0.947, 5.095], [-0.851, 5.143], [-0.756, 5.19], [-0.66, 5.238], [-0.565, 5.286], [-0.469, 5.333], [-0.373, 5.381], [-0.278, 5.428], [-0.182, 5.476], [-0.086, 5.524], [0.009, 5.571], [0.105, 5.619], [0.2, 5.666], [0.296, 5.666], [0.392, 5.666], [0.487, 5.666], [0.583, 5.666], [0.678, 5.666], [0.774, 5.666], [0.87, 5.714], [0.965, 5.762], [1.061, 5.857], [1.156, 5.952], [1.252, 5.999], [1.348, 5.999], [1.443, 5.999], [1.539, 5.999], [1.635, 5.999], [1.73, 5.999], [1.826, 5.999], [1.921, 5.999], [2.017, 5.999], [2.113, 5.999], [2.208, 5.999], [2.304, 5.999], [2.399, 5.999], [2.495, 5.999], [2.591, 5.999], [2.686, 5.999], [2.782, 5.999], [2.878, 5.999], [2.973, 5.999], [3.069, 5.999], [3.164, 5.999], [3.26, 5.999], [3.356, 5.999], [3.451, 5.999], [3.547, 5.999], [3.642, 5.999], [3.738, 5.999], [3.834, 5.999], [3.929, 5.999], [4.025, 5.999], [4.121, 5.999], [4.216, 5.999], [4.312, 5.952], [4.407, 5.857], [4.503, 5.762], [4.599, 5.666], [4.694, 5.571], [4.79, 5.476], [4.885, 5.381], [4.981, 5.286], [5.077, 5.19], [5.172, 5.095], [5.268, 5.0], [5.364, 4.905], [5.411, 4.809], [5.459, 4.714], [5.507, 4.619], [5.555, 4.524], [5.65, 4.428], [5.746, 4.333], [5.842, 4.285], [5.937, 4.238], [6.033, 4.142], [6.128, 4.142], [6.224, 4.142], [6.32, 4.142], [6.415, 4.142], [6.511, 4.142], [6.607, 4.142], [6.702, 4.142], [6.798, 4.142], [6.893, 4.142], [6.989, 4.142], [7.085, 4.142], [7.18, 4.142], [7.276, 4.142], [7.371, 4.142], [7.467, 4.142], [7.563, 4.142], [7.658, 4.142], [7.754, 4.142], [7.85, 4.142], [7.945, 4.142], [8.041, 4.142], [8.136, 4.142], [8.232, 4.142], [8.328, 4.142], [8.423, 4.142], [8.519, 4.142], [8.614, 4.142], [8.71, 4.142], [8.806, 4.142], [8.901, 4.142], [8.997, 4.047], [9.092, 3.999], [9.188, 3.904], [9.284, 3.904], [9.379, 3.856], [9.475, 3.856], [9.571, 3.951], [9.666, 4.047], [9.762, 4.142], [9.857, 4.238], [9.953, 4.333], [10.049, 4.428], [10.144, 4.524], [10.24, 4.619], [10.335, 4.714], [10.431, 4.809], [10.527, 4.905], [10.622, 5.0], [10.718, 5.095], [10.814, 5.19], [10.909, 5.286], [11.005, 5.286], [11.1, 5.381], [11.196, 5.381], [11.292, 5.476], [11.387, 5.571], [11.483, 5.619], [11.578, 5.619], [11.674, 5.666], [11.77, 5.666], [11.865, 5.762], [11.961, 5.857], [12.057, 5.952], [12.152, 6.047], [12.248, 6.094], [12.343, 6.189], [12.439, 6.284], [12.535, 6.38], [12.63, 6.427], [12.726, 6.522], [12.821, 6.522], [12.917, 6.57], [13.013, 6.57], [13.108, 6.57], [13.204, 6.665], [13.3, 6.665], [13.395, 6.665], [13.491, 6.665], [13.586, 6.665], [13.682, 6.665], [13.778, 6.665], [13.873, 6.712], [13.969, 6.712], [14.064, 6.712], [14.16, 6.712], [14.256, 6.712], [14.351, 6.712], [14.447, 6.712], [14.543, 6.712], [14.638, 6.712], [14.734, 6.759], [14.829, 6.759], [14.925, 6.854], [15.021, 6.854], [15.116, 6.854], [15.212, 6.902], [15.307, 6.902], [15.403, 6.902], [15.499, 6.902], [15.594, 6.949], [15.69, 6.949], [15.786, 6.997], [15.881, 6.997], [15.977, 6.997], [16.072, 6.997], [16.168, 6.997], [16.264, 6.997], [16.359, 6.997], [16.455, 6.997], [16.55, 6.997], [16.646, 7.044], [16.742, 7.044], [16.837, 7.092], [16.933, 7.187], [17.028, 7.187], [17.124, 7.187], [17.22, 7.187], [17.315, 7.234], [17.411, 7.234], [17.507, 7.281], [17.602, 7.281], [17.698, 7.281], [17.793, 7.281], [17.889, 7.281], [17.985, 7.281], [18.08, 7.329], [18.176, 7.329], [18.271, 7.376], [18.367, 7.376], [18.463, 7.376], [18.558, 7.376], [18.654, 7.376], [18.75, 7.376], [18.845, 7.376], [18.941, 7.376], [19.036, 7.424], [19.132, 7.424], [19.228, 7.424], [19.323, 7.471], [19.419, 7.518], [19.514, 7.518], [19.61, 7.518], [19.706, 7.566], [19.801, 7.566], [19.897, 7.566], [19.993, 7.566], [20.088, 7.566], [20.184, 7.566], [20.279, 7.566], [20.375, 7.566], [20.471, 7.613], [20.566, 7.613], [20.662, 7.613], [20.757, 7.613], [20.853, 7.613], [20.949, 7.613], [21.044, 7.613], [21.14, 7.613], [21.236, 7.613], [21.331, 7.613], [21.427, 7.613], [21.522, 7.613], [21.618, 7.613], [21.714, 7.613], [21.809, 7.613], [21.905, 7.613], [22.0, 7.613], [22.096, 7.613], [22.192, 7.613], [22.287, 7.613], [22.383, 7.708], [22.479, 7.755], [22.574, 7.803], [22.67, 7.85], [22.765, 7.945], [22.861, 7.992], [22.957, 7.992], [23.052, 7.992], [23.148, 7.992], [23.243, 7.992], [23.339, 7.992], [23.435, 7.992], [23.53, 7.992], [23.626, 7.992], [23.722, 7.992], [23.817, 7.992], [23.913, 7.992], [24.008, 7.992], [24.104, 7.992], [24.2, 7.992], [24.295, 7.992], [24.391, 7.992], [24.486, 7.992], [24.582, 7.992], [24.678, 7.992], [24.773, 7.992], [24.869, 7.992], [24.964, 7.992], [25.06, 7.992], [25.156, 7.992], [25.251, 7.992], [25.347, 7.992], [25.443, 7.992], [25.538, 7.992], [25.634, 7.992], [25.729, 7.992], [25.825, 7.992], [25.921, 7.992], [26.016, 8.039], [26.112, 8.134], [26.207, 8.229], [26.303, 8.229], [26.399, 8.229], [26.494, 8.229], [26.59, 8.276], [26.638, 8.371], [26.686, 8.465], [26.781, 8.56], [26.877, 8.654], [26.972, 8.749], [27.02, 8.843], [27.116, 8.938], [27.211, 9.032], [27.307, 9.032], [27.403, 9.127], [27.498, 9.221], [27.594, 9.315], [27.69, 9.41], [27.785, 9.504], [27.881, 9.598], [27.976, 9.693], [28.072, 9.693], [28.168, 9.693], [28.263, 9.693], [28.359, 9.693], [28.454, 9.74], [28.55, 9.834], [28.646, 9.928], [28.741, 10.022], [28.837, 10.022], [28.932, 10.117], [29.028, 10.211], [29.124, 10.258], [29.219, 10.352], [29.315, 10.446], [29.411, 10.54], [29.506, 10.634], [29.602, 10.728], [29.697, 10.775], [29.793, 10.822], [29.889, 10.822], [29.984, 10.822], [30.08, 10.869], [30.175, 10.869], [30.271, 10.869], [30.367, 10.916], [30.462, 10.916], [30.558, 10.916], [30.654, 10.916], [30.749, 10.916], [30.845, 10.916], [30.94, 10.916], [31.036, 10.869], [31.132, 10.869], [31.227, 10.869], [31.323, 10.869], [31.418, 10.869], [31.514, 10.869], [31.61, 10.869], [31.705, 10.869], [31.801, 10.869], [31.897, 10.869], [31.992, 10.822], [32.088, 10.822], [32.183, 10.822], [32.279, 10.822], [32.375, 10.822], [32.47, 10.822], [32.566, 10.822], [32.661, 10.822], [32.757, 10.822], [32.853, 10.822], [32.948, 10.822], [33.044, 10.822], [33.14, 10.775], [33.235, 10.728], [33.331, 10.634], [33.426, 10.54], [33.522, 10.493], [33.618, 10.399], [33.713, 10.352], [33.809, 10.258], [33.904, 10.164], [34.0, 10.069], [34.096, 9.975], [34.096, 9.881], [34.191, 9.787], [34.287, 9.693], [34.383, 9.598], [34.478, 9.504], [34.574, 9.41], [34.669, 9.315], [34.765, 9.221], [34.861, 9.127], [34.956, 9.032], [35.052, 8.938], [35.147, 8.843], [35.243, 8.749], [35.291, 8.702]]}, "properties": {"route_id": "RT_020", "nom": "Kù-kèdà yì Mù-Kíri ↔ Ts'idar-ré", "origine": "AUX_KUKEDA-MUKIRI", "destination": "LUR_TSIDAR-RE_SE", "modes_declares": "[\"col_haute_altitude\", \"maritime_cabotage\"]", "longueur_km": 5078, "km_par_milieu": "{\"océan\": 1811, \"lac\": 505, \"terre\": 2753}", "km_hors_modes_declares": "{}", "ruptures_de_charge": 3, "duree_jours": 189.0, "altitude_max_m": 2309, "denivele_positif_m": 8654, "cols_franchis": "[\"P'etsul-!ama (013, 2600 m)\"]", "mois_ouverts": "mai → oct", "milieux_km": "{\"herbage_arbore\": 1796, \"steppe_piemont\": 405, \"foret_tropicale_humide\": 335, \"foret_montagne\": 201, \"foret_berge\": 21}", "facies_km": "{\"hors |'Arin\": 2680, \"Hiver Gris\": 78}", "trouees": "[\"TRO_02\", \"TRO_04\"]", "via": "[]", "vol_oiseau_km": 4463, "statut": "tracé"}}, {"type": "Feature", "geometry": {"type": "LineString", "coordinates": [[37.872, 10.634], [37.872, 10.681], [37.825, 10.728], [37.825, 10.775], [37.825, 10.822], [37.825, 10.869], [37.825, 10.916], [37.825, 10.963], [37.825, 11.009], [37.825, 11.056], [37.825, 11.103], [37.825, 11.15], [37.825, 11.197], [37.825, 11.244], [37.777, 11.291], [37.729, 11.338], [37.681, 11.385], [37.633, 11.432], [37.586, 11.478], [37.538, 11.525], [37.49, 11.572], [37.442, 11.619], [37.394, 11.666], [37.394, 11.713], [37.394, 11.759], [37.394, 11.806], [37.394, 11.853], [37.347, 11.9], [37.347, 11.946], [37.299, 11.993], [37.251, 12.04], [37.203, 12.087], [37.155, 12.134], [37.108, 12.18], [37.06, 12.227], [37.012, 12.274], [37.012, 12.32], [36.964, 12.367], [36.916, 12.414], [36.916, 12.46], [36.868, 12.507], [36.821, 12.554], [36.773, 12.6], [36.725, 12.647], [36.677, 12.694], [36.629, 12.74], [36.629, 12.787], [36.582, 12.834], [36.534, 12.88], [36.534, 12.927], [36.534, 12.973], [36.486, 13.02], [36.438, 13.067], [36.39, 13.113], [36.39, 13.16], [36.343, 13.206], [36.343, 13.253], [36.343, 13.299], [36.343, 13.346], [36.343, 13.392], [36.343, 13.439], [36.343, 13.485], [36.343, 13.532], [36.343, 13.578], [36.295, 13.625], [36.295, 13.671], [36.247, 13.718], [36.199, 13.764], [36.151, 13.811], [36.151, 13.857], [36.104, 13.903], [36.056, 13.95], [36.056, 13.996], [36.008, 14.043], [35.96, 14.089], [35.96, 14.135], [35.912, 14.182], [35.912, 14.228], [35.912, 14.274], [35.865, 14.321], [35.817, 14.367], [35.817, 14.413], [35.817, 14.46], [35.817, 14.506], [35.817, 14.552], [35.817, 14.598], [35.817, 14.645], [35.817, 14.691], [35.817, 14.737], [35.817, 14.783], [35.817, 14.83], [35.817, 14.876], [35.817, 14.922], [35.817, 14.968], [35.817, 15.014], [35.817, 15.061], [35.817, 15.107], [35.817, 15.153], [35.817, 15.199], [35.817, 15.245], [35.817, 15.291], [35.769, 15.337], [35.769, 15.384], [35.769, 15.43], [35.721, 15.476], [35.673, 15.522], [35.673, 15.568], [35.626, 15.614], [35.626, 15.66], [35.626, 15.706], [35.626, 15.752], [35.626, 15.798], [35.578, 15.844], [35.578, 15.89], [35.578, 15.936], [35.578, 15.982], [35.578, 16.028], [35.578, 16.074], [35.578, 16.12], [35.578, 16.166], [35.578, 16.212], [35.578, 16.257], [35.578, 16.303], [35.578, 16.349], [35.578, 16.395], [35.578, 16.441], [35.578, 16.487], [35.578, 16.533], [35.578, 16.578], [35.578, 16.624], [35.578, 16.67], [35.578, 16.716], [35.578, 16.762], [35.578, 16.807], [35.578, 16.853], [35.53, 16.899], [35.53, 16.945], [35.53, 16.99], [35.53, 17.036], [35.53, 17.082], [35.482, 17.127], [35.434, 17.173], [35.434, 17.219], [35.434, 17.264], [35.386, 17.31], [35.386, 17.356], [35.386, 17.401], [35.386, 17.447], [35.386, 17.493], [35.386, 17.538], [35.386, 17.584], [35.386, 17.629], [35.339, 17.675], [35.291, 17.72], [35.291, 17.766], [35.291, 17.812], [35.291, 17.857], [35.243, 17.903], [35.243, 17.948], [35.243, 17.993], [35.195, 18.039], [35.195, 18.084], [35.147, 18.13], [35.1, 18.175], [35.052, 18.221], [35.004, 18.266], [34.956, 18.311], [34.956, 18.357], [34.956, 18.402], [34.956, 18.448], [34.956, 18.493], [34.908, 18.538], [34.861, 18.584], [34.861, 18.629], [34.813, 18.674], [34.765, 18.719], [34.717, 18.765], [34.717, 18.81], [34.717, 18.855], [34.717, 18.9], [34.669, 18.946], [34.622, 18.991], [34.574, 19.036], [34.526, 19.081], [34.478, 19.126], [34.43, 19.172], [34.383, 19.217], [34.335, 19.262], [34.287, 19.307], [34.239, 19.352], [34.191, 19.397], [34.143, 19.442], [34.143, 19.487], [34.096, 19.532], [34.048, 19.578], [34.0, 19.623], [33.952, 19.668], [33.904, 19.713], [33.904, 19.758], [33.904, 19.803], [33.904, 19.848], [33.857, 19.893], [33.809, 19.937], [33.761, 19.982], [33.713, 20.027], [33.713, 20.072], [33.665, 20.117], [33.618, 20.162], [33.57, 20.207], [33.522, 20.252], [33.474, 20.297], [33.426, 20.341], [33.379, 20.386], [33.331, 20.431], [33.331, 20.476], [33.331, 20.521], [33.331, 20.565], [33.331, 20.61], [33.331, 20.655], [33.283, 20.7], [33.283, 20.744], [33.283, 20.789], [33.283, 20.834], [33.283, 20.878], [33.283, 20.923], [33.283, 20.968], [33.283, 21.012], [33.283, 21.057], [33.283, 21.102], [33.283, 21.146], [33.283, 21.191], [33.283, 21.235], [33.283, 21.28], [33.283, 21.324], [33.283, 21.369], [33.283, 21.413], [33.283, 21.458], [33.283, 21.502], [33.283, 21.547], [33.283, 21.591], [33.283, 21.636], [33.283, 21.68], [33.283, 21.725], [33.283, 21.769], [33.283, 21.813], [33.283, 21.858], [33.283, 21.902], [33.283, 21.947], [33.283, 21.991], [33.235, 22.035], [33.235, 22.08], [33.235, 22.124], [33.235, 22.168], [33.235, 22.212], [33.235, 22.257], [33.235, 22.301], [33.235, 22.345], [33.235, 22.389], [33.235, 22.433], [33.235, 22.478], [33.235, 22.522], [33.235, 22.566], [33.235, 22.61], [33.235, 22.654], [33.235, 22.698], [33.235, 22.742], [33.187, 22.787], [33.14, 22.831], [33.092, 22.875], [33.044, 22.919], [32.996, 22.963], [32.948, 23.007], [32.948, 23.051], [32.948, 23.095], [32.948, 23.139], [32.948, 23.183], [32.9, 23.227], [32.853, 23.271], [32.853, 23.314], [32.853, 23.358], [32.805, 23.402], [32.757, 23.446], [32.709, 23.49], [32.661, 23.534], [32.614, 23.578], [32.614, 23.621], [32.566, 23.665], [32.518, 23.709], [32.47, 23.753], [32.422, 23.796], [32.375, 23.84], [32.327, 23.884], [32.279, 23.928], [32.231, 23.971], [32.183, 24.015], [32.183, 24.059], [32.136, 24.102], [32.088, 24.146], [32.088, 24.19], [32.088, 24.233], [32.04, 24.277], [31.992, 24.32], [31.944, 24.364], [31.897, 24.407], [31.849, 24.451], [31.801, 24.494], [31.753, 24.538], [31.705, 24.581], [31.658, 24.625], [31.61, 24.668], [31.562, 24.712], [31.562, 24.755], [31.514, 24.799], [31.514, 24.842], [31.466, 24.885], [31.418, 24.929], [31.418, 24.972], [31.418, 25.015], [31.418, 25.059], [31.418, 25.102], [31.371, 25.145], [31.323, 25.189], [31.275, 25.232], [31.227, 25.275], [31.179, 25.318], [31.132, 25.362], [31.084, 25.405], [31.036, 25.448], [31.036, 25.491], [31.036, 25.534], [31.036, 25.577], [30.988, 25.62], [30.988, 25.664], [30.94, 25.707], [30.893, 25.75], [30.845, 25.793], [30.845, 25.836], [30.845, 25.879], [30.797, 25.922], [30.749, 25.965], [30.701, 26.008], [30.654, 26.051], [30.606, 26.094], [30.558, 26.137], [30.51, 26.18], [30.462, 26.222], [30.415, 26.265], [30.367, 26.308], [30.319, 26.351], [30.271, 26.394], [30.223, 26.437], [30.175, 26.479], [30.128, 26.522], [30.08, 26.565], [30.032, 26.608], [29.984, 26.65], [29.936, 26.693], [29.889, 26.736], [29.841, 26.779], [29.793, 26.821], [29.745, 26.864], [29.697, 26.907], [29.65, 26.949], [29.602, 26.992], [29.554, 27.034], [29.506, 27.077], [29.458, 27.12], [29.411, 27.162], [29.363, 27.205], [29.315, 27.247], [29.267, 27.29], [29.219, 27.332], [29.172, 27.375], [29.124, 27.417], [29.076, 27.459], [29.028, 27.502], [28.98, 27.544], [28.932, 27.587], [28.885, 27.629], [28.885, 27.629]]}, "properties": {"route_id": "RT_021", "nom": "|'Urum-‖Sek ↔ Dimlāš", "origine": "LUR_UKH-SEK_CENTRE", "destination": "LUR_ABNAQIL_NE", "modes_declares": "[\"col_haute_altitude\", \"terrestre_caravane\"]", "longueur_km": 2269, "km_par_milieu": "{\"terre\": 2269}", "km_hors_modes_declares": "{}", "ruptures_de_charge": 0, "duree_jours": 76.0, "altitude_max_m": 3216, "denivele_positif_m": 1581, "cols_franchis": "[]", "mois_ouverts": null, "milieux_km": "{\"desert_pierreux\": 1520, \"steppe_piemont\": 335, \"plaine_alluviale\": 249, \"herbage_arbore\": 118, \"prairie_altitude\": 28}", "facies_km": "{\"hors |'Arin\": 1639, \"Hiver Jaune\": 552, \"Hiver Gris\": 72}", "trouees": "[]", "via": "[]", "vol_oiseau_km": 2099, "statut": "tracé"}}, {"type": "Feature", "geometry": {"type": "LineString", "coordinates": [[28.407, 28.431], [28.359, 28.473], [28.359, 28.515], [28.359, 28.557], [28.359, 28.599], [28.359, 28.641], [28.359, 28.683], [28.359, 28.725], [28.359, 28.767], [28.359, 28.808], [28.359, 28.85], [28.359, 28.892], [28.359, 28.934], [28.359, 28.976], [28.359, 29.018], [28.311, 29.059], [28.311, 29.101], [28.311, 29.143], [28.263, 29.185], [28.215, 29.227], [28.168, 29.268], [28.168, 29.31], [28.168, 29.31]]}, "properties": {"route_id": "RT_022", "nom": "Qūrāš-Ṣafīḥ ↔ Ḥamaḍ-Rās", "origine": "AUX_QURASH-SAFIH", "destination": "ZRS_HAMAD-RAS_NE", "modes_declares": "[\"maritime_cabotage\"]", "longueur_km": 107, "km_par_milieu": "{\"mer Halakhel\": 102, \"terre\": 2}", "km_hors_modes_declares": "{}", "ruptures_de_charge": 1, "duree_jours": 1.9, "altitude_max_m": 26, "denivele_positif_m": 0, "cols_franchis": "[]", "mois_ouverts": null, "milieux_km": "{}", "facies_km": "{}", "trouees": "[]", "via": "[]", "vol_oiseau_km": 99, "statut": "tracé"}}, {"type": "Feature", "geometry": {"type": "LineString", "coordinates": [[14.064, 25.189], [14.112, 25.232], [14.16, 25.232], [14.208, 25.275], [14.256, 25.318], [14.303, 25.362], [14.351, 25.405], [14.399, 25.448], [14.447, 25.491], [14.495, 25.534], [14.543, 25.577], [14.59, 25.62], [14.638, 25.62], [14.686, 25.62], [14.734, 25.62], [14.782, 25.62], [14.829, 25.664], [14.877, 25.707], [14.925, 25.75], [14.973, 25.793], [15.021, 25.836], [15.068, 25.879], [15.116, 25.922], [15.164, 25.965], [15.212, 26.008], [15.26, 26.051], [15.307, 26.094], [15.355, 26.137], [15.403, 26.18], [15.403, 26.222], [15.451, 26.265], [15.499, 26.308], [15.546, 26.351], [15.594, 26.394], [15.642, 26.437], [15.69, 26.479], [15.738, 26.522], [15.786, 26.565], [15.833, 26.608], [15.881, 26.65], [15.929, 26.693], [15.977, 26.736], [16.025, 26.779], [16.072, 26.821], [16.12, 26.864], [16.168, 26.907], [16.216, 26.949], [16.264, 26.992], [16.311, 27.034], [16.359, 27.077], [16.407, 27.12], [16.455, 27.162], [16.503, 27.205], [16.55, 27.247], [16.598, 27.29], [16.646, 27.332], [16.694, 27.375], [16.742, 27.417], [16.789, 27.459], [16.837, 27.502], [16.885, 27.544], [16.933, 27.587], [16.981, 27.629], [17.028, 27.671], [17.076, 27.714], [17.124, 27.756], [17.172, 27.798], [17.22, 27.841], [17.268, 27.883], [17.315, 27.925], [17.363, 27.925], [17.411, 27.925], [17.459, 27.925], [17.507, 27.925], [17.554, 27.925], [17.602, 27.925], [17.65, 27.925], [17.698, 27.925], [17.746, 27.925], [17.793, 27.925], [17.841, 27.925], [17.889, 27.925], [17.937, 27.925], [17.985, 27.925], [18.032, 27.925], [18.08, 27.967], [18.128, 28.01], [18.176, 28.052], [18.224, 28.094], [18.271, 28.136], [18.319, 28.178], [18.367, 28.22], [18.415, 28.22], [18.463, 28.262], [18.511, 28.305], [18.558, 28.347], [18.606, 28.389], [18.654, 28.431], [18.702, 28.473], [18.75, 28.515], [18.797, 28.557], [18.845, 28.599], [18.893, 28.641], [18.941, 28.683], [18.989, 28.725], [19.036, 28.767], [19.084, 28.808], [19.132, 28.85], [19.18, 28.892], [19.228, 28.934], [19.275, 28.976], [19.323, 29.018], [19.371, 29.018], [19.419, 29.018], [19.467, 29.018], [19.514, 29.018], [19.562, 29.018], [19.61, 29.018], [19.658, 29.018], [19.706, 29.018], [19.754, 29.018], [19.801, 29.018], [19.849, 29.018], [19.897, 29.018], [19.945, 29.018], [19.993, 29.018], [20.04, 29.018], [20.088, 29.018], [20.136, 29.018], [20.184, 29.018], [20.232, 29.018], [20.279, 29.018], [20.327, 29.018], [20.375, 29.018], [20.423, 29.018], [20.471, 29.018], [20.518, 29.018], [20.566, 29.018], [20.614, 29.018], [20.662, 29.018], [20.71, 29.018], [20.757, 29.018], [20.805, 29.018], [20.853, 29.018], [20.901, 29.018], [20.949, 29.018], [20.996, 29.018], [21.044, 29.059], [21.092, 29.101], [21.14, 29.143], [21.188, 29.185], [21.236, 29.227], [21.283, 29.268], [21.331, 29.31], [21.379, 29.31], [21.427, 29.31], [21.475, 29.31], [21.522, 29.31], [21.57, 29.31], [21.618, 29.31], [21.666, 29.31], [21.714, 29.31], [21.761, 29.31], [21.809, 29.31], [21.857, 29.31], [21.905, 29.31], [21.953, 29.31], [22.0, 29.31], [22.048, 29.31], [22.096, 29.31], [22.144, 29.31], [22.192, 29.31], [22.239, 29.31], [22.287, 29.31], [22.335, 29.31], [22.383, 29.31], [22.431, 29.31], [22.479, 29.31], [22.526, 29.31], [22.574, 29.31], [22.622, 29.31], [22.67, 29.31], [22.718, 29.31], [22.765, 29.31], [22.813, 29.31], [22.861, 29.31], [22.909, 29.31], [22.957, 29.31], [23.004, 29.31], [23.052, 29.31], [23.1, 29.31], [23.148, 29.31], [23.196, 29.31], [23.243, 29.31], [23.291, 29.31], [23.339, 29.31], [23.387, 29.31], [23.435, 29.31], [23.482, 29.31], [23.53, 29.31], [23.578, 29.31], [23.626, 29.31], [23.674, 29.31], [23.722, 29.31], [23.769, 29.31], [23.817, 29.31], [23.865, 29.31], [23.913, 29.31], [23.961, 29.31], [24.008, 29.31], [24.056, 29.31], [24.104, 29.31], [24.152, 29.31], [24.2, 29.31], [24.247, 29.352], [24.295, 29.352], [24.343, 29.352], [24.391, 29.352], [24.439, 29.352], [24.486, 29.352], [24.534, 29.352], [24.582, 29.352], [24.63, 29.352], [24.678, 29.352], [24.725, 29.352], [24.773, 29.352], [24.821, 29.352], [24.869, 29.352], [24.917, 29.352], [24.964, 29.393], [25.012, 29.435], [25.06, 29.435], [25.108, 29.435], [25.156, 29.435], [25.204, 29.435], [25.251, 29.435], [25.299, 29.435], [25.347, 29.435], [25.395, 29.435], [25.443, 29.435], [25.49, 29.435], [25.538, 29.435], [25.586, 29.435], [25.634, 29.435], [25.682, 29.435], [25.729, 29.435], [25.777, 29.435], [25.825, 29.435], [25.873, 29.435], [25.921, 29.435], [25.968, 29.435], [26.016, 29.435], [26.064, 29.435], [26.112, 29.435], [26.16, 29.435], [26.207, 29.435], [26.255, 29.435], [26.303, 29.435], [26.351, 29.435], [26.399, 29.435], [26.447, 29.435], [26.494, 29.435], [26.542, 29.435], [26.59, 29.435], [26.638, 29.435], [26.686, 29.435], [26.733, 29.435], [26.781, 29.435], [26.829, 29.435], [26.877, 29.435], [26.925, 29.435], [26.972, 29.435], [27.02, 29.435], [27.068, 29.435], [27.116, 29.435], [27.164, 29.435], [27.211, 29.435], [27.259, 29.393], [27.307, 29.352], [27.355, 29.31], [27.403, 29.268], [27.45, 29.227], [27.498, 29.185], [27.546, 29.143], [27.594, 29.101], [27.642, 29.059], [27.69, 29.018], [27.737, 28.976], [27.785, 28.934], [27.833, 28.892], [27.881, 28.85], [27.929, 28.808], [27.976, 28.767], [28.024, 28.725], [28.072, 28.683], [28.12, 28.641], [28.168, 28.599], [28.215, 28.557], [28.263, 28.515], [28.311, 28.473], [28.359, 28.431], [28.359, 28.389], [28.407, 28.347], [28.407, 28.305], [28.407, 28.262], [28.407, 28.22], [28.407, 28.178], [28.407, 28.136], [28.407, 28.094], [28.407, 28.052], [28.407, 28.01], [28.407, 27.967], [28.454, 27.925], [28.502, 27.925], [28.55, 27.925], [28.598, 27.925], [28.646, 27.883], [28.693, 27.883], [28.741, 27.883], [28.789, 27.883], [28.837, 27.841], [28.885, 27.798], [28.885, 27.756], [28.885, 27.714], [28.885, 27.671], [28.885, 27.629], [28.885, 27.629]]}, "properties": {"route_id": "RT_023", "nom": "Tawālmaz ↔ Abnaqil", "origine": "LUR_TAWALMAZ_NE", "destination": "LUR_ABNAQIL_NE", "modes_declares": "[\"maritime_cabotage\"]", "longueur_km": 1769, "km_par_milieu": "{\"mer Halakhel\": 1744, \"terre\": 22}", "km_hors_modes_declares": "{\"terre\": 19}", "ruptures_de_charge": 1, "duree_jours": 24.0, "altitude_max_m": 29, "denivele_positif_m": 26, "cols_franchis": "[]", "mois_ouverts": null, "milieux_km": "{\"plaine_alluviale\": 25}", "facies_km": "{\"Hiver de Vapeur\": 25}", "trouees": "[]", "via": "[]", "vol_oiseau_km": 1503, "statut": "tracé"}}, {"type": "Feature", "geometry": {"type": "LineString", "coordinates": [[4.407, 17.812], [4.455, 17.812], [4.503, 17.812], [4.551, 17.857], [4.599, 17.903], [4.646, 17.948], [4.694, 17.993], [4.742, 18.039], [4.79, 18.084], [4.838, 18.13], [4.885, 18.175], [4.933, 18.221], [4.981, 18.266], [5.029, 18.311], [5.077, 18.357], [5.124, 18.402], [5.172, 18.448], [5.22, 18.448], [5.268, 18.448], [5.316, 18.448], [5.364, 18.448], [5.411, 18.493], [5.459, 18.538], [5.507, 18.584], [5.555, 18.629], [5.603, 18.674], [5.65, 18.719], [5.698, 18.765], [5.746, 18.765], [5.794, 18.765], [5.842, 18.765], [5.889, 18.765], [5.937, 18.765], [5.985, 18.765], [6.033, 18.81], [6.081, 18.855], [6.128, 18.9], [6.176, 18.946], [6.224, 18.991], [6.272, 19.036], [6.32, 19.036], [6.367, 19.081], [6.415, 19.126], [6.463, 19.172], [6.511, 19.217], [6.559, 19.217], [6.607, 19.262], [6.654, 19.262], [6.702, 19.262], [6.75, 19.262], [6.798, 19.262], [6.846, 19.262], [6.893, 19.262], [6.941, 19.262], [6.989, 19.262], [7.037, 19.307], [7.085, 19.352], [7.132, 19.352], [7.18, 19.397], [7.228, 19.397], [7.276, 19.397], [7.324, 19.442], [7.371, 19.442], [7.419, 19.487], [7.467, 19.487], [7.515, 19.487], [7.563, 19.532], [7.61, 19.532], [7.658, 19.532], [7.706, 19.532], [7.754, 19.532], [7.802, 19.532], [7.85, 19.532], [7.897, 19.532], [7.945, 19.532], [7.993, 19.578], [8.041, 19.623], [8.089, 19.623], [8.136, 19.623], [8.184, 19.623], [8.232, 19.623], [8.28, 19.623], [8.328, 19.623], [8.375, 19.623], [8.423, 19.623], [8.471, 19.623], [8.519, 19.623], [8.567, 19.623], [8.614, 19.623], [8.662, 19.623], [8.71, 19.623], [8.758, 19.623], [8.806, 19.623], [8.853, 19.623], [8.901, 19.623], [8.949, 19.623], [8.997, 19.668], [9.045, 19.668], [9.092, 19.713], [9.14, 19.758], [9.188, 19.803], [9.236, 19.848], [9.284, 19.848], [9.332, 19.848], [9.379, 19.848], [9.427, 19.848], [9.475, 19.848], [9.523, 19.848], [9.571, 19.848], [9.618, 19.848], [9.666, 19.848], [9.714, 19.848], [9.762, 19.848], [9.81, 19.848], [9.857, 19.848], [9.905, 19.893], [9.953, 19.937], [10.001, 19.982], [10.049, 20.027], [10.096, 20.072], [10.144, 20.072], [10.192, 20.072], [10.24, 20.072], [10.288, 20.072], [10.335, 20.072], [10.383, 20.072], [10.431, 20.072], [10.479, 20.072], [10.527, 20.072], [10.575, 20.072], [10.622, 20.072], [10.67, 20.117], [10.718, 20.117], [10.766, 20.117], [10.814, 20.117], [10.861, 20.117], [10.909, 20.117], [10.957, 20.117], [11.005, 20.117], [11.053, 20.117], [11.1, 20.117], [11.148, 20.117], [11.196, 20.117], [11.244, 20.117], [11.292, 20.117], [11.339, 20.117], [11.387, 20.162], [11.435, 20.162], [11.483, 20.207], [11.531, 20.252], [11.578, 20.297], [11.626, 20.341], [11.674, 20.386], [11.722, 20.386], [11.77, 20.431], [11.818, 20.431], [11.865, 20.431], [11.913, 20.431], [11.961, 20.431], [12.009, 20.431], [12.057, 20.431], [12.104, 20.431], [12.152, 20.431], [12.2, 20.431], [12.248, 20.476], [12.296, 20.521], [12.343, 20.565], [12.391, 20.61], [12.439, 20.655], [12.487, 20.7], [12.535, 20.7], [12.582, 20.744], [12.63, 20.789], [12.678, 20.789], [12.726, 20.789], [12.774, 20.789], [12.821, 20.789], [12.869, 20.834], [12.917, 20.878], [12.965, 20.878], [13.013, 20.923], [13.06, 20.968], [13.108, 21.012], [13.156, 21.057], [13.204, 21.102], [13.252, 21.146], [13.3, 21.146], [13.347, 21.146], [13.395, 21.146], [13.443, 21.146], [13.491, 21.191], [13.539, 21.191], [13.586, 21.235], [13.634, 21.28], [13.682, 21.324], [13.73, 21.369], [13.778, 21.413], [13.825, 21.458], [13.873, 21.502], [13.921, 21.547], [13.969, 21.591], [14.017, 21.636], [14.064, 21.68], [14.112, 21.725], [14.16, 21.769], [14.208, 21.769], [14.256, 21.813], [14.303, 21.813], [14.351, 21.813], [14.399, 21.813], [14.447, 21.813], [14.495, 21.813], [14.543, 21.813], [14.59, 21.858], [14.638, 21.902], [14.686, 21.947], [14.734, 21.991], [14.782, 22.035], [14.829, 22.08], [14.877, 22.124], [14.925, 22.168], [14.973, 22.212], [15.021, 22.257], [15.068, 22.301], [15.116, 22.301], [15.164, 22.301], [15.212, 22.301], [15.26, 22.301], [15.307, 22.301], [15.355, 22.345], [15.403, 22.345], [15.451, 22.345], [15.499, 22.345], [15.546, 22.345], [15.594, 22.345], [15.642, 22.345], [15.69, 22.345], [15.738, 22.345], [15.786, 22.345], [15.833, 22.345], [15.881, 22.345], [15.929, 22.345], [15.977, 22.345], [16.025, 22.345], [16.072, 22.345], [16.12, 22.345], [16.168, 22.345], [16.216, 22.345], [16.264, 22.389], [16.311, 22.389], [16.359, 22.389], [16.407, 22.389], [16.455, 22.389], [16.503, 22.389], [16.55, 22.433], [16.598, 22.433], [16.646, 22.433], [16.694, 22.433], [16.742, 22.433], [16.789, 22.433], [16.837, 22.433], [16.885, 22.478], [16.933, 22.522], [16.981, 22.522], [17.028, 22.522], [17.076, 22.522], [17.124, 22.522], [17.172, 22.522], [17.22, 22.522], [17.268, 22.522], [17.315, 22.522], [17.363, 22.522], [17.411, 22.566], [17.459, 22.566], [17.507, 22.61], [17.554, 22.61], [17.602, 22.61], [17.65, 22.61], [17.698, 22.61], [17.746, 22.61], [17.793, 22.61], [17.841, 22.61], [17.889, 22.61], [17.937, 22.61], [17.985, 22.61], [18.032, 22.61], [18.08, 22.61], [18.128, 22.61], [18.176, 22.61], [18.224, 22.61], [18.271, 22.61], [18.319, 22.61], [18.367, 22.61], [18.415, 22.61], [18.463, 22.61], [18.511, 22.61], [18.558, 22.654], [18.606, 22.654], [18.654, 22.698], [18.702, 22.742], [18.75, 22.787], [18.797, 22.787], [18.845, 22.787], [18.893, 22.831], [18.941, 22.875], [18.989, 22.919], [19.036, 22.963], [19.084, 22.963], [19.132, 22.963], [19.18, 22.963], [19.228, 22.963], [19.275, 22.963], [19.323, 22.963], [19.371, 22.963], [19.419, 22.963], [19.467, 22.963], [19.514, 22.963], [19.562, 22.963], [19.61, 22.963], [19.658, 22.963], [19.706, 22.963], [19.754, 22.963], [19.801, 22.963], [19.849, 22.963], [19.897, 22.963], [19.945, 22.963], [19.993, 22.963], [20.04, 22.963], [20.088, 22.963], [20.136, 22.963], [20.184, 22.963], [20.232, 22.963], [20.279, 22.963], [20.327, 22.963], [20.375, 22.963], [20.423, 22.963], [20.471, 22.963], [20.518, 22.963], [20.566, 22.963], [20.614, 22.963], [20.662, 22.963], [20.71, 22.963], [20.757, 22.963], [20.805, 22.963], [20.853, 22.963], [20.901, 22.963], [20.949, 22.963], [20.996, 22.963], [21.044, 22.963], [21.092, 22.963], [21.14, 22.963], [21.188, 22.963], [21.236, 22.963], [21.283, 22.963], [21.331, 22.963], [21.379, 22.963], [21.427, 22.963], [21.475, 22.963], [21.522, 22.963], [21.57, 22.963], [21.618, 22.963], [21.666, 22.963], [21.714, 22.963], [21.761, 22.963], [21.809, 22.963], [21.857, 22.963], [21.905, 22.963], [21.953, 22.963], [22.0, 22.963], [22.048, 22.963], [22.096, 22.963], [22.144, 22.963], [22.192, 22.963], [22.239, 22.963], [22.287, 22.963], [22.335, 22.963], [22.383, 22.963], [22.431, 22.963], [22.479, 22.963], [22.526, 22.963], [22.574, 22.963], [22.622, 22.963], [22.67, 22.963], [22.718, 22.963], [22.765, 22.963], [22.813, 22.963], [22.861, 22.963], [22.909, 22.963], [22.957, 22.963], [23.004, 22.963], [23.052, 22.963], [23.1, 22.963], [23.148, 22.963], [23.196, 22.963], [23.243, 22.963], [23.291, 22.963], [23.339, 23.007], [23.387, 23.007], [23.435, 23.007], [23.482, 23.051], [23.53, 23.095], [23.578, 23.139], [23.626, 23.183], [23.674, 23.183], [23.722, 23.183], [23.769, 23.183], [23.817, 23.183], [23.865, 23.183], [23.913, 23.183], [23.961, 23.183], [24.008, 23.183], [24.056, 23.183], [24.104, 23.183], [24.152, 23.183], [24.2, 23.183], [24.247, 23.183], [24.295, 23.227], [24.343, 23.227], [24.391, 23.227], [24.439, 23.271], [24.486, 23.314], [24.534, 23.358], [24.582, 23.358], [24.63, 23.358], [24.678, 23.358], [24.725, 23.402], [24.773, 23.446], [24.821, 23.49], [24.869, 23.534], [24.917, 23.578], [24.964, 23.621], [25.012, 23.665], [25.06, 23.709], [25.108, 23.753], [25.156, 23.796], [25.204, 23.796], [25.251, 23.84], [25.299, 23.884], [25.347, 23.928], [25.395, 23.971], [25.443, 24.015], [25.49, 24.059], [25.538, 24.059], [25.586, 24.059], [25.634, 24.059], [25.682, 24.059], [25.729, 24.059], [25.777, 24.059], [25.825, 24.059], [25.873, 24.059], [25.921, 24.059], [25.968, 24.102], [26.016, 24.102], [26.064, 24.102], [26.112, 24.102], [26.16, 24.102], [26.207, 24.146], [26.255, 24.19], [26.303, 24.233], [26.351, 24.233], [26.399, 24.277], [26.447, 24.32], [26.494, 24.364], [26.542, 24.407], [26.59, 24.451], [26.638, 24.494], [26.686, 24.538], [26.733, 24.581], [26.781, 24.625], [26.829, 24.668], [26.877, 24.668], [26.925, 24.668], [26.972, 24.668], [27.02, 24.668], [27.068, 24.668], [27.116, 24.668], [27.164, 24.712], [27.211, 24.755], [27.259, 24.799], [27.307, 24.842], [27.355, 24.885], [27.403, 24.885], [27.45, 24.929], [27.498, 24.972], [27.546, 25.015], [27.594, 25.059], [27.642, 25.102], [27.69, 25.145], [27.737, 25.189], [27.785, 25.189], [27.833, 25.232], [27.881, 25.275], [27.929, 25.318], [27.976, 25.362], [28.024, 25.405], [28.072, 25.448], [28.12, 25.491], [28.168, 25.534], [28.168, 25.577], [28.215, 25.62], [28.215, 25.664], [28.215, 25.707], [28.215, 25.75], [28.215, 25.793], [28.263, 25.836], [28.263, 25.879], [28.263, 25.922], [28.263, 25.965], [28.263, 26.008], [28.263, 26.051], [28.263, 26.094], [28.311, 26.137], [28.359, 26.18], [28.407, 26.222], [28.454, 26.265], [28.502, 26.308], [28.55, 26.351], [28.598, 26.394], [28.598, 26.437], [28.598, 26.479], [28.646, 26.522], [28.646, 26.565], [28.646, 26.608], [28.646, 26.65], [28.693, 26.693], [28.741, 26.736], [28.789, 26.779], [28.789, 26.821], [28.789, 26.864], [28.789, 26.907], [28.789, 26.949], [28.789, 26.992], [28.789, 27.034], [28.837, 27.077], [28.837, 27.12], [28.837, 27.162], [28.885, 27.205], [28.885, 27.247], [28.885, 27.29], [28.885, 27.332], [28.885, 27.375], [28.885, 27.417], [28.885, 27.459], [28.885, 27.502], [28.885, 27.544], [28.885, 27.587], [28.885, 27.629], [28.885, 27.629]]}, "properties": {"route_id": "RT_024", "nom": "!Tama-|'Ara ↔ Dimlāš", "origine": "AUX_TAMA-ARA", "destination": "AUX_DIMLAS", "modes_declares": "[\"col_haute_altitude\", \"terrestre_caravane\"]", "longueur_km": 3071, "km_par_milieu": "{\"terre\": 3071}", "km_hors_modes_declares": "{}", "ruptures_de_charge": 0, "duree_jours": 105.0, "altitude_max_m": 1743, "denivele_positif_m": 6214, "cols_franchis": "[]", "mois_ouverts": null, "milieux_km": "{\"steppe_piemont\": 2086, \"desert_pierreux\": 758, \"herbage_arbore\": 94, \"plaine_alluviale\": 64, \"foret_montagne\": 39}", "facies_km": "{\"hors |'Arin\": 1522, \"Hiver Jaune\": 1056, \"Hiver de Vapeur\": 419, \"Hiver Gris\": 74}", "trouees": "[]", "via": "[]", "vol_oiseau_km": 2734, "statut": "tracé"}}, {"type": "Feature", "geometry": {"type": "LineString", "coordinates": [[30.367, 10.728], [30.415, 10.775], [30.462, 10.822], [30.51, 10.822], [30.558, 10.822], [30.606, 10.869], [30.654, 10.916], [30.701, 10.916], [30.749, 10.916], [30.797, 10.916], [30.845, 10.916], [30.893, 10.916], [30.94, 10.916], [30.988, 10.916], [31.036, 10.916], [31.084, 10.916], [31.132, 10.916], [31.179, 10.916], [31.227, 10.916], [31.275, 10.916], [31.323, 10.916], [31.371, 10.916], [31.418, 10.916], [31.466, 10.916], [31.514, 10.916], [31.562, 10.916], [31.61, 10.916], [31.658, 10.916], [31.705, 10.916], [31.753, 10.916], [31.801, 10.916], [31.849, 10.916], [31.897, 10.916], [31.944, 10.916], [31.992, 10.916], [32.04, 10.916], [32.088, 10.916], [32.136, 10.916], [32.183, 10.916], [32.231, 10.916], [32.279, 10.916], [32.327, 10.916], [32.375, 10.916], [32.422, 10.916], [32.47, 10.916], [32.518, 10.916], [32.566, 10.916], [32.614, 10.916], [32.661, 10.916], [32.709, 10.916], [32.757, 10.916], [32.805, 10.916], [32.853, 10.916], [32.9, 10.916], [32.948, 10.916], [32.996, 10.916], [33.044, 10.916], [33.092, 10.916], [33.14, 10.916], [33.187, 10.916], [33.235, 10.916], [33.283, 10.916], [33.331, 10.916], [33.379, 10.916], [33.426, 10.916], [33.474, 10.916], [33.522, 10.916], [33.57, 10.916], [33.618, 10.916], [33.665, 10.916], [33.713, 10.916], [33.761, 10.916], [33.809, 10.916], [33.857, 10.916], [33.904, 10.916], [33.952, 10.916], [34.0, 10.916], [34.048, 10.916], [34.096, 10.916], [34.143, 10.916], [34.191, 10.916], [34.239, 10.916], [34.287, 10.916], [34.335, 10.916], [34.383, 10.916], [34.43, 10.916], [34.478, 10.916], [34.526, 10.916], [34.574, 10.916], [34.622, 10.916], [34.669, 10.916], [34.717, 10.916], [34.765, 10.916], [34.813, 10.916], [34.861, 10.916], [34.908, 10.916], [34.956, 10.916], [35.004, 10.916], [35.052, 10.916], [35.1, 10.916], [35.147, 10.916], [35.195, 10.916], [35.243, 10.916], [35.291, 10.916], [35.339, 10.916], [35.386, 10.916], [35.434, 10.916], [35.482, 10.916], [35.53, 10.916], [35.578, 10.916], [35.626, 10.916], [35.673, 10.916], [35.721, 10.916], [35.769, 10.916], [35.817, 10.869], [35.865, 10.822], [35.912, 10.822], [35.96, 10.822], [36.008, 10.822], [36.056, 10.822], [36.104, 10.822], [36.151, 10.822], [36.199, 10.822], [36.247, 10.822], [36.295, 10.822], [36.343, 10.775], [36.39, 10.728], [36.438, 10.728], [36.486, 10.728], [36.534, 10.728], [36.582, 10.728], [36.629, 10.728], [36.677, 10.728], [36.725, 10.728], [36.773, 10.728], [36.821, 10.728], [36.868, 10.728], [36.916, 10.728], [36.964, 10.728], [37.012, 10.728], [37.06, 10.728], [37.108, 10.728], [37.155, 10.728], [37.203, 10.728], [37.251, 10.728], [37.299, 10.728], [37.347, 10.728], [37.394, 10.728], [37.442, 10.728], [37.49, 10.728], [37.538, 10.728], [37.586, 10.681], [37.633, 10.681], [37.681, 10.634], [37.729, 10.634], [37.777, 10.587], [37.825, 10.587], [37.872, 10.634], [37.872, 10.634]]}, "properties": {"route_id": "RT_025", "nom": "Hae Ts'i-K'uré ↔ |'Urum-‖Sek", "origine": "LUR_HAE-TSI-KURE_SE", "destination": "LUR_UKH-SEK_CENTRE", "modes_declares": "[\"col_haute_altitude\"]", "longueur_km": 846, "km_par_milieu": "{\"terre\": 846}", "km_hors_modes_declares": "{}", "ruptures_de_charge": 0, "duree_jours": 47.0, "altitude_max_m": 2961, "denivele_positif_m": 4846, "cols_franchis": "[]", "mois_ouverts": null, "milieux_km": "{\"herbage_arbore\": 509, \"steppe_piemont\": 178, \"foret_montagne\": 124}", "facies_km": "{\"hors |'Arin\": 728, \"Hiver Gris\": 118}", "trouees": "[\"TRO_02\"]", "via": "[]", "vol_oiseau_km": 821, "statut": "tracé"}}, {"type": "Feature", "geometry": {"type": "LineString", "coordinates": [[34.335, 8.607], [34.383, 8.654], [34.43, 8.702], [34.478, 8.702], [34.526, 8.702], [34.574, 8.702], [34.622, 8.702], [34.669, 8.702], [34.717, 8.702], [34.765, 8.702], [34.813, 8.702], [34.861, 8.702], [34.908, 8.702], [34.956, 8.702], [35.004, 8.702], [35.052, 8.702], [35.1, 8.702], [35.147, 8.702], [35.195, 8.702], [35.243, 8.702], [35.291, 8.702], [35.291, 8.702]]}, "properties": {"route_id": "RT_026", "nom": "Gîtes-Ts'idar ↔ Ts'idar-ré", "origine": "LUR_GITES-TSIDAR_SE", "destination": "LUR_TSIDAR-RE_SE", "modes_declares": "[\"col_haute_altitude\"]", "longueur_km": 110, "km_par_milieu": "{\"terre\": 110}", "km_hors_modes_declares": "{}", "ruptures_de_charge": 0, "duree_jours": 8.1, "altitude_max_m": 2192, "denivele_positif_m": 1915, "cols_franchis": "[]", "mois_ouverts": null, "milieux_km": "{\"foret_montagne\": 97}", "facies_km": "{\"hors |'Arin\": 83, \"Hiver Gris\": 26}", "trouees": "[]", "via": "[]", "vol_oiseau_km": 106, "statut": "tracé"}}, {"type": "Feature", "geometry": {"type": "LineString", "coordinates": [[-9.552, 30.099], [-9.505, 30.058], [-9.457, 30.016], [-9.409, 29.975], [-9.361, 29.933], [-9.361, 29.892], [-9.313, 29.85], [-9.265, 29.809], [-9.218, 29.767], [-9.17, 29.726], [-9.122, 29.684], [-9.074, 29.643], [-9.026, 29.601], [-8.979, 29.56], [-8.931, 29.518], [-8.883, 29.477], [-8.883, 29.435], [-8.835, 29.393], [-8.787, 29.352], [-8.74, 29.31], [-8.692, 29.268], [-8.644, 29.227], [-8.596, 29.185], [-8.548, 29.143], [-8.501, 29.101], [-8.453, 29.059], [-8.405, 29.018], [-8.357, 28.976], [-8.309, 28.934], [-8.262, 28.892], [-8.214, 28.85], [-8.166, 28.808], [-8.118, 28.767], [-8.07, 28.725], [-8.023, 28.683], [-7.975, 28.641], [-7.927, 28.599], [-7.879, 28.557], [-7.831, 28.515], [-7.783, 28.473], [-7.736, 28.431], [-7.688, 28.389], [-7.64, 28.347], [-7.592, 28.305], [-7.544, 28.262], [-7.497, 28.22], [-7.497, 28.22]]}, "properties": {"route_id": "RT_027", "nom": "Khloreth-klam ↔ Kralekh-Aktrik", "origine": "LUR_KHLORETH-KLAM_NO", "destination": "LUR_KRALEKH-AKTRIK_NO", "modes_declares": "[\"terrestre_portage\"]", "longueur_km": 291, "km_par_milieu": "{\"terre\": 291}", "km_hors_modes_declares": "{}", "ruptures_de_charge": 0, "duree_jours": 14.0, "altitude_max_m": 1232, "denivele_positif_m": 1407, "cols_franchis": "[]", "mois_ouverts": null, "milieux_km": "{\"steppe_piemont\": 158, \"foret_montagne\": 50, \"fourre_cotier_sec\": 50}", "facies_km": "{\"hiver pluvieux tempéré\": 114, \"Hiver Gris\": 99, \"Hiver Jaune\": 46, \"Hiver de Vapeur\": 33}", "trouees": "[]", "note_reglage": "Rupture de charge déclarée à Stakhr-Durek.", "via": "[]", "vol_oiseau_km": 291, "statut": "tracé"}}, {"type": "Feature", "geometry": {"type": "LineString", "coordinates": [[-9.552, 30.099], [-9.505, 30.058], [-9.457, 30.016], [-9.409, 29.975], [-9.361, 29.933], [-9.361, 29.892], [-9.313, 29.85], [-9.265, 29.809], [-9.218, 29.767], [-9.17, 29.726], [-9.122, 29.684], [-9.074, 29.643], [-9.026, 29.601], [-8.979, 29.56], [-8.931, 29.518], [-8.883, 29.477], [-8.883, 29.435], [-8.835, 29.393], [-8.835, 29.352], [-8.787, 29.31], [-8.787, 29.268], [-8.787, 29.227], [-8.74, 29.185], [-8.692, 29.143], [-8.644, 29.101], [-8.596, 29.059], [-8.548, 29.018], [-8.501, 29.018], [-8.453, 29.018], [-8.405, 29.018], [-8.357, 28.976], [-8.309, 28.934], [-8.262, 28.892], [-8.214, 28.85], [-8.166, 28.808], [-8.118, 28.767], [-8.07, 28.725], [-8.023, 28.683], [-7.975, 28.641], [-7.927, 28.599], [-7.879, 28.557], [-7.831, 28.515], [-7.783, 28.473], [-7.736, 28.431], [-7.688, 28.389], [-7.64, 28.347], [-7.592, 28.305], [-7.544, 28.262], [-7.497, 28.22], [-7.497, 28.22]]}, "properties": {"route_id": "RT_027_variante", "nom": "Khloreth-klam ↔ Kralekh-Aktrik (variante du corpus)", "longueur_km": 300, "duree_jours": 15.0, "altitude_max_m": 1232, "cols_franchis": "[]"}}, {"type": "Feature", "geometry": {"type": "LineString", "coordinates": [[28.359, 26.736], [28.407, 26.779], [28.454, 26.779], [28.502, 26.821], [28.55, 26.864], [28.598, 26.907], [28.646, 26.949], [28.693, 26.992], [28.693, 27.034], [28.741, 27.077], [28.789, 27.12], [28.837, 27.162], [28.885, 27.205], [28.885, 27.247], [28.885, 27.29], [28.885, 27.332], [28.885, 27.375], [28.885, 27.417], [28.885, 27.459], [28.885, 27.502], [28.885, 27.544], [28.885, 27.587], [28.885, 27.629], [28.885, 27.629]]}, "properties": {"route_id": "RT_028", "nom": "Qabṣūr-Qibṣ ↔ Abnaqil", "origine": "LUR_QABSUR-QIBS_E", "destination": "LUR_ABNAQIL_NE", "modes_declares": "[\"terrestre_caravane\"]", "longueur_km": 123, "km_par_milieu": "{\"terre\": 120}", "km_hors_modes_declares": "{}", "ruptures_de_charge": 1, "duree_jours": 4.8, "altitude_max_m": 57, "denivele_positif_m": 232, "cols_franchis": "[]", "mois_ouverts": null, "milieux_km": "{\"depression_saline\": 43, \"desert_pierreux\": 43, \"plaine_alluviale\": 38}", "facies_km": "{\"Hiver de Vapeur\": 105}", "trouees": "[]", "via": "[]", "vol_oiseau_km": 111, "statut": "tracé"}}, {"type": "Feature", "geometry": {"type": "LineString", "coordinates": [[6.607, 8.513], [6.654, 8.513], [6.702, 8.513], [6.75, 8.513], [6.798, 8.513], [6.846, 8.513], [6.893, 8.56], [6.941, 8.56], [6.989, 8.56], [7.037, 8.56], [7.085, 8.56], [7.132, 8.56], [7.18, 8.56], [7.228, 8.56], [7.276, 8.56], [7.324, 8.56], [7.371, 8.56], [7.419, 8.56], [7.467, 8.56], [7.515, 8.56], [7.563, 8.56], [7.61, 8.56], [7.658, 8.56], [7.706, 8.56], [7.754, 8.56], [7.802, 8.56], [7.85, 8.56], [7.897, 8.56], [7.945, 8.56], [7.993, 8.56], [8.041, 8.56], [8.089, 8.56], [8.136, 8.56], [8.184, 8.56], [8.232, 8.56], [8.28, 8.56], [8.328, 8.513], [8.328, 8.465], [8.375, 8.465], [8.423, 8.513], [8.471, 8.56], [8.519, 8.56], [8.567, 8.607], [8.614, 8.654], [8.662, 8.654], [8.71, 8.654], [8.758, 8.654], [8.806, 8.654], [8.853, 8.654], [8.901, 8.607], [8.949, 8.56], [8.997, 8.56], [9.045, 8.56], [9.092, 8.56], [9.14, 8.56], [9.188, 8.56], [9.236, 8.56], [9.284, 8.607], [9.332, 8.607], [9.379, 8.607], [9.427, 8.607], [9.475, 8.654], [9.523, 8.654], [9.571, 8.654], [9.618, 8.702], [9.666, 8.702], [9.714, 8.702], [9.762, 8.702], [9.81, 8.702], [9.857, 8.702], [9.905, 8.749], [9.953, 8.749], [10.001, 8.749], [10.049, 8.749], [10.096, 8.796], [10.144, 8.843], [10.192, 8.843], [10.24, 8.891], [10.288, 8.891], [10.335, 8.891], [10.383, 8.891], [10.431, 8.891], [10.479, 8.938], [10.527, 8.985], [10.575, 9.032], [10.622, 9.08], [10.67, 9.08], [10.718, 9.08], [10.766, 9.127], [10.814, 9.127], [10.861, 9.127], [10.909, 9.127], [10.957, 9.174], [11.005, 9.174], [11.053, 9.174], [11.1, 9.174], [11.148, 9.221], [11.196, 9.268], [11.244, 9.315], [11.292, 9.363], [11.339, 9.363], [11.387, 9.363], [11.435, 9.315], [11.483, 9.363], [11.531, 9.41], [11.578, 9.457], [11.626, 9.504], [11.674, 9.551], [11.722, 9.551], [11.77, 9.504], [11.818, 9.504], [11.865, 9.504], [11.913, 9.504], [11.961, 9.551], [12.009, 9.551], [12.057, 9.551], [12.104, 9.551], [12.152, 9.504], [12.152, 9.551], [12.2, 9.504], [12.248, 9.457], [12.296, 9.41], [12.343, 9.363], [12.391, 9.315], [12.439, 9.315], [12.487, 9.268], [12.535, 9.268], [12.582, 9.268], [12.63, 9.268], [12.678, 9.268], [12.726, 9.268], [12.774, 9.268], [12.821, 9.268], [12.869, 9.268], [12.917, 9.221], [12.965, 9.221], [13.013, 9.221], [13.06, 9.221], [13.108, 9.221], [13.156, 9.221], [13.204, 9.221], [13.252, 9.268], [13.3, 9.268], [13.347, 9.268], [13.395, 9.268], [13.443, 9.315], [13.491, 9.315], [13.539, 9.315], [13.586, 9.363], [13.634, 9.41], [13.682, 9.41], [13.73, 9.457], [13.778, 9.504], [13.825, 9.551], [13.873, 9.598], [13.921, 9.646], [13.969, 9.646], [14.017, 9.598], [14.064, 9.646], [14.112, 9.646], [14.16, 9.646], [14.208, 9.646], [14.256, 9.646], [14.303, 9.646], [14.351, 9.646], [14.399, 9.646], [14.447, 9.693], [14.495, 9.693], [14.543, 9.693], [14.59, 9.74], [14.638, 9.74], [14.686, 9.787], [14.734, 9.834], [14.782, 9.834], [14.829, 9.881], [14.877, 9.881], [14.925, 9.881], [14.973, 9.881], [15.021, 9.881], [15.068, 9.881], [15.116, 9.834], [15.164, 9.834], [15.212, 9.834], [15.26, 9.834], [15.307, 9.834], [15.355, 9.834], [15.403, 9.834], [15.451, 9.834], [15.499, 9.787], [15.546, 9.787], [15.594, 9.787], [15.642, 9.74], [15.69, 9.74], [15.738, 9.74], [15.786, 9.74], [15.833, 9.74], [15.881, 9.693], [15.929, 9.646], [15.977, 9.598], [16.025, 9.551], [16.072, 9.504], [16.12, 9.457], [16.168, 9.457], [16.216, 9.41], [16.264, 9.363], [16.311, 9.315], [16.359, 9.268], [16.359, 9.221], [16.407, 9.174], [16.407, 9.127], [16.455, 9.08], [16.503, 9.032], [16.55, 8.985], [16.598, 8.938], [16.646, 8.938], [16.694, 8.938], [16.742, 8.891], [16.789, 8.891], [16.837, 8.891], [16.885, 8.938], [16.933, 8.938], [16.981, 8.938], [17.028, 8.938], [17.076, 8.938], [17.124, 8.938], [17.172, 8.938], [17.22, 8.938], [17.268, 8.938], [17.315, 8.891], [17.363, 8.843], [17.411, 8.796], [17.459, 8.749], [17.507, 8.702], [17.554, 8.702], [17.602, 8.702], [17.65, 8.749], [17.698, 8.796], [17.746, 8.796], [17.793, 8.843], [17.841, 8.891], [17.889, 8.891], [17.937, 8.891], [17.985, 8.938], [18.032, 8.938], [18.032, 8.891], [18.08, 8.891], [18.128, 8.843], [18.176, 8.843], [18.224, 8.843], [18.271, 8.843], [18.319, 8.843], [18.367, 8.843], [18.415, 8.843], [18.463, 8.843], [18.511, 8.843], [18.558, 8.843], [18.606, 8.843], [18.654, 8.843], [18.702, 8.843], [18.75, 8.843], [18.797, 8.843], [18.845, 8.843], [18.893, 8.843], [18.941, 8.796], [18.989, 8.749], [19.036, 8.749], [19.084, 8.702], [19.132, 8.702], [19.18, 8.702], [19.228, 8.749], [19.275, 8.749], [19.323, 8.749], [19.371, 8.749], [19.419, 8.749], [19.467, 8.702], [19.514, 8.702], [19.562, 8.654], [19.61, 8.607], [19.658, 8.607], [19.706, 8.607], [19.754, 8.607], [19.801, 8.607], [19.849, 8.56], [19.897, 8.513], [19.945, 8.465], [19.993, 8.418], [20.04, 8.371], [20.088, 8.323], [20.136, 8.323], [20.184, 8.276], [20.232, 8.276], [20.279, 8.229], [20.327, 8.229], [20.375, 8.229], [20.423, 8.181], [20.471, 8.134], [20.518, 8.087], [20.566, 8.039], [20.614, 7.992], [20.662, 7.945], [20.71, 7.945], [20.757, 7.945], [20.805, 7.945], [20.853, 7.945], [20.901, 7.945], [20.949, 7.945], [20.996, 7.897], [21.044, 7.897], [21.092, 7.897], [21.14, 7.897], [21.188, 7.897], [21.236, 7.85], [21.283, 7.85], [21.331, 7.85], [21.379, 7.85], [21.427, 7.85], [21.475, 7.85], [21.522, 7.85], [21.57, 7.85], [21.618, 7.85], [21.666, 7.85], [21.714, 7.85], [21.761, 7.85], [21.809, 7.85], [21.857, 7.85], [21.905, 7.803], [21.953, 7.803], [22.0, 7.803], [22.048, 7.803], [22.096, 7.803], [22.144, 7.803], [22.192, 7.803], [22.239, 7.755], [22.287, 7.708], [22.335, 7.755], [22.383, 7.755], [22.431, 7.755], [22.479, 7.755], [22.526, 7.755], [22.574, 7.803], [22.622, 7.803], [22.67, 7.85], [22.718, 7.897], [22.765, 7.945], [22.813, 7.992], [22.861, 8.039], [22.909, 8.087], [22.957, 8.134], [23.004, 8.181], [23.052, 8.229], [23.1, 8.276], [23.148, 8.323], [23.196, 8.371], [23.243, 8.418], [23.291, 8.465], [23.339, 8.465], [23.387, 8.465], [23.435, 8.465], [23.482, 8.465], [23.53, 8.465], [23.578, 8.465], [23.626, 8.465], [23.674, 8.465], [23.722, 8.513], [23.769, 8.56], [23.817, 8.56], [23.865, 8.56], [23.913, 8.56], [23.961, 8.56], [24.008, 8.56], [24.056, 8.56], [24.104, 8.56], [24.152, 8.56], [24.2, 8.56], [24.247, 8.56], [24.295, 8.56], [24.343, 8.56], [24.391, 8.56], [24.439, 8.56], [24.486, 8.56], [24.534, 8.56], [24.582, 8.56], [24.63, 8.56], [24.678, 8.56], [24.725, 8.607], [24.725, 8.654], [24.773, 8.702], [24.773, 8.702]]}, "properties": {"route_id": "RT_029", "nom": "Piémonts du Mù-dárhòbì ↔ Kù-békà", "origine": "AUX_PIEMONTS_MUDARHOBI", "destination": "LUR_KUBEKA_SC", "modes_declares": "[\"fluvial\", \"lacustre\", \"terrestre_portage\"]", "longueur_km": 2318, "km_par_milieu": "{\"lac\": 322, \"fleuve (aval)\": 282, \"fleuve (amont)\": 796, \"terre\": 915}", "km_hors_modes_declares": "{}", "ruptures_de_charge": 1, "duree_jours": 78.0, "altitude_max_m": 1069, "denivele_positif_m": 2360, "cols_franchis": "[]", "mois_ouverts": null, "milieux_km": "{\"foret_berge\": 767, \"herbage_arbore\": 694, \"steppe_piemont\": 474, \"zone_humide_lacustre\": 20}", "facies_km": "{\"hors |'Arin\": 1989}", "trouees": "[]", "via": "[]", "vol_oiseau_km": 2000, "statut": "tracé"}}, {"type": "Feature", "geometry": {"type": "LineString", "coordinates": [[28.359, 26.736], [28.359, 26.779], [28.407, 26.821], [28.407, 26.864], [28.407, 26.907], [28.407, 26.949], [28.407, 26.992], [28.407, 27.034], [28.407, 27.077], [28.454, 27.12], [28.454, 27.162], [28.502, 27.205], [28.55, 27.247], [28.598, 27.29], [28.646, 27.332], [28.693, 27.375], [28.741, 27.375], [28.789, 27.375], [28.837, 27.417], [28.885, 27.459], [28.932, 27.502], [28.932, 27.544], [28.98, 27.587], [29.028, 27.629], [29.076, 27.629], [29.124, 27.587], [29.172, 27.587], [29.219, 27.544], [29.267, 27.587], [29.315, 27.587], [29.363, 27.587], [29.411, 27.587], [29.458, 27.587], [29.506, 27.587], [29.554, 27.544], [29.602, 27.587], [29.65, 27.629], [29.697, 27.629], [29.745, 27.629], [29.793, 27.671], [29.841, 27.671], [29.889, 27.671], [29.936, 27.671], [29.984, 27.671], [30.032, 27.671], [30.08, 27.714], [30.128, 27.714], [30.175, 27.714], [30.223, 27.714], [30.271, 27.714], [30.319, 27.714], [30.367, 27.671], [30.415, 27.629], [30.462, 27.587], [30.51, 27.587], [30.558, 27.629], [30.606, 27.629], [30.654, 27.629], [30.701, 27.629], [30.749, 27.629], [30.797, 27.587], [30.845, 27.587], [30.845, 27.544], [30.845, 27.502], [30.845, 27.459], [30.893, 27.417], [30.94, 27.375], [30.988, 27.332], [31.036, 27.29], [31.084, 27.29], [31.132, 27.247], [31.132, 27.205], [31.179, 27.205], [31.227, 27.162], [31.275, 27.162], [31.323, 27.12], [31.323, 27.077], [31.371, 27.034], [31.418, 26.992], [31.466, 26.949], [31.514, 26.907], [31.514, 26.864], [31.514, 26.821], [31.562, 26.779], [31.61, 26.736], [31.61, 26.693], [31.658, 26.65], [31.705, 26.608], [31.753, 26.565], [31.801, 26.522], [31.801, 26.479], [31.801, 26.437], [31.849, 26.394], [31.897, 26.351], [31.944, 26.308], [31.992, 26.308], [32.04, 26.265], [32.088, 26.222], [32.136, 26.18], [32.183, 26.137], [32.231, 26.094], [32.279, 26.051], [32.327, 26.094], [32.375, 26.094], [32.422, 26.094], [32.47, 26.137], [32.518, 26.137], [32.566, 26.137], [32.614, 26.137], [32.661, 26.137], [32.709, 26.137], [32.757, 26.094], [32.757, 26.051], [32.757, 26.008], [32.757, 25.965], [32.757, 25.922], [32.757, 25.879], [32.757, 25.836], [32.709, 25.793], [32.661, 25.75], [32.614, 25.707], [32.614, 25.664], [32.566, 25.62], [32.518, 25.577], [32.518, 25.534], [32.518, 25.491], [32.566, 25.448], [32.566, 25.405], [32.566, 25.362], [32.566, 25.318], [32.566, 25.275], [32.614, 25.232], [32.661, 25.232], [32.709, 25.189], [32.757, 25.145], [32.805, 25.102], [32.853, 25.059], [32.9, 25.015], [32.9, 24.972], [32.853, 24.929], [32.9, 24.885], [32.9, 24.842], [32.9, 24.799], [32.948, 24.755], [32.948, 24.712], [32.948, 24.668], [32.9, 24.625], [32.9, 24.581], [32.9, 24.538], [32.9, 24.494], [32.9, 24.451], [32.9, 24.407], [32.9, 24.364], [32.9, 24.32], [32.9, 24.277], [32.9, 24.233], [32.9, 24.19], [32.9, 24.146], [32.9, 24.102], [32.9, 24.059], [32.9, 24.015], [32.853, 23.971], [32.853, 23.928], [32.853, 23.884], [32.9, 23.84], [32.9, 23.796], [32.9, 23.753], [32.9, 23.709], [32.9, 23.665], [32.853, 23.621], [32.853, 23.578], [32.9, 23.534], [32.9, 23.49], [32.9, 23.446], [32.948, 23.402], [32.948, 23.358], [32.948, 23.314], [32.9, 23.271], [32.853, 23.227], [32.805, 23.183], [32.757, 23.139], [32.709, 23.095], [32.709, 23.051], [32.709, 23.007], [32.661, 22.963], [32.614, 22.919], [32.566, 22.875], [32.566, 22.831], [32.566, 22.787], [32.566, 22.742], [32.518, 22.742], [32.47, 22.698], [32.422, 22.698], [32.422, 22.654], [32.375, 22.654], [32.375, 22.61], [32.327, 22.61], [32.279, 22.654], [32.231, 22.698], [32.231, 22.742], [32.183, 22.742], [32.136, 22.742], [32.088, 22.742], [32.04, 22.698], [31.992, 22.654], [31.944, 22.654], [31.944, 22.61], [31.897, 22.61], [31.897, 22.566], [31.897, 22.522], [31.849, 22.478], [31.801, 22.433], [31.753, 22.389], [31.705, 22.389], [31.658, 22.345], [31.61, 22.301], [31.562, 22.301], [31.562, 22.257], [31.514, 22.257], [31.514, 22.212], [31.466, 22.212], [31.466, 22.168], [31.418, 22.168], [31.418, 22.124], [31.371, 22.08], [31.371, 22.035], [31.371, 21.991], [31.371, 21.947], [31.323, 21.902], [31.275, 21.858], [31.227, 21.813], [31.179, 21.769], [31.179, 21.725], [31.179, 21.68], [31.132, 21.636], [31.084, 21.591], [31.036, 21.547], [30.988, 21.502], [30.988, 21.458], [30.988, 21.413], [30.94, 21.369], [30.893, 21.324], [30.845, 21.28], [30.797, 21.28], [30.749, 21.235], [30.701, 21.191], [30.701, 21.146], [30.701, 21.102], [30.654, 21.057], [30.606, 21.012], [30.558, 20.968], [30.558, 20.923], [30.558, 20.878], [30.51, 20.834], [30.462, 20.834], [30.415, 20.834], [30.367, 20.789], [30.367, 20.744], [30.367, 20.7], [30.319, 20.655], [30.319, 20.61], [30.319, 20.565], [30.319, 20.521], [30.319, 20.476], [30.367, 20.431], [30.367, 20.386], [30.415, 20.341], [30.462, 20.341], [30.51, 20.341], [30.558, 20.297], [30.558, 20.252], [30.558, 20.207], [30.558, 20.162], [30.558, 20.117], [30.558, 20.072], [30.558, 20.027], [30.558, 19.982], [30.51, 19.937], [30.462, 19.937], [30.415, 19.893], [30.367, 19.893], [30.319, 19.848], [30.367, 19.803], [30.367, 19.758], [30.367, 19.713], [30.415, 19.668], [30.415, 19.623], [30.415, 19.578], [30.415, 19.532], [30.462, 19.487], [30.462, 19.442], [30.462, 19.397], [30.462, 19.352], [30.462, 19.307], [30.462, 19.262], [30.51, 19.217], [30.51, 19.172], [30.51, 19.126], [30.51, 19.081], [30.462, 19.036], [30.462, 18.991], [30.462, 18.946], [30.462, 18.9], [30.51, 18.855], [30.51, 18.81], [30.558, 18.765], [30.558, 18.719], [30.558, 18.674], [30.558, 18.629], [30.606, 18.584], [30.654, 18.538], [30.701, 18.493], [30.701, 18.448], [30.701, 18.402], [30.701, 18.357], [30.701, 18.311], [30.749, 18.266], [30.749, 18.221], [30.797, 18.175], [30.845, 18.13], [30.893, 18.13], [30.94, 18.084], [30.988, 18.039], [31.036, 18.039], [31.084, 18.039], [31.132, 17.993], [31.179, 17.993], [31.227, 17.993], [31.275, 18.039], [31.323, 18.039], [31.371, 18.039], [31.418, 18.039], [31.466, 18.039], [31.514, 18.084], [31.562, 18.13], [31.61, 18.175], [31.658, 18.221], [31.705, 18.266], [31.705, 18.311], [31.753, 18.357], [31.801, 18.402], [31.801, 18.448], [31.849, 18.493], [31.897, 18.538], [31.944, 18.584], [31.992, 18.584], [32.04, 18.629], [32.088, 18.674], [32.04, 18.719], [32.04, 18.765], [32.04, 18.81], [32.088, 18.855], [32.136, 18.855], [32.183, 18.9], [32.231, 18.9], [32.279, 18.9], [32.327, 18.9], [32.375, 18.946], [32.375, 18.991], [32.422, 19.036], [32.47, 19.081], [32.518, 19.126], [32.566, 19.172], [32.614, 19.172], [32.661, 19.172], [32.709, 19.217], [32.709, 19.262], [32.757, 19.307], [32.805, 19.352], [32.853, 19.397], [32.9, 19.442], [32.948, 19.442], [32.996, 19.487], [33.044, 19.532], [33.092, 19.532], [33.14, 19.532], [33.187, 19.532], [33.235, 19.487], [33.283, 19.487], [33.331, 19.442], [33.379, 19.442], [33.379, 19.397], [33.379, 19.352], [33.426, 19.307], [33.426, 19.262], [33.474, 19.262], [33.522, 19.217], [33.57, 19.172], [33.57, 19.126], [33.57, 19.081], [33.57, 19.036], [33.57, 18.991], [33.57, 18.946], [33.57, 18.9], [33.57, 18.855], [33.57, 18.81], [33.57, 18.765], [33.618, 18.719], [33.665, 18.719], [33.713, 18.674], [33.761, 18.629], [33.761, 18.584], [33.761, 18.538], [33.761, 18.493], [33.761, 18.448], [33.761, 18.402], [33.809, 18.357], [33.857, 18.357], [33.904, 18.311], [33.904, 18.266], [33.904, 18.221], [33.952, 18.175], [33.952, 18.13], [33.952, 18.084], [33.952, 18.039], [34.0, 17.993], [34.0, 17.948], [34.0, 17.903], [34.0, 17.857], [34.0, 17.812], [34.0, 17.766], [34.0, 17.72], [34.0, 17.675], [33.952, 17.629], [33.904, 17.584], [33.904, 17.538], [33.904, 17.493], [33.857, 17.447], [33.857, 17.401], [33.809, 17.356], [33.761, 17.31], [33.761, 17.264], [33.761, 17.219], [33.713, 17.173], [33.713, 17.127], [33.713, 17.082], [33.713, 17.036], [33.713, 16.99], [33.713, 16.945], [33.665, 16.899], [33.665, 16.853], [33.618, 16.807], [33.57, 16.762], [33.522, 16.762], [33.474, 16.762], [33.426, 16.716], [33.379, 16.67], [33.331, 16.67], [33.283, 16.67], [33.235, 16.624], [33.187, 16.578], [33.14, 16.578], [33.092, 16.533], [33.044, 16.533], [32.996, 16.533], [32.948, 16.533], [32.9, 16.533], [32.853, 16.487], [32.805, 16.441], [32.757, 16.395], [32.709, 16.349], [32.661, 16.303], [32.614, 16.257], [32.566, 16.212], [32.566, 16.166], [32.518, 16.12], [32.518, 16.074], [32.518, 16.028], [32.566, 15.982], [32.566, 15.936], [32.566, 15.89], [32.518, 15.844], [32.518, 15.798], [32.518, 15.752], [32.518, 15.706], [32.518, 15.66], [32.518, 15.614], [32.566, 15.614], [32.566, 15.614]]}, "properties": {"route_id": "RT_030", "nom": "Qabṣūr-Qibṣ ↔ Tanāḥil", "origine": "LUR_QABSUR-QIBS_E", "destination": "LUR_TANAHIL_NE", "modes_declares": "[\"fluvial\"]", "longueur_km": 2748, "km_par_milieu": "{\"mer Halakhel\": 48, \"fleuve (aval)\": 11, \"fleuve (amont)\": 2658, \"terre\": 15}", "km_hors_modes_declares": "{\"mer\": 48}", "ruptures_de_charge": 5, "duree_jours": 58.0, "altitude_max_m": 378, "denivele_positif_m": 408, "cols_franchis": "[]", "mois_ouverts": null, "milieux_km": "{\"plaine_alluviale\": 2654, \"desert_sableux\": 22}", "facies_km": "{\"hors |'Arin\": 2075, \"Hiver Jaune\": 572, \"Hiver de Vapeur\": 43}", "trouees": "[]", "via": "[]", "vol_oiseau_km": 1308, "statut": "tracé"}}, {"type": "Feature", "geometry": {"type": "LineString", "coordinates": [[34.335, 8.607], [34.383, 8.654], [34.383, 8.702], [34.43, 8.749], [34.478, 8.796], [34.478, 8.843], [34.526, 8.891], [34.526, 8.938], [34.526, 8.985], [34.574, 9.032], [34.622, 9.08], [34.669, 9.127], [34.717, 9.174], [34.765, 9.221], [34.813, 9.268], [34.861, 9.315], [34.908, 9.363], [34.956, 9.41], [35.004, 9.457], [35.052, 9.504], [35.1, 9.551], [35.147, 9.598], [35.195, 9.646], [35.243, 9.693], [35.291, 9.74], [35.339, 9.787], [35.339, 9.834], [35.339, 9.881], [35.339, 9.928], [35.339, 9.975], [35.339, 10.022], [35.339, 10.069], [35.339, 10.117], [35.339, 10.164], [35.339, 10.211], [35.339, 10.258], [35.339, 10.305], [35.291, 10.352], [35.291, 10.399], [35.291, 10.446], [35.243, 10.493], [35.195, 10.54], [35.147, 10.587], [35.147, 10.634], [35.147, 10.681], [35.147, 10.728], [35.195, 10.775], [35.195, 10.822], [35.195, 10.869], [35.195, 10.916], [35.195, 10.963], [35.147, 11.009], [35.147, 11.056], [35.147, 11.103], [35.147, 11.15], [35.1, 11.197], [35.052, 11.244], [35.004, 11.244], [34.956, 11.244], [34.908, 11.244], [34.861, 11.244], [34.813, 11.291], [34.765, 11.291], [34.717, 11.338], [34.669, 11.385], [34.622, 11.432], [34.574, 11.478], [34.526, 11.525], [34.478, 11.572], [34.43, 11.572], [34.383, 11.619], [34.383, 11.666], [34.383, 11.713], [34.383, 11.759], [34.383, 11.806], [34.383, 11.853], [34.383, 11.9], [34.383, 11.946], [34.335, 11.993], [34.335, 12.04], [34.335, 12.087], [34.287, 12.134], [34.335, 12.18], [34.335, 12.227], [34.335, 12.274], [34.335, 12.32], [34.335, 12.367], [34.287, 12.414], [34.239, 12.46], [34.191, 12.46], [34.143, 12.507], [34.143, 12.554], [34.143, 12.6], [34.143, 12.647], [34.143, 12.694], [34.143, 12.74], [34.143, 12.787], [34.096, 12.834], [34.048, 12.88], [34.0, 12.927], [34.0, 12.973], [34.0, 13.02], [33.952, 13.067], [33.952, 13.113], [33.952, 13.16], [33.952, 13.206], [33.904, 13.253], [33.857, 13.299], [33.809, 13.346], [33.761, 13.346], [33.713, 13.392], [33.665, 13.439], [33.665, 13.485], [33.618, 13.532], [33.618, 13.578], [33.57, 13.625], [33.618, 13.671], [33.618, 13.718], [33.618, 13.764], [33.618, 13.811], [33.618, 13.857], [33.618, 13.903], [33.618, 13.95], [33.618, 13.996], [33.618, 14.043], [33.665, 14.089], [33.665, 14.135], [33.665, 14.182], [33.618, 14.228], [33.618, 14.274], [33.618, 14.321], [33.57, 14.367], [33.57, 14.413], [33.57, 14.46], [33.522, 14.506], [33.474, 14.552], [33.426, 14.598], [33.379, 14.645], [33.379, 14.691], [33.331, 14.737], [33.331, 14.783], [33.283, 14.83], [33.235, 14.876], [33.235, 14.922], [33.235, 14.968], [33.235, 15.014], [33.187, 15.061], [33.187, 15.107], [33.14, 15.153], [33.092, 15.199], [33.044, 15.245], [32.996, 15.291], [32.948, 15.291], [32.9, 15.291], [32.853, 15.337], [32.805, 15.384], [32.757, 15.43], [32.709, 15.476], [32.661, 15.522], [32.614, 15.568], [32.566, 15.614], [32.566, 15.614]]}, "properties": {"route_id": "RT_031", "nom": "Gîtes-Ts'idar ↔ Tanāḥil", "origine": "LUR_GITES-TSIDAR_SE", "destination": "LUR_TANAHIL_NE", "modes_declares": "[\"fluvial\"]", "longueur_km": 994, "km_par_milieu": "{\"fleuve (aval)\": 765, \"fleuve (amont)\": 5, \"terre\": 223}", "km_hors_modes_declares": "{\"terre\": 223}", "ruptures_de_charge": 0, "duree_jours": 23.0, "altitude_max_m": 1977, "denivele_positif_m": 1684, "cols_franchis": "[]", "mois_ouverts": null, "milieux_km": "{\"plaine_alluviale\": 633, \"foret_montagne\": 147, \"foret_berge\": 130, \"herbage_arbore\": 69}", "facies_km": "{\"hors |'Arin\": 994}", "trouees": "[]", "via": "[]", "vol_oiseau_km": 798, "statut": "tracé"}}, {"type": "Feature", "geometry": {"type": "LineString", "coordinates": [[38.685, 14.598], [38.733, 14.645], [38.781, 14.691], [38.829, 14.737], [38.829, 14.783], [38.876, 14.83], [38.876, 14.876], [38.876, 14.922], [38.924, 14.968], [38.972, 15.014], [39.02, 15.061], [39.068, 15.107], [39.115, 15.153], [39.163, 15.199], [39.211, 15.245], [39.259, 15.291], [39.307, 15.337], [39.354, 15.384], [39.402, 15.43], [39.45, 15.476], [39.498, 15.522], [39.498, 15.568], [39.498, 15.614], [39.498, 15.66], [39.498, 15.706], [39.498, 15.752], [39.498, 15.798], [39.498, 15.844], [39.498, 15.89], [39.498, 15.936], [39.498, 15.982], [39.498, 16.028], [39.498, 16.074], [39.498, 16.12], [39.498, 16.166], [39.498, 16.212], [39.498, 16.257], [39.498, 16.303], [39.498, 16.349], [39.498, 16.395], [39.498, 16.441], [39.498, 16.487], [39.498, 16.533], [39.498, 16.578], [39.498, 16.624], [39.498, 16.67], [39.498, 16.716], [39.498, 16.762], [39.498, 16.807], [39.498, 16.853], [39.45, 16.899], [39.45, 16.945], [39.45, 16.99], [39.402, 17.036], [39.402, 17.082], [39.402, 17.127], [39.354, 17.173], [39.354, 17.219], [39.354, 17.264], [39.307, 17.31], [39.307, 17.356], [39.307, 17.401], [39.259, 17.447], [39.259, 17.493], [39.259, 17.538], [39.211, 17.584], [39.211, 17.629], [39.163, 17.675], [39.115, 17.72], [39.068, 17.766], [39.02, 17.812], [38.972, 17.857], [38.924, 17.903], [38.876, 17.948], [38.829, 17.993], [38.781, 18.039], [38.733, 18.084], [38.685, 18.13], [38.637, 18.175], [38.59, 18.221], [38.542, 18.266], [38.494, 18.311], [38.446, 18.357], [38.398, 18.402], [38.351, 18.448], [38.303, 18.493], [38.255, 18.538], [38.207, 18.584], [38.159, 18.629], [38.111, 18.674], [38.064, 18.719], [38.016, 18.765], [37.968, 18.81], [37.92, 18.855], [37.872, 18.9], [37.825, 18.946], [37.777, 18.991], [37.729, 19.036], [37.729, 19.081], [37.729, 19.126], [37.681, 19.172], [37.681, 19.217], [37.681, 19.262], [37.633, 19.307], [37.633, 19.352], [37.633, 19.397], [37.633, 19.442], [37.633, 19.487], [37.586, 19.532], [37.586, 19.578], [37.586, 19.623], [37.586, 19.668], [37.586, 19.713], [37.586, 19.758], [37.586, 19.803], [37.586, 19.848], [37.586, 19.893], [37.586, 19.937], [37.586, 19.982], [37.586, 20.027], [37.538, 20.072], [37.538, 20.117], [37.538, 20.162], [37.538, 20.207], [37.538, 20.252], [37.538, 20.297], [37.538, 20.341], [37.538, 20.386], [37.538, 20.431], [37.538, 20.476], [37.538, 20.521], [37.538, 20.565], [37.538, 20.61], [37.538, 20.655], [37.538, 20.7], [37.538, 20.744], [37.538, 20.789], [37.538, 20.834], [37.49, 20.878], [37.442, 20.923], [37.394, 20.968], [37.394, 21.012], [37.347, 21.057], [37.299, 21.102], [37.299, 21.146], [37.251, 21.191], [37.251, 21.235], [37.251, 21.28], [37.251, 21.324], [37.251, 21.369], [37.251, 21.413], [37.251, 21.458], [37.251, 21.502], [37.251, 21.547], [37.251, 21.591], [37.251, 21.636], [37.251, 21.68], [37.203, 21.725], [37.203, 21.769], [37.155, 21.813], [37.155, 21.858], [37.108, 21.902], [37.108, 21.947], [37.06, 21.991], [37.06, 22.035], [37.012, 22.08], [37.012, 22.124], [36.964, 22.168], [36.964, 22.212], [36.916, 22.257], [36.916, 22.301], [36.868, 22.345], [36.821, 22.389], [36.773, 22.433], [36.725, 22.478], [36.677, 22.522], [36.629, 22.566], [36.582, 22.61], [36.534, 22.654], [36.486, 22.698], [36.438, 22.742], [36.39, 22.787], [36.343, 22.831], [36.295, 22.875], [36.247, 22.919], [36.199, 22.963], [36.151, 23.007], [36.104, 23.051], [36.056, 23.095], [36.008, 23.139], [36.008, 23.183], [35.96, 23.227], [35.96, 23.271], [35.96, 23.314], [35.912, 23.358], [35.912, 23.402], [35.912, 23.446], [35.912, 23.49], [35.912, 23.534], [35.912, 23.578], [35.912, 23.621], [35.912, 23.665], [35.912, 23.709], [35.912, 23.753], [35.912, 23.796], [35.912, 23.84], [35.912, 23.884], [35.912, 23.928], [35.912, 23.971], [35.912, 24.015], [35.912, 24.059], [35.912, 24.102], [35.912, 24.146], [35.912, 24.19], [35.912, 24.233], [35.865, 24.277], [35.817, 24.32], [35.769, 24.364], [35.721, 24.407], [35.673, 24.451], [35.673, 24.494], [35.626, 24.538], [35.578, 24.581], [35.578, 24.625], [35.53, 24.668], [35.53, 24.712], [35.482, 24.755], [35.482, 24.799], [35.434, 24.842], [35.434, 24.885], [35.386, 24.929], [35.386, 24.972], [35.339, 25.015], [35.339, 25.059], [35.339, 25.102], [35.291, 25.145], [35.291, 25.189], [35.243, 25.232], [35.243, 25.275], [35.195, 25.318], [35.195, 25.362], [35.147, 25.405], [35.147, 25.448], [35.1, 25.491], [35.1, 25.534], [35.052, 25.577], [35.052, 25.62], [35.052, 25.664], [35.004, 25.707], [35.004, 25.75], [34.956, 25.793], [34.956, 25.836], [34.908, 25.879], [34.908, 25.922], [34.861, 25.965], [34.861, 26.008], [34.813, 26.051], [34.765, 26.094], [34.765, 26.137], [34.717, 26.18], [34.669, 26.222], [34.669, 26.265], [34.622, 26.308], [34.622, 26.351], [34.574, 26.394], [34.574, 26.437], [34.526, 26.479], [34.526, 26.522], [34.478, 26.565], [34.478, 26.608], [34.43, 26.65], [34.43, 26.693], [34.383, 26.736], [34.335, 26.779], [34.335, 26.821], [34.335, 26.864], [34.335, 26.907], [34.335, 26.949], [34.287, 26.992], [34.287, 27.034], [34.287, 27.077], [34.287, 27.12], [34.287, 27.162], [34.239, 27.205], [34.239, 27.247], [34.239, 27.29], [34.191, 27.332], [34.191, 27.375], [34.191, 27.417], [34.191, 27.459], [34.191, 27.502], [34.191, 27.544], [34.191, 27.587], [34.191, 27.629], [34.143, 27.671], [34.096, 27.714], [34.048, 27.756], [34.0, 27.798], [33.952, 27.841], [33.904, 27.883], [33.857, 27.925], [33.809, 27.967], [33.761, 28.01], [33.713, 28.052], [33.665, 28.094], [33.665, 28.136], [33.618, 28.178], [33.57, 28.22], [33.522, 28.262], [33.474, 28.305], [33.426, 28.347], [33.379, 28.389], [33.331, 28.431], [33.283, 28.473], [33.235, 28.515], [33.235, 28.557], [33.187, 28.599], [33.187, 28.641], [33.187, 28.683], [33.187, 28.725], [33.187, 28.767], [33.187, 28.808], [33.14, 28.85], [33.14, 28.892], [33.14, 28.934], [33.092, 28.976], [33.044, 29.018], [32.996, 29.059], [32.948, 29.101], [32.9, 29.143], [32.853, 29.185], [32.805, 29.227], [32.757, 29.268], [32.709, 29.31], [32.661, 29.352], [32.614, 29.393], [32.566, 29.435], [32.518, 29.477], [32.47, 29.518], [32.422, 29.56], [32.375, 29.601], [32.327, 29.643], [32.279, 29.643], [32.231, 29.643], [32.183, 29.643], [32.136, 29.643], [32.088, 29.643], [32.04, 29.643], [31.992, 29.643], [31.944, 29.643], [31.897, 29.643], [31.849, 29.643], [31.801, 29.643], [31.753, 29.643], [31.705, 29.643], [31.658, 29.643], [31.61, 29.643], [31.562, 29.643], [31.514, 29.643], [31.466, 29.643], [31.418, 29.643], [31.371, 29.643], [31.323, 29.643], [31.275, 29.601], [31.275, 29.56], [31.275, 29.518], [31.227, 29.477], [31.227, 29.435], [31.227, 29.393], [31.227, 29.352], [31.227, 29.31], [31.227, 29.268], [31.227, 29.227], [31.179, 29.185], [31.132, 29.143], [31.132, 29.101], [31.084, 29.059], [31.036, 29.018], [30.988, 28.976], [30.94, 28.934], [30.94, 28.892], [30.893, 28.85], [30.893, 28.808], [30.893, 28.767], [30.845, 28.725], [30.845, 28.683], [30.845, 28.641], [30.845, 28.599], [30.797, 28.557], [30.797, 28.515], [30.797, 28.473], [30.797, 28.431], [30.749, 28.389], [30.749, 28.347], [30.749, 28.305], [30.749, 28.262], [30.749, 28.22], [30.749, 28.178], [30.749, 28.136], [30.797, 28.094], [30.845, 28.052], [30.845, 28.01], [30.845, 27.967], [30.845, 27.925], [30.845, 27.883], [30.893, 27.841], [30.893, 27.798], [30.893, 27.756], [30.893, 27.714], [30.893, 27.671], [30.893, 27.629], [30.893, 27.587], [30.845, 27.587], [30.797, 27.587], [30.749, 27.587], [30.701, 27.629], [30.654, 27.629], [30.606, 27.629], [30.558, 27.629], [30.51, 27.587], [30.462, 27.587], [30.415, 27.629], [30.367, 27.671], [30.319, 27.714], [30.271, 27.714], [30.223, 27.714], [30.175, 27.714], [30.128, 27.714], [30.08, 27.714], [30.032, 27.671], [29.984, 27.671], [29.936, 27.671], [29.889, 27.671], [29.841, 27.671], [29.793, 27.671], [29.745, 27.629], [29.697, 27.629], [29.65, 27.629], [29.602, 27.587], [29.554, 27.544], [29.506, 27.587], [29.458, 27.587], [29.411, 27.587], [29.363, 27.587], [29.315, 27.587], [29.267, 27.587], [29.219, 27.544], [29.172, 27.587], [29.124, 27.587], [29.076, 27.629], [29.028, 27.629], [28.98, 27.587], [28.932, 27.544], [28.932, 27.502], [28.885, 27.459], [28.837, 27.417], [28.789, 27.375], [28.741, 27.375], [28.693, 27.375], [28.646, 27.375], [28.598, 27.332], [28.55, 27.375], [28.502, 27.375], [28.454, 27.375], [28.407, 27.375], [28.359, 27.375], [28.311, 27.375], [28.263, 27.375], [28.215, 27.375], [28.168, 27.375], [28.12, 27.417], [28.12, 27.459], [28.12, 27.502], [28.12, 27.544], [28.12, 27.587], [28.168, 27.629], [28.215, 27.671], [28.263, 27.671], [28.311, 27.671], [28.359, 27.671], [28.359, 27.671]]}, "properties": {"route_id": "RT_032", "nom": "Foyers-Purs ↔ Voie-Pure-des-Vallées", "origine": "AUX_FOYERS-PURS", "destination": "AUX_VOIE-PURE", "modes_declares": "[\"fluvial\", \"maritime_cabotage\"]", "longueur_km": 2726, "km_par_milieu": "{\"mer Halakhel\": 93, \"océan\": 1861, \"fleuve (aval)\": 291, \"fleuve (amont)\": 223, \"terre\": 246}", "km_hors_modes_declares": "{\"terre\": 233}", "ruptures_de_charge": 4, "duree_jours": 46.0, "altitude_max_m": 2068, "denivele_positif_m": 842, "cols_franchis": "[]", "mois_ouverts": null, "milieux_km": "{\"plaine_alluviale\": 532, \"fourre_cotier_sec\": 81, \"steppe_piemont\": 79, \"desert_pierreux\": 59}", "facies_km": "{\"Hiver Jaune\": 508, \"Hiver Gris\": 126, \"hors |'Arin\": 91, \"Hiver de Vapeur\": 32}", "trouees": "[]", "via": "[]", "vol_oiseau_km": 1799, "statut": "tracé"}}, {"type": "Feature", "geometry": {"type": "LineString", "coordinates": [[-4.963, 5.19], [-5.011, 5.143], [-5.058, 5.095], [-5.106, 5.095], [-5.154, 5.095], [-5.202, 5.095], [-5.25, 5.095], [-5.297, 5.095], [-5.345, 5.048], [-5.393, 5.048], [-5.441, 5.048], [-5.489, 5.048], [-5.537, 5.048], [-5.584, 5.048], [-5.632, 5.048], [-5.68, 5.0], [-5.728, 5.0], [-5.776, 5.0], [-5.823, 5.0], [-5.871, 4.952], [-5.919, 4.952], [-5.967, 4.952], [-6.015, 4.905], [-6.062, 4.905], [-6.11, 4.857], [-6.158, 4.857], [-6.206, 4.857], [-6.254, 4.809], [-6.301, 4.809], [-6.349, 4.809], [-6.397, 4.762], [-6.445, 4.762], [-6.493, 4.714], [-6.54, 4.714], [-6.588, 4.714], [-6.636, 4.667], [-6.684, 4.667], [-6.732, 4.667], [-6.78, 4.619], [-6.827, 4.619], [-6.875, 4.619], [-6.923, 4.571], [-6.971, 4.524], [-7.019, 4.524], [-7.066, 4.476], [-7.114, 4.476], [-7.162, 4.476], [-7.21, 4.428], [-7.258, 4.428], [-7.305, 4.381], [-7.353, 4.381], [-7.401, 4.333], [-7.449, 4.333], [-7.497, 4.333], [-7.544, 4.333], [-7.592, 4.333], [-7.64, 4.333], [-7.688, 4.381], [-7.736, 4.381], [-7.783, 4.381], [-7.831, 4.428], [-7.879, 4.428], [-7.927, 4.476], [-7.975, 4.476], [-8.023, 4.524], [-8.07, 4.524], [-8.118, 4.524], [-8.166, 4.524], [-8.214, 4.571], [-8.262, 4.571], [-8.309, 4.571], [-8.357, 4.619], [-8.405, 4.619], [-8.453, 4.667], [-8.501, 4.667], [-8.548, 4.714], [-8.596, 4.714], [-8.644, 4.762], [-8.692, 4.762], [-8.74, 4.809], [-8.787, 4.857], [-8.835, 4.857], [-8.883, 4.905], [-8.931, 4.905], [-8.979, 4.952], [-9.026, 5.0], [-9.074, 5.0], [-9.122, 5.048], [-9.17, 5.095], [-9.218, 5.095], [-9.265, 5.143], [-9.313, 5.19], [-9.361, 5.238], [-9.409, 5.286], [-9.457, 5.333], [-9.505, 5.381], [-9.552, 5.428], [-9.6, 5.476], [-9.648, 5.524], [-9.696, 5.571], [-9.744, 5.619], [-9.791, 5.666], [-9.839, 5.714], [-9.887, 5.762], [-9.935, 5.809], [-9.983, 5.809], [-10.03, 5.857], [-10.078, 5.904], [-10.126, 5.952], [-10.174, 5.999], [-10.222, 6.047], [-10.269, 6.047], [-10.317, 6.094], [-10.365, 6.142], [-10.413, 6.142], [-10.461, 6.142], [-10.508, 6.189], [-10.556, 6.189], [-10.604, 6.189], [-10.652, 6.237], [-10.7, 6.237], [-10.748, 6.284], [-10.795, 6.332], [-10.843, 6.38], [-10.891, 6.427], [-10.939, 6.475], [-10.987, 6.522], [-11.034, 6.57], [-11.082, 6.57], [-11.13, 6.617], [-11.178, 6.617], [-11.226, 6.617], [-11.273, 6.665], [-11.321, 6.712], [-11.369, 6.759], [-11.417, 6.807], [-11.465, 6.854], [-11.512, 6.902], [-11.56, 6.949], [-11.608, 6.997], [-11.656, 7.044], [-11.704, 7.044], [-11.751, 7.092], [-11.799, 7.092], [-11.847, 7.139], [-11.895, 7.139], [-11.943, 7.187], [-11.991, 7.187], [-12.038, 7.234], [-12.086, 7.234], [-12.134, 7.234], [-12.182, 7.281], [-12.23, 7.281], [-12.277, 7.281], [-12.325, 7.329], [-12.373, 7.329], [-12.421, 7.329], [-12.469, 7.376], [-12.469, 7.424], [-12.469, 7.471], [-12.516, 7.518], [-12.564, 7.566], [-12.612, 7.613], [-12.66, 7.661], [-12.708, 7.708], [-12.755, 7.755], [-12.803, 7.803], [-12.851, 7.85], [-12.899, 7.897], [-12.899, 7.945], [-12.899, 7.992], [-12.947, 8.039], [-12.994, 8.087], [-13.042, 8.134], [-13.09, 8.181], [-13.138, 8.229], [-13.186, 8.276], [-13.186, 8.323], [-13.233, 8.371], [-13.281, 8.418], [-13.281, 8.465], [-13.281, 8.513], [-13.281, 8.56], [-13.281, 8.607], [-13.281, 8.654], [-13.281, 8.702], [-13.281, 8.749], [-13.281, 8.796], [-13.281, 8.843], [-13.281, 8.891], [-13.329, 8.938], [-13.377, 8.985], [-13.425, 9.032], [-13.473, 9.08], [-13.52, 9.127], [-13.568, 9.174], [-13.616, 9.221], [-13.664, 9.268], [-13.712, 9.315], [-13.759, 9.363], [-13.807, 9.41], [-13.855, 9.457], [-13.903, 9.504], [-13.951, 9.551], [-13.998, 9.598], [-14.046, 9.646], [-14.094, 9.693], [-14.142, 9.74], [-14.19, 9.787], [-14.237, 9.834], [-14.285, 9.881], [-14.333, 9.928], [-14.381, 9.975], [-14.429, 10.022], [-14.476, 10.069], [-14.524, 10.117], [-14.572, 10.164], [-14.62, 10.211], [-14.668, 10.258], [-14.716, 10.305], [-14.763, 10.352], [-14.811, 10.399], [-14.859, 10.446], [-14.907, 10.493], [-14.955, 10.54], [-15.002, 10.587], [-15.05, 10.634], [-15.098, 10.681], [-15.146, 10.728], [-15.194, 10.775], [-15.241, 10.822], [-15.289, 10.869], [-15.337, 10.916], [-15.385, 10.963], [-15.433, 11.009], [-15.48, 11.056], [-15.528, 11.103], [-15.576, 11.15], [-15.624, 11.197], [-15.672, 11.244], [-15.719, 11.291], [-15.767, 11.338], [-15.815, 11.385], [-15.863, 11.432], [-15.911, 11.478], [-15.959, 11.525], [-16.006, 11.572], [-16.054, 11.619], [-16.102, 11.666], [-16.15, 11.713], [-16.198, 11.759], [-16.245, 11.806], [-16.293, 11.853], [-16.341, 11.9], [-16.389, 11.946], [-16.437, 11.993], [-16.484, 12.04], [-16.532, 12.087], [-16.58, 12.134], [-16.628, 12.18], [-16.676, 12.227], [-16.723, 12.274], [-16.771, 12.32], [-16.771, 12.367], [-16.771, 12.414], [-16.771, 12.46], [-16.771, 12.507], [-16.771, 12.554], [-16.771, 12.6], [-16.771, 12.647], [-16.771, 12.694], [-16.771, 12.74], [-16.771, 12.787], [-16.771, 12.834], [-16.771, 12.88], [-16.771, 12.927], [-16.771, 12.973], [-16.771, 13.02], [-16.771, 13.067], [-16.819, 13.113], [-16.819, 13.16], [-16.819, 13.206], [-16.819, 13.253], [-16.819, 13.299], [-16.819, 13.346], [-16.819, 13.392], [-16.819, 13.439], [-16.819, 13.485], [-16.819, 13.532], [-16.819, 13.578], [-16.819, 13.625], [-16.819, 13.671], [-16.819, 13.718], [-16.819, 13.764], [-16.819, 13.811], [-16.819, 13.857], [-16.819, 13.903], [-16.819, 13.95], [-16.867, 13.996], [-16.915, 14.043], [-16.962, 14.089], [-17.01, 14.135], [-17.058, 14.182], [-17.106, 14.228], [-17.154, 14.274], [-17.201, 14.321], [-17.249, 14.367], [-17.297, 14.413], [-17.345, 14.46], [-17.393, 14.506], [-17.441, 14.552], [-17.488, 14.598], [-17.536, 14.645], [-17.536, 14.691], [-17.536, 14.737], [-17.536, 14.783], [-17.536, 14.83], [-17.536, 14.876], [-17.536, 14.922], [-17.536, 14.968], [-17.488, 15.014], [-17.441, 15.061], [-17.393, 15.107], [-17.345, 15.153], [-17.345, 15.199], [-17.297, 15.245], [-17.249, 15.291], [-17.201, 15.337], [-17.154, 15.384], [-17.154, 15.43], [-17.106, 15.476], [-17.058, 15.522], [-17.058, 15.568], [-17.01, 15.614], [-17.01, 15.66], [-16.962, 15.706], [-16.962, 15.752], [-16.915, 15.798], [-16.915, 15.844], [-16.915, 15.89], [-16.915, 15.936], [-16.915, 15.982], [-16.915, 16.028], [-16.915, 16.074], [-16.915, 16.12], [-16.915, 16.166], [-16.915, 16.212], [-16.867, 16.257], [-16.867, 16.303], [-16.867, 16.349], [-16.867, 16.395], [-16.819, 16.441], [-16.819, 16.487], [-16.819, 16.533], [-16.819, 16.578], [-16.819, 16.624], [-16.771, 16.67], [-16.771, 16.716], [-16.771, 16.762], [-16.723, 16.807], [-16.723, 16.853], [-16.723, 16.899], [-16.676, 16.945], [-16.676, 16.99], [-16.628, 17.036], [-16.628, 17.082], [-16.58, 17.127], [-16.58, 17.173], [-16.532, 17.219], [-16.532, 17.264], [-16.484, 17.31], [-16.484, 17.356], [-16.484, 17.401], [-16.437, 17.447], [-16.437, 17.493], [-16.437, 17.538], [-16.437, 17.584], [-16.389, 17.629], [-16.389, 17.675], [-16.389, 17.72], [-16.389, 17.766], [-16.389, 17.812], [-16.389, 17.857], [-16.389, 17.903], [-16.389, 17.948], [-16.389, 17.993], [-16.389, 18.039], [-16.389, 18.084], [-16.389, 18.13], [-16.389, 18.175], [-16.389, 18.221], [-16.389, 18.266], [-16.389, 18.311], [-16.389, 18.357], [-16.389, 18.402], [-16.389, 18.448], [-16.389, 18.493], [-16.389, 18.538], [-16.389, 18.584], [-16.389, 18.629], [-16.389, 18.674], [-16.389, 18.719], [-16.389, 18.765], [-16.389, 18.81], [-16.389, 18.855], [-16.389, 18.9], [-16.389, 18.946], [-16.389, 18.991], [-16.389, 19.036], [-16.389, 19.081], [-16.437, 19.126], [-16.484, 19.172], [-16.532, 19.217], [-16.532, 19.262], [-16.532, 19.307], [-16.532, 19.352], [-16.532, 19.397], [-16.532, 19.442], [-16.532, 19.487], [-16.532, 19.532], [-16.532, 19.578], [-16.532, 19.623], [-16.532, 19.668], [-16.532, 19.713], [-16.532, 19.758], [-16.532, 19.803], [-16.532, 19.848], [-16.532, 19.893], [-16.532, 19.937], [-16.532, 19.982], [-16.532, 20.027], [-16.532, 20.072], [-16.532, 20.117], [-16.532, 20.162], [-16.532, 20.207], [-16.58, 20.252], [-16.628, 20.297], [-16.676, 20.341], [-16.723, 20.386], [-16.771, 20.431], [-16.819, 20.476], [-16.867, 20.521], [-16.915, 20.565], [-16.962, 20.61], [-17.01, 20.655], [-17.058, 20.7], [-17.106, 20.744], [-17.154, 20.789], [-17.154, 20.834], [-17.154, 20.878], [-17.154, 20.923], [-17.154, 20.968], [-17.154, 21.012], [-17.154, 21.057], [-17.154, 21.102], [-17.154, 21.146], [-17.154, 21.191], [-17.154, 21.235], [-17.154, 21.28], [-17.154, 21.324], [-17.154, 21.369], [-17.154, 21.413], [-17.154, 21.458], [-17.154, 21.502], [-17.154, 21.547], [-17.154, 21.591], [-17.154, 21.636], [-17.154, 21.68], [-17.154, 21.725], [-17.154, 21.769], [-17.154, 21.813], [-17.154, 21.858], [-17.154, 21.902], [-17.154, 21.947], [-17.154, 21.991], [-17.154, 22.035], [-17.154, 22.08], [-17.154, 22.124], [-17.154, 22.168], [-17.154, 22.212], [-17.154, 22.257], [-17.106, 22.301], [-17.058, 22.345], [-17.01, 22.389], [-16.962, 22.433], [-16.915, 22.478], [-16.867, 22.522], [-16.819, 22.566], [-16.771, 22.61], [-16.723, 22.654], [-16.723, 22.698], [-16.723, 22.742], [-16.723, 22.787], [-16.676, 22.831], [-16.676, 22.875], [-16.676, 22.919], [-16.628, 22.963], [-16.628, 23.007], [-16.58, 23.051], [-16.58, 23.095], [-16.58, 23.139], [-16.58, 23.183], [-16.532, 23.227], [-16.532, 23.271], [-16.484, 23.314], [-16.437, 23.358], [-16.437, 23.402], [-16.389, 23.446], [-16.389, 23.49], [-16.389, 23.534], [-16.389, 23.578], [-16.389, 23.621], [-16.389, 23.665], [-16.389, 23.709], [-16.341, 23.753], [-16.341, 23.796], [-16.293, 23.84], [-16.293, 23.884], [-16.245, 23.928], [-16.198, 23.971], [-16.15, 24.015], [-16.102, 24.059], [-16.054, 24.102], [-16.006, 24.146], [-15.959, 24.19], [-15.911, 24.233], [-15.863, 24.277], [-15.815, 24.32], [-15.767, 24.364], [-15.719, 24.407], [-15.672, 24.451], [-15.624, 24.494], [-15.576, 24.538], [-15.528, 24.581], [-15.48, 24.625], [-15.433, 24.668], [-15.385, 24.712], [-15.337, 24.755], [-15.289, 24.799], [-15.289, 24.842], [-15.241, 24.885], [-15.241, 24.929], [-15.241, 24.972], [-15.241, 25.015], [-15.241, 25.059], [-15.241, 25.102], [-15.241, 25.145], [-15.241, 25.189], [-15.241, 25.232], [-15.241, 25.275], [-15.241, 25.318], [-15.241, 25.362], [-15.194, 25.405], [-15.194, 25.448], [-15.194, 25.491], [-15.146, 25.534], [-15.146, 25.577], [-15.098, 25.62], [-15.098, 25.664], [-15.05, 25.707], [-15.05, 25.75], [-15.05, 25.793], [-15.002, 25.836], [-15.002, 25.879], [-14.955, 25.922], [-14.955, 25.965], [-14.907, 26.008], [-14.859, 26.051], [-14.811, 26.094], [-14.763, 26.137], [-14.716, 26.18], [-14.668, 26.222], [-14.62, 26.265], [-14.572, 26.308], [-14.524, 26.351], [-14.476, 26.394], [-14.429, 26.437], [-14.381, 26.479], [-14.333, 26.522], [-14.285, 26.565], [-14.237, 26.608], [-14.19, 26.65], [-14.142, 26.693], [-14.094, 26.736], [-14.046, 26.779], [-13.998, 26.821], [-13.951, 26.864], [-13.903, 26.907], [-13.903, 26.949], [-13.855, 26.992], [-13.855, 27.034], [-13.807, 27.077], [-13.759, 27.12], [-13.712, 27.162], [-13.664, 27.205], [-13.616, 27.247], [-13.568, 27.29], [-13.52, 27.332], [-13.473, 27.375], [-13.425, 27.417], [-13.377, 27.459], [-13.329, 27.502], [-13.281, 27.544], [-13.233, 27.587], [-13.186, 27.629], [-13.138, 27.671], [-13.09, 27.714], [-13.042, 27.756], [-12.994, 27.798], [-12.947, 27.841], [-12.899, 27.883], [-12.851, 27.925], [-12.803, 27.967], [-12.755, 28.01], [-12.708, 28.052], [-12.66, 28.094], [-12.612, 28.136], [-12.564, 28.136], [-12.516, 28.136], [-12.469, 28.136], [-12.421, 28.178], [-12.373, 28.178], [-12.325, 28.178], [-12.277, 28.22], [-12.23, 28.22], [-12.182, 28.22], [-12.134, 28.22], [-12.086, 28.262], [-12.038, 28.262], [-11.991, 28.262], [-11.943, 28.305], [-11.895, 28.305], [-11.847, 28.305], [-11.799, 28.347], [-11.751, 28.347], [-11.704, 28.389], [-11.656, 28.431], [-11.608, 28.473], [-11.56, 28.515], [-11.512, 28.557], [-11.465, 28.599], [-11.417, 28.641], [-11.369, 28.683], [-11.321, 28.725], [-11.273, 28.767], [-11.226, 28.808], [-11.178, 28.808], [-11.13, 28.85], [-11.082, 28.892], [-11.034, 28.892], [-10.987, 28.934], [-10.939, 28.934], [-10.891, 28.976], [-10.843, 29.018], [-10.795, 29.059], [-10.748, 29.059], [-10.7, 29.101], [-10.652, 29.143], [-10.604, 29.185], [-10.556, 29.185], [-10.508, 29.185], [-10.461, 29.185], [-10.413, 29.185], [-10.365, 29.185], [-10.317, 29.185], [-10.269, 29.185], [-10.222, 29.185], [-10.174, 29.185], [-10.126, 29.185], [-10.078, 29.143], [-10.03, 29.101], [-9.983, 29.101], [-9.935, 29.059], [-9.887, 29.018], [-9.839, 29.018], [-9.791, 29.018], [-9.744, 29.018], [-9.696, 28.976], [-9.648, 28.934], [-9.6, 28.892], [-9.552, 28.85], [-9.505, 28.808], [-9.457, 28.767], [-9.409, 28.767], [-9.361, 28.725], [-9.313, 28.725], [-9.265, 28.725], [-9.218, 28.725], [-9.17, 28.725], [-9.122, 28.725], [-9.074, 28.683], [-9.026, 28.641], [-8.979, 28.641], [-8.931, 28.641], [-8.883, 28.599], [-8.835, 28.557], [-8.787, 28.557], [-8.74, 28.557], [-8.692, 28.557], [-8.644, 28.557], [-8.596, 28.557], [-8.548, 28.557], [-8.501, 28.557], [-8.453, 28.557], [-8.405, 28.557], [-8.357, 28.515], [-8.309, 28.515], [-8.262, 28.473], [-8.214, 28.431], [-8.166, 28.431], [-8.118, 28.431], [-8.07, 28.431], [-8.023, 28.431], [-7.975, 28.389], [-7.927, 28.347], [-7.879, 28.305], [-7.831, 28.262], [-7.783, 28.22], [-7.736, 28.178], [-7.688, 28.136], [-7.64, 28.094], [-7.592, 28.094], [-7.544, 28.136], [-7.497, 28.178], [-7.497, 28.22], [-7.497, 28.22]]}, "properties": {"route_id": "RT_033", "nom": "Forges-des-Coques ↔ Cercle-Sans-Juron", "origine": "AUX_FORGES-DES-COQUES", "destination": "AUX_CERCLE-SANS-JURON", "modes_declares": "[\"maritime_cabotage\"]", "longueur_km": 4418, "km_par_milieu": "{\"mer Halakhel\": 18, \"océan\": 4103, \"terre\": 289}", "km_hors_modes_declares": "{\"terre\": 280}", "ruptures_de_charge": 3, "duree_jours": 66.0, "altitude_max_m": 646, "denivele_positif_m": 532, "cols_franchis": "[]", "mois_ouverts": null, "milieux_km": "{\"steppe_piemont\": 134, \"herbage_arbore\": 126, \"desert_pierreux\": 31}", "facies_km": "{\"Hiver Gris\": 161, \"hiver pluvieux tempéré\": 69, \"Hiver Jaune\": 36, \"Hiver de Vapeur\": 25}", "trouees": "[]", "via": "[]", "vol_oiseau_km": 2560, "statut": "tracé"}}, {"type": "Feature", "geometry": {"type": "LineString", "coordinates": [[38.303, 12.414], [38.351, 12.46], [38.398, 12.507], [38.446, 12.554], [38.446, 12.6], [38.446, 12.647], [38.446, 12.694], [38.494, 12.74], [38.494, 12.787], [38.542, 12.834], [38.59, 12.88], [38.59, 12.927], [38.59, 12.973], [38.637, 13.02], [38.637, 13.067], [38.637, 13.113], [38.637, 13.16], [38.637, 13.206], [38.637, 13.253], [38.637, 13.299], [38.637, 13.346], [38.637, 13.392], [38.637, 13.439], [38.637, 13.485], [38.637, 13.532], [38.637, 13.578], [38.637, 13.625], [38.637, 13.671], [38.637, 13.718], [38.637, 13.764], [38.637, 13.811], [38.637, 13.857], [38.637, 13.903], [38.637, 13.95], [38.637, 13.996], [38.637, 14.043], [38.637, 14.089], [38.637, 14.135], [38.637, 14.182], [38.637, 14.228], [38.637, 14.274], [38.685, 14.321], [38.685, 14.367], [38.685, 14.413], [38.685, 14.46], [38.685, 14.506], [38.685, 14.552], [38.685, 14.598], [38.685, 14.598]]}, "properties": {"route_id": "RT_034", "nom": "Voie-Desnuées ↔ Foyers-Purs", "origine": "AUX_VOIE-DESNUEES", "destination": "AUX_FOYERS-PURS", "modes_declares": "[\"col_haute_altitude\", \"maritime_cabotage\"]", "longueur_km": 259, "km_par_milieu": "{\"terre\": 259}", "km_hors_modes_declares": "{}", "ruptures_de_charge": 0, "duree_jours": 14.0, "altitude_max_m": 2517, "denivele_positif_m": 2316, "cols_franchis": "[]", "mois_ouverts": null, "milieux_km": "{\"desert_pierreux\": 130, \"steppe_piemont\": 129}", "facies_km": "{\"Hiver Jaune\": 247}", "trouees": "[]", "via": "[]", "vol_oiseau_km": 247, "statut": "tracé"}}, {"type": "Feature", "geometry": {"type": "LineString", "coordinates": [[0.583, 24.581], [0.583, 24.625], [0.583, 24.668], [0.583, 24.712], [0.583, 24.755], [0.583, 24.799], [0.583, 24.842], [0.583, 24.885], [0.583, 24.929], [0.583, 24.972], [0.583, 25.015], [0.583, 25.059], [0.583, 25.102], [0.583, 25.145], [0.583, 25.189], [0.583, 25.232], [0.583, 25.275], [0.583, 25.318], [0.583, 25.362], [0.583, 25.405], [0.535, 25.448], [0.487, 25.491], [0.439, 25.534], [0.392, 25.577], [0.392, 25.62], [0.344, 25.664], [0.344, 25.707], [0.344, 25.707]]}, "properties": {"route_id": "RT_035", "nom": "Akhileth ↔ Imekh-stom", "origine": "ZRS_AKHILETH_NO", "destination": "LUR_IMEKH-STOM_NO", "modes_declares": "[\"fluvial\", \"maritime_cabotage\"]", "longueur_km": 135, "km_par_milieu": "{\"mer Halakhel\": 53, \"fleuve (amont)\": 5, \"terre\": 74}", "km_hors_modes_declares": "{\"terre\": 72}", "ruptures_de_charge": 1, "duree_jours": 3.7, "altitude_max_m": 397, "denivele_positif_m": 1, "cols_franchis": "[]", "mois_ouverts": null, "milieux_km": "{\"steppe_piemont\": 38}", "facies_km": "{\"hors |'Arin\": 53, \"Hiver de Vapeur\": 24}", "trouees": "[]", "via": "[]", "vol_oiseau_km": 126, "statut": "tracé"}}, {"type": "Feature", "geometry": {"type": "LineString", "coordinates": [[39.45, 15.614], [39.45, 15.66], [39.45, 15.706], [39.45, 15.752], [39.45, 15.798], [39.45, 15.844], [39.45, 15.89], [39.45, 15.936], [39.45, 15.982], [39.45, 16.028], [39.45, 16.074], [39.45, 16.12], [39.45, 16.166], [39.45, 16.212], [39.45, 16.257], [39.45, 16.303], [39.45, 16.349], [39.45, 16.395], [39.45, 16.441], [39.45, 16.487], [39.45, 16.533], [39.45, 16.578], [39.45, 16.624], [39.45, 16.67], [39.45, 16.716], [39.45, 16.762], [39.45, 16.807], [39.45, 16.853], [39.45, 16.899], [39.45, 16.945], [39.45, 16.99], [39.402, 17.036], [39.402, 17.082], [39.402, 17.127], [39.354, 17.173], [39.354, 17.219], [39.354, 17.264], [39.307, 17.31], [39.307, 17.356], [39.307, 17.401], [39.259, 17.447], [39.259, 17.493], [39.259, 17.538], [39.211, 17.584], [39.211, 17.629], [39.163, 17.675], [39.115, 17.72], [39.068, 17.766], [39.02, 17.812], [38.972, 17.857], [38.924, 17.903], [38.876, 17.948], [38.829, 17.993], [38.781, 18.039], [38.733, 18.084], [38.685, 18.13], [38.637, 18.175], [38.59, 18.221], [38.542, 18.266], [38.494, 18.311], [38.446, 18.357], [38.398, 18.402], [38.351, 18.448], [38.303, 18.493], [38.255, 18.538], [38.207, 18.584], [38.159, 18.629], [38.111, 18.674], [38.064, 18.719], [38.016, 18.765], [37.968, 18.81], [37.92, 18.855], [37.872, 18.9], [37.825, 18.946], [37.777, 18.991], [37.729, 19.036], [37.729, 19.081], [37.729, 19.126], [37.681, 19.172], [37.681, 19.217], [37.681, 19.262], [37.633, 19.307], [37.633, 19.352], [37.633, 19.397], [37.633, 19.442], [37.633, 19.487], [37.586, 19.532], [37.586, 19.578], [37.586, 19.623], [37.586, 19.668], [37.586, 19.713], [37.586, 19.758], [37.586, 19.803], [37.586, 19.848], [37.586, 19.893], [37.586, 19.937], [37.586, 19.982], [37.586, 20.027], [37.538, 20.072], [37.538, 20.117], [37.538, 20.162], [37.538, 20.207], [37.538, 20.252], [37.538, 20.297], [37.538, 20.341], [37.538, 20.386], [37.538, 20.431], [37.538, 20.476], [37.538, 20.521], [37.538, 20.565], [37.538, 20.61], [37.538, 20.655], [37.538, 20.7], [37.538, 20.744], [37.538, 20.789], [37.538, 20.834], [37.49, 20.878], [37.442, 20.923], [37.394, 20.968], [37.394, 21.012], [37.347, 21.057], [37.299, 21.102], [37.299, 21.146], [37.251, 21.191], [37.251, 21.235], [37.251, 21.28], [37.251, 21.324], [37.251, 21.369], [37.251, 21.413], [37.251, 21.458], [37.251, 21.502], [37.251, 21.547], [37.251, 21.591], [37.251, 21.636], [37.251, 21.68], [37.203, 21.725], [37.203, 21.769], [37.155, 21.813], [37.155, 21.858], [37.108, 21.902], [37.108, 21.947], [37.06, 21.991], [37.06, 22.035], [37.012, 22.08], [37.012, 22.124], [36.964, 22.168], [36.964, 22.212], [36.916, 22.257], [36.916, 22.301], [36.868, 22.345], [36.821, 22.389], [36.773, 22.433], [36.725, 22.478], [36.677, 22.522], [36.629, 22.566], [36.582, 22.61], [36.534, 22.654], [36.486, 22.698], [36.438, 22.742], [36.39, 22.787], [36.343, 22.831], [36.295, 22.875], [36.247, 22.919], [36.199, 22.963], [36.151, 23.007], [36.104, 23.051], [36.056, 23.095], [36.008, 23.139], [36.008, 23.183], [35.96, 23.227], [35.96, 23.271], [35.96, 23.314], [35.912, 23.358], [35.912, 23.402], [35.912, 23.446], [35.912, 23.49], [35.912, 23.534], [35.912, 23.578], [35.912, 23.621], [35.912, 23.665], [35.912, 23.709], [35.912, 23.753], [35.912, 23.796], [35.912, 23.84], [35.912, 23.884], [35.912, 23.928], [35.912, 23.971], [35.912, 24.015], [35.912, 24.059], [35.912, 24.102], [35.912, 24.146], [35.912, 24.19], [35.912, 24.233], [35.865, 24.277], [35.817, 24.32], [35.769, 24.364], [35.721, 24.407], [35.673, 24.451], [35.673, 24.494], [35.626, 24.538], [35.578, 24.581], [35.578, 24.625], [35.53, 24.668], [35.53, 24.712], [35.482, 24.755], [35.482, 24.799], [35.434, 24.842], [35.434, 24.885], [35.386, 24.929], [35.386, 24.972], [35.339, 25.015], [35.339, 25.059], [35.339, 25.102], [35.291, 25.145], [35.291, 25.189], [35.243, 25.232], [35.243, 25.275], [35.195, 25.318], [35.195, 25.362], [35.147, 25.405], [35.147, 25.448], [35.1, 25.491], [35.1, 25.534], [35.052, 25.577], [35.052, 25.62], [35.052, 25.664], [35.004, 25.707], [35.004, 25.75], [34.956, 25.793], [34.956, 25.836], [34.908, 25.879], [34.908, 25.922], [34.861, 25.965], [34.861, 26.008], [34.813, 26.051], [34.765, 26.094], [34.765, 26.137], [34.717, 26.18], [34.669, 26.222], [34.669, 26.265], [34.622, 26.308], [34.622, 26.351], [34.574, 26.394], [34.574, 26.437], [34.526, 26.479], [34.526, 26.522], [34.478, 26.565], [34.478, 26.608], [34.43, 26.65], [34.43, 26.693], [34.383, 26.736], [34.335, 26.779], [34.335, 26.821], [34.335, 26.864], [34.335, 26.907], [34.335, 26.949], [34.287, 26.992], [34.287, 27.034], [34.287, 27.077], [34.287, 27.12], [34.287, 27.162], [34.239, 27.205], [34.239, 27.247], [34.239, 27.29], [34.191, 27.332], [34.191, 27.375], [34.191, 27.417], [34.191, 27.459], [34.191, 27.502], [34.191, 27.544], [34.191, 27.587], [34.191, 27.629], [34.143, 27.671], [34.096, 27.714], [34.048, 27.756], [34.0, 27.798], [33.952, 27.841], [33.904, 27.883], [33.857, 27.925], [33.809, 27.967], [33.761, 28.01], [33.713, 28.052], [33.665, 28.094], [33.665, 28.136], [33.618, 28.178], [33.57, 28.22], [33.522, 28.262], [33.474, 28.305], [33.426, 28.347], [33.379, 28.389], [33.331, 28.431], [33.283, 28.473], [33.235, 28.515], [33.235, 28.557], [33.187, 28.599], [33.187, 28.641], [33.187, 28.683], [33.187, 28.725], [33.187, 28.767], [33.187, 28.808], [33.14, 28.85], [33.14, 28.892], [33.14, 28.934], [33.092, 28.976], [33.044, 29.018], [32.996, 29.059], [32.948, 29.101], [32.9, 29.143], [32.853, 29.185], [32.805, 29.227], [32.757, 29.268], [32.709, 29.31], [32.661, 29.352], [32.614, 29.393], [32.566, 29.435], [32.518, 29.477], [32.47, 29.518], [32.422, 29.56], [32.375, 29.601], [32.327, 29.643], [32.279, 29.643], [32.231, 29.643], [32.183, 29.643], [32.136, 29.643], [32.088, 29.643], [32.04, 29.643], [31.992, 29.643], [31.944, 29.643], [31.897, 29.643], [31.849, 29.643], [31.801, 29.643], [31.753, 29.643], [31.705, 29.643], [31.658, 29.643], [31.61, 29.643], [31.562, 29.643], [31.514, 29.643], [31.466, 29.643], [31.418, 29.643], [31.371, 29.643], [31.323, 29.643], [31.275, 29.601], [31.275, 29.56], [31.275, 29.518], [31.227, 29.477], [31.227, 29.435], [31.227, 29.393], [31.227, 29.352], [31.227, 29.31], [31.227, 29.268], [31.227, 29.227], [31.179, 29.185], [31.132, 29.143], [31.132, 29.101], [31.084, 29.059], [31.036, 29.018], [30.988, 28.976], [30.94, 28.934], [30.94, 28.892], [30.893, 28.85], [30.893, 28.808], [30.893, 28.767], [30.845, 28.725], [30.845, 28.683], [30.845, 28.641], [30.845, 28.599], [30.797, 28.557], [30.797, 28.515], [30.797, 28.473], [30.797, 28.431], [30.749, 28.389], [30.749, 28.347], [30.749, 28.305], [30.749, 28.262], [30.749, 28.22], [30.749, 28.178], [30.749, 28.136], [30.797, 28.094], [30.845, 28.052], [30.845, 28.01], [30.845, 27.967], [30.845, 27.925], [30.845, 27.883], [30.893, 27.841], [30.893, 27.798], [30.893, 27.756], [30.893, 27.714], [30.893, 27.671], [30.893, 27.629], [30.893, 27.587], [30.845, 27.587], [30.797, 27.587], [30.749, 27.587], [30.701, 27.629], [30.654, 27.629], [30.606, 27.629], [30.558, 27.629], [30.51, 27.587], [30.462, 27.587], [30.415, 27.629], [30.367, 27.671], [30.319, 27.714], [30.271, 27.714], [30.223, 27.714], [30.175, 27.714], [30.128, 27.714], [30.08, 27.714], [30.032, 27.671], [29.984, 27.671], [29.936, 27.671], [29.889, 27.671], [29.841, 27.671], [29.793, 27.671], [29.745, 27.629], [29.697, 27.629], [29.65, 27.629], [29.602, 27.587], [29.554, 27.544], [29.506, 27.587], [29.458, 27.587], [29.411, 27.587], [29.363, 27.587], [29.315, 27.587], [29.267, 27.587], [29.219, 27.544], [29.172, 27.587], [29.124, 27.587], [29.076, 27.629], [29.028, 27.629], [28.98, 27.629], [28.932, 27.587], [28.885, 27.629], [28.885, 27.629]]}, "properties": {"route_id": "RT_036", "nom": "K'uré-tawa ↔ Abnaqil", "origine": "LUR_KURE-TAWA_SE", "destination": "LUR_ABNAQIL_NE", "modes_declares": "[\"fluvial\", \"maritime_cabotage\"]", "longueur_km": 2436, "km_par_milieu": "{\"océan\": 1843, \"fleuve (aval)\": 260, \"fleuve (amont)\": 213, \"terre\": 114}", "km_hors_modes_declares": "{\"terre\": 109}", "ruptures_de_charge": 2, "duree_jours": 39.0, "altitude_max_m": 441, "denivele_positif_m": 538, "cols_franchis": "[]", "mois_ouverts": null, "milieux_km": "{\"plaine_alluviale\": 493, \"fourre_cotier_sec\": 81}", "facies_km": "{\"Hiver Jaune\": 410, \"Hiver Gris\": 126, \"hors |'Arin\": 41}", "trouees": "[]", "via": "[]", "vol_oiseau_km": 1719, "statut": "tracé"}}, {"type": "Feature", "geometry": {"type": "LineString", "coordinates": [[-4.963, 5.19], [-5.011, 5.143], [-5.058, 5.095], [-5.106, 5.095], [-5.154, 5.095], [-5.202, 5.095], [-5.25, 5.095], [-5.297, 5.095], [-5.345, 5.048], [-5.393, 5.048], [-5.441, 5.048], [-5.489, 5.048], [-5.537, 5.048], [-5.584, 5.048], [-5.632, 5.048], [-5.68, 5.0], [-5.728, 5.0], [-5.776, 5.0], [-5.823, 5.0], [-5.871, 4.952], [-5.919, 4.952], [-5.967, 4.952], [-6.015, 4.905], [-6.062, 4.905], [-6.11, 4.857], [-6.158, 4.857], [-6.206, 4.857], [-6.254, 4.809], [-6.301, 4.809], [-6.349, 4.809], [-6.397, 4.762], [-6.445, 4.762], [-6.493, 4.714], [-6.54, 4.714], [-6.588, 4.714], [-6.636, 4.667], [-6.684, 4.667], [-6.732, 4.667], [-6.78, 4.619], [-6.827, 4.619], [-6.875, 4.619], [-6.923, 4.571], [-6.971, 4.524], [-7.019, 4.524], [-7.066, 4.476], [-7.114, 4.476], [-7.162, 4.476], [-7.21, 4.428], [-7.258, 4.428], [-7.305, 4.381], [-7.353, 4.381], [-7.401, 4.333], [-7.449, 4.333], [-7.497, 4.333], [-7.544, 4.333], [-7.592, 4.333], [-7.64, 4.333], [-7.688, 4.381], [-7.736, 4.381], [-7.783, 4.381], [-7.831, 4.428], [-7.879, 4.428], [-7.927, 4.476], [-7.975, 4.476], [-8.023, 4.524], [-8.07, 4.524], [-8.118, 4.524], [-8.166, 4.524], [-8.214, 4.571], [-8.262, 4.571], [-8.309, 4.571], [-8.357, 4.619], [-8.405, 4.619], [-8.453, 4.667], [-8.501, 4.667], [-8.548, 4.714], [-8.596, 4.714], [-8.644, 4.762], [-8.692, 4.762], [-8.74, 4.809], [-8.787, 4.857], [-8.835, 4.857], [-8.883, 4.905], [-8.931, 4.905], [-8.979, 4.952], [-9.026, 5.0], [-9.074, 5.0], [-9.122, 5.048], [-9.17, 5.095], [-9.218, 5.095], [-9.265, 5.143], [-9.313, 5.19], [-9.361, 5.238], [-9.409, 5.286], [-9.457, 5.333], [-9.505, 5.381], [-9.552, 5.428], [-9.6, 5.476], [-9.648, 5.524], [-9.696, 5.571], [-9.744, 5.619], [-9.791, 5.666], [-9.839, 5.714], [-9.887, 5.762], [-9.935, 5.809], [-9.983, 5.809], [-10.03, 5.857], [-10.078, 5.904], [-10.126, 5.952], [-10.174, 5.999], [-10.222, 6.047], [-10.269, 6.047], [-10.317, 6.094], [-10.365, 6.142], [-10.413, 6.142], [-10.461, 6.142], [-10.508, 6.189], [-10.556, 6.189], [-10.604, 6.189], [-10.652, 6.237], [-10.7, 6.237], [-10.748, 6.284], [-10.795, 6.332], [-10.843, 6.38], [-10.891, 6.427], [-10.939, 6.475], [-10.987, 6.522], [-11.034, 6.57], [-11.082, 6.57], [-11.13, 6.617], [-11.178, 6.617], [-11.226, 6.617], [-11.273, 6.665], [-11.321, 6.712], [-11.369, 6.759], [-11.417, 6.807], [-11.465, 6.854], [-11.512, 6.902], [-11.56, 6.949], [-11.608, 6.997], [-11.656, 7.044], [-11.704, 7.044], [-11.751, 7.092], [-11.799, 7.092], [-11.847, 7.139], [-11.895, 7.139], [-11.943, 7.187], [-11.991, 7.187], [-12.038, 7.234], [-12.086, 7.234], [-12.134, 7.234], [-12.182, 7.281], [-12.23, 7.281], [-12.277, 7.281], [-12.325, 7.329], [-12.373, 7.329], [-12.421, 7.329], [-12.469, 7.376], [-12.469, 7.424], [-12.469, 7.471], [-12.516, 7.518], [-12.564, 7.566], [-12.612, 7.613], [-12.66, 7.661], [-12.708, 7.708], [-12.755, 7.755], [-12.803, 7.803], [-12.851, 7.85], [-12.899, 7.897], [-12.899, 7.945], [-12.899, 7.992], [-12.947, 8.039], [-12.994, 8.087], [-13.042, 8.134], [-13.09, 8.181], [-13.138, 8.229], [-13.186, 8.276], [-13.186, 8.323], [-13.233, 8.371], [-13.281, 8.418], [-13.281, 8.465], [-13.281, 8.513], [-13.281, 8.56], [-13.281, 8.607], [-13.281, 8.654], [-13.281, 8.702], [-13.281, 8.749], [-13.281, 8.796], [-13.281, 8.843], [-13.281, 8.891], [-13.329, 8.938], [-13.377, 8.985], [-13.425, 9.032], [-13.473, 9.08], [-13.52, 9.127], [-13.568, 9.174], [-13.616, 9.221], [-13.664, 9.268], [-13.712, 9.315], [-13.759, 9.363], [-13.807, 9.41], [-13.855, 9.457], [-13.903, 9.504], [-13.951, 9.551], [-13.998, 9.598], [-14.046, 9.646], [-14.094, 9.693], [-14.142, 9.74], [-14.19, 9.787], [-14.237, 9.834], [-14.285, 9.881], [-14.333, 9.928], [-14.381, 9.975], [-14.429, 10.022], [-14.476, 10.069], [-14.524, 10.117], [-14.572, 10.164], [-14.62, 10.211], [-14.668, 10.258], [-14.716, 10.305], [-14.763, 10.352], [-14.811, 10.399], [-14.859, 10.446], [-14.907, 10.493], [-14.955, 10.54], [-15.002, 10.587], [-15.05, 10.634], [-15.098, 10.681], [-15.146, 10.728], [-15.194, 10.775], [-15.241, 10.822], [-15.289, 10.869], [-15.337, 10.916], [-15.385, 10.963], [-15.433, 11.009], [-15.48, 11.056], [-15.528, 11.103], [-15.576, 11.15], [-15.624, 11.197], [-15.672, 11.244], [-15.719, 11.291], [-15.767, 11.338], [-15.815, 11.385], [-15.863, 11.432], [-15.911, 11.478], [-15.959, 11.525], [-16.006, 11.572], [-16.054, 11.619], [-16.102, 11.666], [-16.15, 11.713], [-16.198, 11.759], [-16.245, 11.806], [-16.293, 11.853], [-16.341, 11.9], [-16.389, 11.946], [-16.437, 11.993], [-16.484, 12.04], [-16.532, 12.087], [-16.58, 12.134], [-16.628, 12.18], [-16.676, 12.227], [-16.723, 12.274], [-16.771, 12.32], [-16.771, 12.367], [-16.771, 12.414], [-16.771, 12.46], [-16.771, 12.507], [-16.771, 12.554], [-16.771, 12.6], [-16.771, 12.647], [-16.771, 12.694], [-16.771, 12.74], [-16.771, 12.787], [-16.771, 12.834], [-16.771, 12.88], [-16.771, 12.927], [-16.771, 12.973], [-16.771, 13.02], [-16.771, 13.067], [-16.819, 13.113], [-16.819, 13.16], [-16.819, 13.206], [-16.819, 13.253], [-16.819, 13.299], [-16.819, 13.346], [-16.819, 13.392], [-16.819, 13.439], [-16.819, 13.485], [-16.819, 13.532], [-16.819, 13.578], [-16.819, 13.625], [-16.819, 13.671], [-16.819, 13.718], [-16.819, 13.764], [-16.819, 13.811], [-16.819, 13.857], [-16.819, 13.903], [-16.819, 13.95], [-16.867, 13.996], [-16.915, 14.043], [-16.962, 14.089], [-17.01, 14.135], [-17.058, 14.182], [-17.106, 14.228], [-17.154, 14.274], [-17.201, 14.321], [-17.249, 14.367], [-17.297, 14.413], [-17.345, 14.46], [-17.393, 14.506], [-17.441, 14.552], [-17.488, 14.598], [-17.536, 14.645], [-17.536, 14.691], [-17.536, 14.737], [-17.536, 14.783], [-17.536, 14.83], [-17.536, 14.876], [-17.536, 14.922], [-17.536, 14.968], [-17.488, 15.014], [-17.441, 15.061], [-17.393, 15.107], [-17.345, 15.153], [-17.345, 15.199], [-17.297, 15.245], [-17.249, 15.291], [-17.201, 15.337], [-17.154, 15.384], [-17.154, 15.43], [-17.106, 15.476], [-17.058, 15.522], [-17.058, 15.568], [-17.01, 15.614], [-17.01, 15.66], [-16.962, 15.706], [-16.962, 15.752], [-16.915, 15.798], [-16.915, 15.844], [-16.915, 15.89], [-16.915, 15.936], [-16.915, 15.982], [-16.915, 16.028], [-16.915, 16.074], [-16.915, 16.12], [-16.915, 16.166], [-16.915, 16.212], [-16.867, 16.257], [-16.867, 16.303], [-16.867, 16.349], [-16.867, 16.395], [-16.819, 16.441], [-16.819, 16.487], [-16.819, 16.533], [-16.819, 16.578], [-16.819, 16.624], [-16.771, 16.67], [-16.771, 16.716], [-16.771, 16.762], [-16.723, 16.807], [-16.723, 16.853], [-16.723, 16.899], [-16.676, 16.945], [-16.676, 16.99], [-16.628, 17.036], [-16.628, 17.082], [-16.58, 17.127], [-16.58, 17.173], [-16.532, 17.219], [-16.532, 17.264], [-16.484, 17.31], [-16.484, 17.356], [-16.484, 17.401], [-16.437, 17.447], [-16.437, 17.493], [-16.437, 17.538], [-16.437, 17.584], [-16.389, 17.629], [-16.389, 17.675], [-16.389, 17.72], [-16.389, 17.766], [-16.389, 17.812], [-16.389, 17.857], [-16.389, 17.903], [-16.389, 17.948], [-16.389, 17.993], [-16.389, 18.039], [-16.389, 18.084], [-16.389, 18.13], [-16.389, 18.175], [-16.389, 18.221], [-16.389, 18.266], [-16.389, 18.311], [-16.389, 18.357], [-16.389, 18.402], [-16.389, 18.448], [-16.389, 18.493], [-16.389, 18.538], [-16.389, 18.584], [-16.389, 18.629], [-16.389, 18.674], [-16.389, 18.719], [-16.389, 18.765], [-16.389, 18.81], [-16.389, 18.855], [-16.389, 18.9], [-16.389, 18.946], [-16.389, 18.991], [-16.389, 19.036], [-16.389, 19.081], [-16.437, 19.126], [-16.484, 19.172], [-16.532, 19.217], [-16.532, 19.262], [-16.532, 19.307], [-16.532, 19.352], [-16.532, 19.397], [-16.532, 19.442], [-16.532, 19.487], [-16.532, 19.532], [-16.532, 19.578], [-16.532, 19.623], [-16.532, 19.668], [-16.532, 19.713], [-16.532, 19.758], [-16.532, 19.803], [-16.532, 19.848], [-16.532, 19.893], [-16.532, 19.937], [-16.532, 19.982], [-16.532, 20.027], [-16.532, 20.072], [-16.532, 20.117], [-16.532, 20.162], [-16.532, 20.207], [-16.58, 20.252], [-16.628, 20.297], [-16.676, 20.341], [-16.723, 20.386], [-16.771, 20.431], [-16.819, 20.476], [-16.867, 20.521], [-16.915, 20.565], [-16.962, 20.61], [-17.01, 20.655], [-17.058, 20.7], [-17.106, 20.744], [-17.154, 20.789], [-17.154, 20.834], [-17.154, 20.878], [-17.154, 20.923], [-17.154, 20.968], [-17.154, 21.012], [-17.154, 21.057], [-17.154, 21.102], [-17.154, 21.146], [-17.154, 21.191], [-17.154, 21.235], [-17.154, 21.28], [-17.154, 21.324], [-17.154, 21.369], [-17.154, 21.413], [-17.154, 21.458], [-17.154, 21.502], [-17.154, 21.547], [-17.154, 21.591], [-17.154, 21.636], [-17.154, 21.68], [-17.154, 21.725], [-17.154, 21.769], [-17.154, 21.813], [-17.154, 21.858], [-17.154, 21.902], [-17.154, 21.947], [-17.154, 21.991], [-17.154, 22.035], [-17.154, 22.08], [-17.154, 22.124], [-17.154, 22.168], [-17.154, 22.212], [-17.154, 22.257], [-17.106, 22.301], [-17.058, 22.345], [-17.01, 22.389], [-16.962, 22.433], [-16.915, 22.478], [-16.867, 22.522], [-16.819, 22.566], [-16.771, 22.61], [-16.723, 22.654], [-16.723, 22.698], [-16.723, 22.742], [-16.723, 22.787], [-16.676, 22.831], [-16.676, 22.875], [-16.676, 22.919], [-16.628, 22.963], [-16.628, 23.007], [-16.58, 23.051], [-16.58, 23.095], [-16.58, 23.139], [-16.58, 23.183], [-16.532, 23.227], [-16.532, 23.271], [-16.484, 23.314], [-16.437, 23.358], [-16.437, 23.402], [-16.389, 23.446], [-16.389, 23.49], [-16.389, 23.534], [-16.389, 23.578], [-16.389, 23.621], [-16.389, 23.665], [-16.389, 23.709], [-16.341, 23.753], [-16.341, 23.796], [-16.293, 23.84], [-16.293, 23.884], [-16.245, 23.928], [-16.198, 23.971], [-16.15, 24.015], [-16.102, 24.059], [-16.054, 24.102], [-16.006, 24.146], [-15.959, 24.19], [-15.911, 24.233], [-15.863, 24.277], [-15.815, 24.32], [-15.767, 24.364], [-15.719, 24.407], [-15.672, 24.451], [-15.624, 24.494], [-15.576, 24.538], [-15.528, 24.581], [-15.48, 24.625], [-15.433, 24.668], [-15.385, 24.712], [-15.337, 24.755], [-15.289, 24.799], [-15.289, 24.842], [-15.241, 24.885], [-15.241, 24.929], [-15.241, 24.972], [-15.241, 25.015], [-15.241, 25.059], [-15.241, 25.102], [-15.241, 25.145], [-15.241, 25.189], [-15.241, 25.232], [-15.241, 25.275], [-15.241, 25.318], [-15.241, 25.362], [-15.194, 25.405], [-15.194, 25.448], [-15.194, 25.491], [-15.146, 25.534], [-15.146, 25.577], [-15.098, 25.62], [-15.098, 25.664], [-15.05, 25.707], [-15.05, 25.75], [-15.05, 25.793], [-15.002, 25.836], [-15.002, 25.879], [-14.955, 25.922], [-14.955, 25.965], [-14.907, 26.008], [-14.859, 26.051], [-14.811, 26.094], [-14.763, 26.137], [-14.716, 26.18], [-14.668, 26.222], [-14.62, 26.265], [-14.572, 26.308], [-14.524, 26.351], [-14.476, 26.394], [-14.429, 26.437], [-14.381, 26.479], [-14.333, 26.522], [-14.285, 26.565], [-14.237, 26.608], [-14.19, 26.65], [-14.142, 26.693], [-14.094, 26.736], [-14.046, 26.779], [-13.998, 26.821], [-13.951, 26.864], [-13.903, 26.907], [-13.903, 26.949], [-13.855, 26.992], [-13.855, 27.034], [-13.807, 27.077], [-13.759, 27.12], [-13.712, 27.162], [-13.664, 27.205], [-13.616, 27.247], [-13.568, 27.29], [-13.52, 27.332], [-13.473, 27.375], [-13.425, 27.417], [-13.377, 27.459], [-13.329, 27.502], [-13.281, 27.544], [-13.233, 27.587], [-13.186, 27.629], [-13.138, 27.671], [-13.09, 27.714], [-13.042, 27.756], [-12.994, 27.798], [-12.947, 27.841], [-12.899, 27.883], [-12.851, 27.925], [-12.803, 27.967], [-12.755, 28.01], [-12.708, 28.052], [-12.66, 28.094], [-12.612, 28.136], [-12.564, 28.136], [-12.516, 28.136], [-12.469, 28.136], [-12.421, 28.178], [-12.373, 28.178], [-12.325, 28.178], [-12.277, 28.22], [-12.23, 28.22], [-12.182, 28.22], [-12.134, 28.22], [-12.086, 28.262], [-12.038, 28.262], [-11.991, 28.262], [-11.943, 28.305], [-11.895, 28.305], [-11.847, 28.305], [-11.799, 28.347], [-11.751, 28.347], [-11.704, 28.389], [-11.656, 28.431], [-11.608, 28.473], [-11.56, 28.515], [-11.512, 28.557], [-11.465, 28.599], [-11.417, 28.641], [-11.369, 28.683], [-11.321, 28.725], [-11.273, 28.767], [-11.226, 28.808], [-11.178, 28.808], [-11.13, 28.85], [-11.082, 28.892], [-11.034, 28.892], [-10.987, 28.934], [-10.939, 28.934], [-10.891, 28.976], [-10.843, 29.018], [-10.795, 29.059], [-10.748, 29.059], [-10.7, 29.101], [-10.652, 29.143], [-10.604, 29.185], [-10.556, 29.185], [-10.508, 29.185], [-10.461, 29.185], [-10.413, 29.185], [-10.365, 29.185], [-10.317, 29.185], [-10.269, 29.185], [-10.222, 29.185], [-10.174, 29.185], [-10.126, 29.185], [-10.078, 29.143], [-10.03, 29.101], [-9.983, 29.101], [-9.935, 29.059], [-9.887, 29.018], [-9.839, 29.018], [-9.791, 29.018], [-9.744, 29.018], [-9.696, 28.976], [-9.648, 28.934], [-9.6, 28.892], [-9.552, 28.85], [-9.505, 28.808], [-9.457, 28.767], [-9.409, 28.767], [-9.361, 28.725], [-9.313, 28.725], [-9.265, 28.725], [-9.218, 28.725], [-9.17, 28.725], [-9.122, 28.725], [-9.074, 28.683], [-9.026, 28.641], [-8.979, 28.641], [-8.931, 28.641], [-8.883, 28.599], [-8.835, 28.557], [-8.787, 28.557], [-8.74, 28.557], [-8.692, 28.557], [-8.644, 28.557], [-8.596, 28.557], [-8.548, 28.557], [-8.501, 28.557], [-8.453, 28.557], [-8.405, 28.557], [-8.357, 28.515], [-8.309, 28.515], [-8.262, 28.473], [-8.214, 28.431], [-8.166, 28.431], [-8.118, 28.431], [-8.07, 28.431], [-8.023, 28.431], [-7.975, 28.389], [-7.927, 28.347], [-7.879, 28.305], [-7.831, 28.262], [-7.783, 28.22], [-7.736, 28.178], [-7.688, 28.136], [-7.64, 28.094], [-7.592, 28.094], [-7.544, 28.136], [-7.497, 28.136], [-7.449, 28.136], [-7.401, 28.136], [-7.353, 28.136], [-7.305, 28.136], [-7.258, 28.136], [-7.21, 28.136], [-7.162, 28.136], [-7.114, 28.136], [-7.066, 28.136], [-7.019, 28.136], [-6.971, 28.136], [-6.923, 28.136], [-6.875, 28.136], [-6.827, 28.136], [-6.78, 28.136], [-6.732, 28.136], [-6.684, 28.136], [-6.636, 28.136], [-6.588, 28.136], [-6.54, 28.136], [-6.493, 28.136], [-6.445, 28.136], [-6.397, 28.136], [-6.349, 28.136], [-6.301, 28.094], [-6.254, 28.094], [-6.206, 28.052], [-6.158, 28.052], [-6.11, 28.052], [-6.062, 28.094], [-6.015, 28.094], [-5.967, 28.136], [-5.967, 28.178], [-5.967, 28.22], [-5.967, 28.262], [-5.967, 28.262]]}, "properties": {"route_id": "RT_037", "nom": "Kù-kèdà yì Mù-Kíri ↔ Aktrik-khem", "origine": "AUX_KUKEDA-MUKIRI", "destination": "LUR_AKTRIK-KHEM_NO", "modes_declares": "[\"maritime_cabotage\", \"terrestre_caravane\"]", "longueur_km": 4584, "km_par_milieu": "{\"mer Halakhel\": 167, \"océan\": 4103, \"terre\": 304}", "km_hors_modes_declares": "{}", "ruptures_de_charge": 3, "duree_jours": 68.0, "altitude_max_m": 646, "denivele_positif_m": 555, "cols_franchis": "[]", "mois_ouverts": null, "milieux_km": "{\"steppe_piemont\": 134, \"herbage_arbore\": 126, \"desert_pierreux\": 47}", "facies_km": "{\"Hiver Gris\": 161, \"hiver pluvieux tempéré\": 69, \"Hiver de Vapeur\": 40, \"Hiver Jaune\": 36}", "trouees": "[]", "via": "[]", "vol_oiseau_km": 2554, "statut": "tracé"}}, {"type": "Feature", "geometry": {"type": "LineString", "coordinates": [[35.673, 7.613], [35.673, 7.661], [35.721, 7.708], [35.721, 7.755], [35.721, 7.803], [35.721, 7.85], [35.721, 7.897], [35.721, 7.945], [35.721, 7.992], [35.721, 8.039], [35.721, 8.087], [35.721, 8.134], [35.721, 8.181], [35.721, 8.229], [35.721, 8.276], [35.721, 8.323], [35.721, 8.371], [35.721, 8.418], [35.721, 8.465], [35.769, 8.513], [35.769, 8.56], [35.769, 8.607], [35.769, 8.654], [35.769, 8.702], [35.817, 8.749], [35.817, 8.796], [35.817, 8.843], [35.817, 8.891], [35.817, 8.938], [35.817, 8.985], [35.817, 9.032], [35.817, 9.08], [35.817, 9.127], [35.817, 9.174], [35.817, 9.221], [35.817, 9.268], [35.817, 9.315], [35.817, 9.363], [35.817, 9.41], [35.817, 9.457], [35.865, 9.504], [35.865, 9.551], [35.865, 9.598], [35.865, 9.646], [35.865, 9.693], [35.912, 9.74], [35.912, 9.787], [35.96, 9.834], [35.96, 9.881], [36.008, 9.928], [36.056, 9.975], [36.056, 10.022], [36.104, 10.069], [36.151, 10.117], [36.199, 10.164], [36.247, 10.211], [36.295, 10.258], [36.295, 10.305], [36.295, 10.352], [36.295, 10.399], [36.343, 10.446], [36.343, 10.493], [36.343, 10.54], [36.343, 10.587], [36.343, 10.634], [36.343, 10.681], [36.343, 10.728], [36.343, 10.775], [36.343, 10.822], [36.343, 10.869], [36.343, 10.916], [36.343, 10.963], [36.343, 11.009], [36.39, 11.056], [36.39, 11.103], [36.438, 11.15], [36.438, 11.197], [36.486, 11.244], [36.486, 11.291], [36.486, 11.338], [36.486, 11.385], [36.486, 11.432], [36.486, 11.478], [36.486, 11.525], [36.534, 11.572], [36.534, 11.619], [36.534, 11.666], [36.534, 11.713], [36.534, 11.759], [36.534, 11.806], [36.534, 11.853], [36.534, 11.9], [36.534, 11.946], [36.534, 11.993], [36.534, 12.04], [36.534, 12.087], [36.534, 12.134], [36.582, 12.18], [36.629, 12.227], [36.677, 12.274], [36.725, 12.32], [36.773, 12.367], [36.773, 12.414], [36.821, 12.46], [36.868, 12.507], [36.868, 12.554], [36.916, 12.6], [36.964, 12.647], [37.012, 12.694], [37.06, 12.74], [37.108, 12.787], [37.155, 12.834], [37.203, 12.88], [37.251, 12.927], [37.251, 12.973], [37.299, 13.02], [37.347, 13.067], [37.394, 13.113], [37.442, 13.16], [37.49, 13.206], [37.538, 13.253], [37.586, 13.299], [37.586, 13.346], [37.633, 13.392], [37.681, 13.439], [37.729, 13.485], [37.777, 13.532], [37.825, 13.578], [37.872, 13.625], [37.92, 13.671], [37.968, 13.718], [38.016, 13.764], [38.064, 13.811], [38.111, 13.857], [38.159, 13.903], [38.207, 13.95], [38.255, 13.996], [38.303, 14.043], [38.351, 14.089], [38.398, 14.135], [38.398, 14.182], [38.398, 14.228], [38.398, 14.274], [38.398, 14.321], [38.446, 14.367], [38.494, 14.413], [38.542, 14.46], [38.59, 14.506], [38.637, 14.552], [38.685, 14.598], [38.733, 14.645], [38.781, 14.691], [38.829, 14.737], [38.829, 14.783], [38.876, 14.83], [38.876, 14.876], [38.876, 14.922], [38.876, 14.968], [38.924, 15.014], [38.972, 15.061], [39.02, 15.107], [39.02, 15.153], [39.068, 15.199], [39.115, 15.245], [39.163, 15.291], [39.211, 15.337], [39.259, 15.384], [39.307, 15.43], [39.354, 15.476], [39.402, 15.522], [39.402, 15.568], [39.45, 15.614], [39.45, 15.614]]}, "properties": {"route_id": "RT_038", "nom": "S'akum-|ena ↔ K'uré-tawa", "origine": "GEO_COL_015", "destination": "LUR_KURE-TAWA_SE", "modes_declares": "[\"col_haute_altitude\", \"maritime_cabotage\"]", "longueur_km": 1055, "km_par_milieu": "{\"terre\": 1055}", "km_hors_modes_declares": "{}", "ruptures_de_charge": 0, "duree_jours": 57.0, "altitude_max_m": 2177, "denivele_positif_m": 5552, "cols_franchis": "[\"S'akum-|ena (015, 2200 m)\", \"Ṣamar-q'ut (046, 2200 m)\"]", "mois_ouverts": "avr → nov", "milieux_km": "{\"steppe_piemont\": 364, \"herbage_arbore\": 287, \"foret_montagne\": 210, \"desert_pierreux\": 181}", "facies_km": "{\"hors |'Arin\": 678, \"Hiver Jaune\": 320, \"Hiver Gris\": 57}", "trouees": "[]", "via": "[]", "vol_oiseau_km": 977, "statut": "tracé"}}, {"type": "Feature", "geometry": {"type": "LineString", "coordinates": [[-1.712, 30.264], [-1.76, 30.223], [-1.808, 30.182], [-1.808, 30.14], [-1.808, 30.099], [-1.808, 30.058], [-1.808, 30.016], [-1.808, 29.975], [-1.808, 29.933], [-1.808, 29.892], [-1.855, 29.85], [-1.855, 29.809], [-1.855, 29.767], [-1.855, 29.726], [-1.855, 29.684], [-1.855, 29.643], [-1.808, 29.601], [-1.76, 29.56], [-1.712, 29.518], [-1.664, 29.477], [-1.616, 29.435], [-1.569, 29.393], [-1.521, 29.352], [-1.473, 29.352], [-1.425, 29.352], [-1.377, 29.31], [-1.329, 29.31], [-1.282, 29.268], [-1.234, 29.227], [-1.186, 29.185], [-1.138, 29.143], [-1.09, 29.101], [-1.043, 29.059], [-0.995, 29.018], [-0.947, 28.976], [-0.899, 28.934], [-0.851, 28.892], [-0.804, 28.85], [-0.756, 28.808], [-0.708, 28.767], [-0.66, 28.725], [-0.612, 28.683], [-0.565, 28.641], [-0.517, 28.599], [-0.469, 28.557], [-0.421, 28.515], [-0.373, 28.473], [-0.326, 28.431], [-0.278, 28.389], [-0.23, 28.347], [-0.182, 28.305], [-0.134, 28.262], [-0.086, 28.22], [-0.039, 28.178], [0.009, 28.136], [0.057, 28.094], [0.105, 28.052], [0.153, 28.01], [0.2, 27.967], [0.248, 27.967], [0.296, 27.967], [0.344, 27.967], [0.392, 27.967], [0.439, 27.967], [0.487, 27.925], [0.535, 27.883], [0.583, 27.841], [0.631, 27.798], [0.678, 27.798], [0.726, 27.756], [0.774, 27.756], [0.822, 27.756], [0.87, 27.756], [0.917, 27.756], [0.965, 27.756], [1.013, 27.756], [1.061, 27.756], [1.109, 27.756], [1.156, 27.756], [1.204, 27.756], [1.252, 27.756], [1.3, 27.756], [1.348, 27.756], [1.396, 27.756], [1.443, 27.756], [1.491, 27.756], [1.539, 27.756], [1.587, 27.756], [1.635, 27.756], [1.682, 27.756], [1.73, 27.756], [1.778, 27.756], [1.826, 27.756], [1.874, 27.756], [1.921, 27.756], [1.969, 27.756], [2.017, 27.756], [2.065, 27.756], [2.113, 27.756], [2.16, 27.756], [2.208, 27.714], [2.256, 27.671], [2.304, 27.629], [2.352, 27.587], [2.399, 27.544], [2.447, 27.544], [2.495, 27.544], [2.543, 27.544], [2.591, 27.502], [2.639, 27.459], [2.686, 27.459], [2.734, 27.459], [2.782, 27.459], [2.83, 27.502], [2.878, 27.502], [2.925, 27.502], [2.973, 27.502], [3.021, 27.544], [3.069, 27.587], [3.117, 27.629], [3.164, 27.629], [3.212, 27.629], [3.26, 27.629], [3.308, 27.629], [3.356, 27.629], [3.403, 27.629], [3.451, 27.629], [3.499, 27.629], [3.547, 27.629], [3.595, 27.629], [3.642, 27.629], [3.69, 27.629], [3.738, 27.629], [3.786, 27.629], [3.834, 27.629], [3.882, 27.629], [3.929, 27.629], [3.977, 27.629], [4.025, 27.629], [4.073, 27.629], [4.121, 27.629], [4.168, 27.629], [4.216, 27.629], [4.264, 27.629], [4.312, 27.629], [4.36, 27.629], [4.407, 27.629], [4.455, 27.629], [4.503, 27.629], [4.551, 27.629], [4.599, 27.629], [4.646, 27.629], [4.694, 27.629], [4.742, 27.629], [4.79, 27.629], [4.838, 27.587], [4.885, 27.544], [4.933, 27.544], [4.981, 27.544], [5.029, 27.544], [5.077, 27.587], [5.124, 27.629], [5.172, 27.629], [5.22, 27.629], [5.268, 27.629], [5.316, 27.629], [5.364, 27.629], [5.411, 27.671], [5.459, 27.714], [5.507, 27.756], [5.555, 27.798], [5.603, 27.841], [5.65, 27.883], [5.698, 27.925], [5.746, 27.967], [5.794, 28.01], [5.842, 28.01], [5.889, 28.01], [5.937, 28.01], [5.985, 28.01], [6.033, 28.01], [6.081, 28.01], [6.128, 28.01], [6.176, 28.01], [6.224, 28.01], [6.272, 28.01], [6.32, 28.01], [6.367, 28.01], [6.415, 28.01], [6.463, 28.01], [6.511, 28.01], [6.559, 28.01], [6.607, 28.01], [6.654, 28.01], [6.702, 28.01], [6.75, 28.01], [6.798, 28.01], [6.846, 28.01], [6.893, 28.01], [6.941, 28.01], [6.989, 28.01], [7.037, 28.01], [7.085, 28.01], [7.132, 28.01], [7.18, 28.01], [7.228, 28.01], [7.276, 28.01], [7.324, 28.01], [7.371, 28.01], [7.419, 28.01], [7.467, 28.01], [7.515, 28.01], [7.563, 28.01], [7.61, 28.01], [7.658, 28.01], [7.706, 28.01], [7.754, 28.01], [7.802, 28.01], [7.85, 28.01], [7.897, 28.01], [7.945, 28.01], [7.993, 28.01], [8.041, 28.01], [8.089, 28.01], [8.136, 28.01], [8.184, 28.01], [8.232, 28.01], [8.28, 27.967], [8.328, 27.967], [8.375, 27.967], [8.423, 27.967], [8.471, 27.967], [8.519, 27.967], [8.567, 27.967], [8.614, 27.967], [8.662, 27.967], [8.71, 27.967], [8.758, 27.967], [8.806, 27.967], [8.853, 27.967], [8.901, 27.967], [8.949, 27.967], [8.997, 27.967], [9.045, 27.967], [9.092, 27.967], [9.14, 27.967], [9.188, 27.967], [9.236, 27.967], [9.284, 27.967], [9.332, 27.967], [9.379, 27.967], [9.427, 27.967], [9.475, 27.967], [9.523, 27.967], [9.571, 27.967], [9.618, 27.967], [9.666, 27.967], [9.714, 27.967], [9.762, 27.967], [9.81, 27.967], [9.857, 27.967], [9.905, 27.967], [9.953, 27.967], [10.001, 27.967], [10.049, 27.967], [10.096, 27.967], [10.144, 27.967], [10.192, 27.967], [10.24, 27.967], [10.288, 27.967], [10.335, 27.967], [10.383, 27.967], [10.431, 27.967], [10.479, 27.967], [10.527, 27.967], [10.575, 27.967], [10.622, 27.967], [10.67, 27.967], [10.718, 27.967], [10.766, 27.967], [10.814, 27.967], [10.861, 27.967], [10.909, 27.967], [10.957, 27.967], [11.005, 27.967], [11.053, 27.967], [11.1, 27.967], [11.148, 27.967], [11.196, 27.967], [11.244, 27.967], [11.292, 27.967], [11.339, 27.967], [11.387, 27.967], [11.435, 27.967], [11.483, 27.967], [11.531, 27.967], [11.578, 27.967], [11.626, 27.967], [11.674, 27.967], [11.722, 27.967], [11.77, 27.967], [11.818, 27.967], [11.865, 27.967], [11.913, 27.967], [11.961, 27.967], [12.009, 27.967], [12.057, 27.967], [12.104, 27.967], [12.152, 27.967], [12.2, 27.967], [12.248, 27.967], [12.296, 27.967], [12.343, 27.967], [12.391, 27.967], [12.439, 27.967], [12.487, 27.967], [12.535, 27.967], [12.582, 27.967], [12.63, 27.967], [12.678, 27.925], [12.726, 27.883], [12.774, 27.841], [12.821, 27.841], [12.869, 27.841], [12.917, 27.841], [12.965, 27.798], [13.013, 27.756], [13.06, 27.756], [13.108, 27.756], [13.156, 27.756], [13.204, 27.756], [13.252, 27.756], [13.3, 27.798], [13.347, 27.798], [13.395, 27.841], [13.443, 27.883], [13.491, 27.925], [13.539, 27.967], [13.586, 28.01], [13.634, 28.052], [13.682, 28.052], [13.73, 28.094], [13.778, 28.094], [13.825, 28.094], [13.873, 28.136], [13.921, 28.136], [13.969, 28.178], [14.017, 28.22], [14.064, 28.22], [14.112, 28.22], [14.16, 28.22], [14.208, 28.262], [14.256, 28.305], [14.303, 28.347], [14.351, 28.389], [14.399, 28.431], [14.447, 28.473], [14.495, 28.515], [14.543, 28.557], [14.59, 28.599], [14.638, 28.641], [14.686, 28.683], [14.734, 28.683], [14.782, 28.683], [14.829, 28.683], [14.877, 28.683], [14.925, 28.725], [14.973, 28.767], [15.021, 28.808], [15.068, 28.85], [15.116, 28.892], [15.164, 28.892], [15.212, 28.892], [15.26, 28.892], [15.307, 28.892], [15.355, 28.892], [15.403, 28.892], [15.451, 28.892], [15.499, 28.892], [15.546, 28.892], [15.594, 28.892], [15.642, 28.892], [15.69, 28.892], [15.738, 28.892], [15.786, 28.892], [15.833, 28.892], [15.881, 28.892], [15.929, 28.892], [15.977, 28.892], [16.025, 28.892], [16.072, 28.892], [16.12, 28.892], [16.168, 28.892], [16.216, 28.892], [16.264, 28.892], [16.311, 28.892], [16.359, 28.892], [16.407, 28.892], [16.455, 28.892], [16.503, 28.892], [16.55, 28.892], [16.598, 28.892], [16.646, 28.892], [16.694, 28.892], [16.742, 28.892], [16.789, 28.892], [16.837, 28.892], [16.885, 28.892], [16.933, 28.892], [16.981, 28.892], [17.028, 28.892], [17.076, 28.892], [17.124, 28.892], [17.172, 28.892], [17.22, 28.892], [17.268, 28.892], [17.315, 28.892], [17.363, 28.892], [17.411, 28.892], [17.459, 28.892], [17.507, 28.892], [17.554, 28.892], [17.602, 28.892], [17.65, 28.892], [17.698, 28.892], [17.746, 28.892], [17.793, 28.892], [17.841, 28.892], [17.889, 28.892], [17.937, 28.85], [17.985, 28.85], [18.032, 28.892], [18.08, 28.934], [18.128, 28.976], [18.176, 29.018], [18.224, 29.018], [18.271, 29.018], [18.319, 29.018], [18.367, 29.018], [18.415, 29.018], [18.463, 29.018], [18.511, 29.018], [18.558, 29.018], [18.606, 29.018], [18.654, 29.018], [18.702, 29.018], [18.75, 29.018], [18.797, 29.018], [18.845, 29.018], [18.893, 29.018], [18.941, 29.018], [18.989, 29.018], [19.036, 29.018], [19.084, 29.018], [19.132, 29.018], [19.18, 29.018], [19.228, 29.018], [19.275, 29.018], [19.323, 29.018], [19.371, 29.018], [19.419, 29.018], [19.467, 29.018], [19.514, 29.018], [19.562, 29.018], [19.61, 29.018], [19.658, 29.018], [19.706, 29.018], [19.754, 29.018], [19.801, 29.018], [19.849, 29.018], [19.897, 29.018], [19.945, 29.018], [19.993, 29.018], [20.04, 29.018], [20.088, 29.018], [20.136, 29.018], [20.184, 29.018], [20.232, 29.018], [20.279, 29.018], [20.327, 29.018], [20.375, 29.018], [20.423, 29.018], [20.471, 29.018], [20.518, 29.018], [20.566, 29.018], [20.614, 29.018], [20.662, 29.018], [20.71, 29.018], [20.757, 29.018], [20.805, 29.018], [20.853, 29.018], [20.901, 29.018], [20.949, 29.018], [20.996, 29.018], [21.044, 29.059], [21.092, 29.101], [21.14, 29.143], [21.188, 29.185], [21.236, 29.227], [21.283, 29.268], [21.331, 29.31], [21.379, 29.31], [21.427, 29.31], [21.475, 29.31], [21.522, 29.31], [21.57, 29.31], [21.618, 29.31], [21.666, 29.31], [21.714, 29.31], [21.761, 29.31], [21.809, 29.31], [21.857, 29.31], [21.905, 29.31], [21.953, 29.31], [22.0, 29.31], [22.048, 29.31], [22.096, 29.31], [22.144, 29.31], [22.192, 29.31], [22.239, 29.31], [22.287, 29.31], [22.335, 29.31], [22.383, 29.31], [22.431, 29.31], [22.479, 29.31], [22.526, 29.31], [22.574, 29.31], [22.622, 29.31], [22.67, 29.31], [22.718, 29.31], [22.765, 29.31], [22.813, 29.31], [22.861, 29.31], [22.909, 29.31], [22.957, 29.31], [23.004, 29.31], [23.052, 29.31], [23.1, 29.31], [23.148, 29.31], [23.196, 29.31], [23.243, 29.31], [23.291, 29.31], [23.339, 29.31], [23.387, 29.31], [23.435, 29.31], [23.482, 29.31], [23.53, 29.31], [23.578, 29.31], [23.626, 29.31], [23.674, 29.31], [23.722, 29.31], [23.769, 29.31], [23.817, 29.31], [23.865, 29.31], [23.913, 29.31], [23.961, 29.31], [24.008, 29.31], [24.056, 29.31], [24.104, 29.31], [24.152, 29.31], [24.2, 29.31], [24.247, 29.352], [24.295, 29.352], [24.343, 29.352], [24.391, 29.352], [24.439, 29.352], [24.486, 29.352], [24.534, 29.352], [24.582, 29.352], [24.63, 29.352], [24.678, 29.352], [24.725, 29.352], [24.773, 29.352], [24.821, 29.352], [24.869, 29.352], [24.917, 29.352], [24.964, 29.393], [25.012, 29.435], [25.06, 29.435], [25.108, 29.435], [25.156, 29.435], [25.204, 29.435], [25.251, 29.435], [25.299, 29.435], [25.347, 29.435], [25.395, 29.435], [25.443, 29.435], [25.49, 29.435], [25.538, 29.435], [25.586, 29.435], [25.634, 29.435], [25.682, 29.435], [25.729, 29.435], [25.777, 29.435], [25.825, 29.435], [25.873, 29.435], [25.921, 29.435], [25.968, 29.435], [26.016, 29.435], [26.064, 29.435], [26.112, 29.435], [26.16, 29.435], [26.207, 29.435], [26.255, 29.435], [26.303, 29.435], [26.351, 29.435], [26.399, 29.435], [26.447, 29.435], [26.494, 29.435], [26.542, 29.435], [26.59, 29.435], [26.638, 29.435], [26.686, 29.435], [26.733, 29.435], [26.781, 29.435], [26.829, 29.435], [26.877, 29.435], [26.925, 29.435], [26.972, 29.435], [27.02, 29.435], [27.068, 29.435], [27.116, 29.435], [27.164, 29.435], [27.211, 29.435], [27.259, 29.393], [27.307, 29.352], [27.355, 29.31], [27.403, 29.268], [27.45, 29.227], [27.498, 29.185], [27.546, 29.143], [27.594, 29.101], [27.642, 29.059], [27.69, 29.018], [27.737, 28.976], [27.785, 28.934], [27.833, 28.892], [27.881, 28.85], [27.929, 28.808], [27.976, 28.767], [28.024, 28.725], [28.072, 28.683], [28.12, 28.641], [28.168, 28.599], [28.215, 28.557], [28.263, 28.557], [28.311, 28.515], [28.359, 28.473], [28.407, 28.431], [28.407, 28.431]]}, "properties": {"route_id": "RT_039", "nom": "Kralekh-ner ↔ Qūrāš-Ṣafīḥ", "origine": "AUX_KRALEKH-NER", "destination": "AUX_QURASH-SAFIH", "modes_declares": "[\"maritime_cabotage\"]", "longueur_km": 3308, "km_par_milieu": "{\"mer Halakhel\": 3308}", "km_hors_modes_declares": "{}", "ruptures_de_charge": 0, "duree_jours": 44.0, "altitude_max_m": null, "denivele_positif_m": 0, "cols_franchis": "[]", "mois_ouverts": null, "milieux_km": "{}", "facies_km": "{}", "trouees": "[]", "via": "[]", "vol_oiseau_km": 2925, "statut": "tracé"}}, {"type": "Feature", "geometry": {"type": "LineString", "coordinates": [[22.574, 23.709], [22.526, 23.709], [22.479, 23.709], [22.431, 23.753], [22.383, 23.796], [22.335, 23.84], [22.287, 23.884], [22.239, 23.928], [22.192, 23.971], [22.144, 24.015], [22.096, 24.059], [22.048, 24.102], [22.0, 24.146], [21.953, 24.19], [21.905, 24.233], [21.857, 24.277], [21.809, 24.32], [21.761, 24.32], [21.714, 24.32], [21.666, 24.32], [21.618, 24.364], [21.57, 24.364], [21.522, 24.364], [21.475, 24.364], [21.427, 24.364], [21.379, 24.364], [21.331, 24.407], [21.283, 24.407], [21.236, 24.407], [21.188, 24.407], [21.14, 24.451], [21.092, 24.494], [21.044, 24.494], [20.996, 24.494], [20.949, 24.494], [20.901, 24.494], [20.853, 24.494], [20.805, 24.494], [20.757, 24.494], [20.71, 24.494], [20.662, 24.494], [20.614, 24.538], [20.566, 24.581], [20.518, 24.625], [20.471, 24.668], [20.423, 24.712], [20.375, 24.755], [20.327, 24.799], [20.279, 24.842], [20.232, 24.885], [20.184, 24.929], [20.136, 24.972], [20.088, 25.015], [20.04, 25.059], [19.993, 25.059], [19.945, 25.102], [19.897, 25.145], [19.849, 25.189], [19.801, 25.232], [19.754, 25.275], [19.706, 25.318], [19.658, 25.362], [19.61, 25.405], [19.562, 25.448], [19.514, 25.491], [19.467, 25.534], [19.419, 25.534], [19.371, 25.534], [19.323, 25.534], [19.275, 25.534], [19.228, 25.534], [19.18, 25.534], [19.132, 25.534], [19.084, 25.534], [19.036, 25.534], [18.989, 25.534], [18.941, 25.534], [18.893, 25.577], [18.893, 25.62], [18.845, 25.664], [18.845, 25.707], [18.797, 25.75], [18.797, 25.793], [18.75, 25.836], [18.702, 25.879], [18.702, 25.922], [18.654, 25.965], [18.654, 26.008], [18.654, 26.051], [18.654, 26.094], [18.654, 26.137], [18.654, 26.18], [18.654, 26.222], [18.654, 26.265], [18.654, 26.308], [18.654, 26.351], [18.654, 26.394], [18.654, 26.437], [18.654, 26.479], [18.654, 26.522], [18.654, 26.565], [18.654, 26.608], [18.654, 26.65], [18.654, 26.693], [18.654, 26.736], [18.654, 26.779], [18.654, 26.821], [18.654, 26.864], [18.654, 26.907], [18.606, 26.949], [18.558, 26.992], [18.511, 27.034], [18.463, 27.077], [18.415, 27.12], [18.367, 27.162], [18.319, 27.205], [18.271, 27.247], [18.224, 27.29], [18.176, 27.332], [18.128, 27.375], [18.08, 27.417], [18.032, 27.459], [17.985, 27.502], [17.937, 27.544], [17.889, 27.587], [17.841, 27.629], [17.793, 27.671], [17.746, 27.714], [17.698, 27.756], [17.65, 27.756], [17.602, 27.756], [17.554, 27.756], [17.507, 27.756], [17.459, 27.756], [17.411, 27.756], [17.363, 27.756], [17.315, 27.756], [17.268, 27.756], [17.22, 27.756], [17.172, 27.756], [17.124, 27.756], [17.076, 27.756], [17.028, 27.756], [16.981, 27.756], [16.933, 27.756], [16.885, 27.756], [16.837, 27.756], [16.789, 27.756], [16.742, 27.756], [16.694, 27.756], [16.646, 27.756], [16.598, 27.714], [16.55, 27.671], [16.503, 27.629], [16.455, 27.587], [16.407, 27.544], [16.359, 27.502], [16.311, 27.459], [16.264, 27.459], [16.216, 27.459], [16.168, 27.417], [16.12, 27.417], [16.072, 27.417], [16.025, 27.375], [15.977, 27.375], [15.929, 27.375], [15.881, 27.375], [15.833, 27.375], [15.786, 27.375], [15.738, 27.375], [15.69, 27.375], [15.642, 27.375], [15.594, 27.375], [15.546, 27.375], [15.499, 27.375], [15.451, 27.375], [15.403, 27.375], [15.355, 27.375], [15.307, 27.417], [15.26, 27.459], [15.212, 27.502], [15.164, 27.544], [15.116, 27.544], [15.068, 27.544], [15.021, 27.544], [14.973, 27.544], [14.925, 27.544], [14.877, 27.544], [14.829, 27.544], [14.782, 27.544], [14.734, 27.544], [14.686, 27.544], [14.638, 27.544], [14.59, 27.544], [14.543, 27.544], [14.495, 27.544], [14.447, 27.544], [14.399, 27.544], [14.351, 27.544], [14.303, 27.544], [14.256, 27.587], [14.208, 27.629], [14.16, 27.671], [14.112, 27.714], [14.064, 27.756], [14.017, 27.756], [13.969, 27.756], [13.921, 27.756], [13.873, 27.756], [13.825, 27.756], [13.778, 27.756], [13.73, 27.756], [13.682, 27.756], [13.634, 27.756], [13.586, 27.756], [13.539, 27.756], [13.491, 27.756], [13.443, 27.756], [13.395, 27.756], [13.347, 27.756], [13.3, 27.756], [13.252, 27.756], [13.204, 27.756], [13.156, 27.756], [13.108, 27.756], [13.06, 27.756], [13.013, 27.756], [12.965, 27.798], [12.917, 27.841], [12.869, 27.841], [12.821, 27.841], [12.774, 27.841], [12.726, 27.883], [12.678, 27.925], [12.63, 27.967], [12.582, 27.967], [12.535, 27.967], [12.487, 27.967], [12.439, 27.967], [12.391, 27.967], [12.343, 27.967], [12.296, 27.967], [12.248, 27.967], [12.2, 27.967], [12.152, 27.967], [12.104, 27.967], [12.057, 27.967], [12.009, 27.967], [11.961, 27.967], [11.913, 27.967], [11.865, 27.967], [11.818, 27.967], [11.77, 27.967], [11.722, 27.967], [11.674, 27.967], [11.626, 27.967], [11.578, 27.967], [11.531, 27.967], [11.483, 27.967], [11.435, 27.967], [11.387, 27.967], [11.339, 27.967], [11.292, 27.967], [11.244, 27.967], [11.196, 27.967], [11.148, 27.967], [11.1, 27.967], [11.053, 27.967], [11.005, 27.967], [10.957, 27.967], [10.909, 27.967], [10.861, 27.967], [10.814, 27.967], [10.766, 27.967], [10.718, 27.967], [10.67, 27.967], [10.622, 27.967], [10.575, 27.967], [10.527, 27.967], [10.479, 27.967], [10.431, 27.967], [10.383, 27.967], [10.335, 27.967], [10.288, 27.967], [10.24, 27.967], [10.192, 27.967], [10.144, 27.967], [10.096, 27.967], [10.049, 27.967], [10.001, 27.967], [9.953, 27.967], [9.905, 27.967], [9.857, 27.967], [9.81, 27.967], [9.762, 27.967], [9.714, 27.967], [9.666, 27.967], [9.618, 27.967], [9.571, 27.967], [9.523, 27.967], [9.475, 27.967], [9.427, 27.967], [9.379, 27.967], [9.332, 27.967], [9.284, 27.967], [9.236, 27.967], [9.188, 27.967], [9.14, 27.967], [9.092, 27.967], [9.045, 27.967], [8.997, 27.967], [8.949, 27.967], [8.901, 27.967], [8.853, 27.967], [8.806, 27.967], [8.758, 27.967], [8.71, 27.967], [8.662, 27.967], [8.614, 27.967], [8.567, 27.967], [8.519, 27.967], [8.471, 27.967], [8.423, 27.967], [8.375, 27.967], [8.328, 27.967], [8.28, 27.967], [8.232, 27.967], [8.184, 27.967], [8.136, 27.967], [8.089, 27.967], [8.041, 27.967], [7.993, 27.967], [7.945, 27.967], [7.897, 27.967], [7.85, 27.967], [7.802, 27.967], [7.754, 27.967], [7.706, 27.967], [7.658, 28.01], [7.61, 28.01], [7.563, 28.01], [7.515, 28.01], [7.467, 28.01], [7.419, 28.01], [7.371, 28.01], [7.324, 28.01], [7.276, 28.01], [7.228, 28.01], [7.18, 28.01], [7.132, 28.01], [7.085, 28.01], [7.037, 28.01], [6.989, 28.01], [6.941, 28.01], [6.893, 28.01], [6.846, 28.01], [6.798, 28.01], [6.75, 28.01], [6.702, 28.01], [6.654, 28.01], [6.607, 28.01], [6.559, 28.01], [6.511, 28.01], [6.463, 28.01], [6.415, 28.01], [6.367, 28.01], [6.32, 28.01], [6.272, 28.01], [6.224, 28.01], [6.176, 28.01], [6.128, 28.01], [6.081, 28.01], [6.033, 28.01], [5.985, 28.01], [5.937, 28.01], [5.889, 28.01], [5.842, 28.01], [5.794, 28.01], [5.746, 27.967], [5.698, 27.925], [5.65, 27.883], [5.603, 27.841], [5.555, 27.798], [5.507, 27.756], [5.459, 27.714], [5.411, 27.671], [5.364, 27.629], [5.316, 27.629], [5.268, 27.629], [5.22, 27.629], [5.172, 27.629], [5.124, 27.629], [5.077, 27.587], [5.029, 27.544], [4.981, 27.544], [4.933, 27.544], [4.885, 27.544], [4.838, 27.587], [4.79, 27.629], [4.742, 27.629], [4.694, 27.629], [4.646, 27.629], [4.599, 27.629], [4.551, 27.629], [4.503, 27.629], [4.455, 27.629], [4.407, 27.629], [4.36, 27.629], [4.312, 27.629], [4.264, 27.629], [4.216, 27.629], [4.168, 27.629], [4.121, 27.629], [4.073, 27.629], [4.025, 27.629], [3.977, 27.629], [3.929, 27.629], [3.882, 27.629], [3.834, 27.629], [3.786, 27.629], [3.738, 27.629], [3.69, 27.629], [3.642, 27.629], [3.595, 27.629], [3.547, 27.629], [3.499, 27.629], [3.451, 27.629], [3.403, 27.629], [3.356, 27.629], [3.308, 27.629], [3.26, 27.629], [3.212, 27.629], [3.164, 27.629], [3.117, 27.629], [3.069, 27.587], [3.021, 27.544], [2.973, 27.502], [2.925, 27.502], [2.878, 27.502], [2.83, 27.502], [2.782, 27.459], [2.734, 27.459], [2.686, 27.459], [2.639, 27.459], [2.591, 27.502], [2.543, 27.502], [2.495, 27.502], [2.447, 27.502], [2.399, 27.502], [2.352, 27.502], [2.304, 27.502], [2.256, 27.502], [2.208, 27.502], [2.16, 27.502], [2.113, 27.502], [2.065, 27.502], [2.017, 27.502], [1.969, 27.502], [1.921, 27.502], [1.874, 27.502], [1.826, 27.502], [1.778, 27.502], [1.73, 27.502], [1.682, 27.502], [1.635, 27.502], [1.587, 27.502], [1.539, 27.502], [1.491, 27.502], [1.443, 27.502], [1.396, 27.502], [1.348, 27.502], [1.3, 27.502], [1.252, 27.502], [1.204, 27.502], [1.156, 27.502], [1.109, 27.502], [1.061, 27.502], [1.013, 27.502], [0.965, 27.502], [0.917, 27.502], [0.87, 27.502], [0.822, 27.502], [0.774, 27.502], [0.726, 27.502], [0.678, 27.502], [0.631, 27.502], [0.583, 27.502], [0.535, 27.502], [0.487, 27.502], [0.439, 27.502], [0.392, 27.502], [0.344, 27.502], [0.296, 27.502], [0.248, 27.502], [0.2, 27.502], [0.153, 27.502], [0.105, 27.502], [0.057, 27.502], [0.009, 27.459], [-0.039, 27.417], [-0.086, 27.375], [-0.134, 27.332], [-0.182, 27.29], [-0.23, 27.247], [-0.278, 27.205], [-0.326, 27.162], [-0.373, 27.162], [-0.421, 27.162], [-0.469, 27.162], [-0.517, 27.162], [-0.565, 27.162], [-0.612, 27.162], [-0.66, 27.162], [-0.708, 27.162], [-0.756, 27.162], [-0.804, 27.162], [-0.851, 27.12], [-0.899, 27.12], [-0.947, 27.077], [-0.995, 27.077], [-1.043, 27.077], [-1.09, 27.034], [-1.138, 27.034], [-1.186, 27.034], [-1.234, 27.034], [-1.282, 27.034], [-1.329, 27.034], [-1.377, 27.034], [-1.425, 27.034], [-1.473, 27.034], [-1.521, 27.034], [-1.569, 27.034], [-1.616, 27.034], [-1.664, 27.034], [-1.712, 27.034], [-1.76, 27.034], [-1.808, 27.034], [-1.855, 27.034], [-1.903, 27.034], [-1.951, 27.034], [-1.999, 27.034], [-2.047, 27.034], [-2.094, 27.034], [-2.142, 27.034], [-2.19, 27.034], [-2.238, 27.034], [-2.286, 27.034], [-2.333, 27.034], [-2.381, 26.992], [-2.429, 26.992], [-2.477, 26.949], [-2.525, 26.949], [-2.572, 26.949], [-2.62, 26.907], [-2.668, 26.907], [-2.716, 26.907], [-2.764, 26.907], [-2.812, 26.907], [-2.859, 26.907], [-2.907, 26.907], [-2.955, 26.907], [-3.003, 26.907], [-3.051, 26.907], [-3.098, 26.949], [-3.146, 26.992], [-3.146, 27.034], [-3.194, 27.077], [-3.194, 27.12], [-3.194, 27.162], [-3.194, 27.205], [-3.194, 27.247], [-3.194, 27.29], [-3.242, 27.332], [-3.29, 27.375], [-3.337, 27.417], [-3.385, 27.459], [-3.433, 27.502], [-3.481, 27.544], [-3.529, 27.587], [-3.576, 27.629], [-3.624, 27.671], [-3.672, 27.714], [-3.72, 27.756], [-3.768, 27.798], [-3.815, 27.841], [-3.863, 27.883], [-3.911, 27.925], [-3.959, 27.967], [-4.007, 27.967], [-4.055, 27.967], [-4.102, 27.967], [-4.15, 27.967], [-4.198, 27.967], [-4.246, 27.967], [-4.294, 27.967], [-4.341, 27.967], [-4.389, 27.967], [-4.437, 27.967], [-4.485, 27.967], [-4.533, 27.967], [-4.58, 27.967], [-4.628, 27.967], [-4.676, 27.967], [-4.724, 27.967], [-4.772, 27.967], [-4.819, 27.967], [-4.867, 27.967], [-4.915, 27.967], [-4.963, 27.967], [-5.011, 27.967], [-5.058, 27.967], [-5.106, 27.967], [-5.154, 27.967], [-5.202, 27.967], [-5.25, 27.967], [-5.297, 27.967], [-5.345, 27.967], [-5.393, 27.967], [-5.441, 27.967], [-5.489, 27.967], [-5.537, 27.967], [-5.584, 27.967], [-5.632, 27.967], [-5.68, 27.967], [-5.728, 27.967], [-5.776, 27.967], [-5.823, 27.967], [-5.871, 27.967], [-5.919, 27.967], [-5.967, 27.967], [-6.015, 27.967], [-6.062, 28.01], [-6.11, 28.052], [-6.158, 28.052], [-6.206, 28.052], [-6.254, 28.094], [-6.301, 28.094], [-6.349, 28.136], [-6.397, 28.136], [-6.445, 28.136], [-6.493, 28.136], [-6.54, 28.136], [-6.588, 28.136], [-6.636, 28.136], [-6.684, 28.178], [-6.732, 28.178], [-6.78, 28.178], [-6.827, 28.178], [-6.875, 28.178], [-6.923, 28.178], [-6.971, 28.178], [-7.019, 28.178], [-7.066, 28.22], [-7.114, 28.22], [-7.162, 28.22], [-7.21, 28.22], [-7.258, 28.22], [-7.305, 28.262], [-7.353, 28.305], [-7.401, 28.305], [-7.449, 28.305], [-7.497, 28.347], [-7.544, 28.389], [-7.592, 28.431], [-7.64, 28.473], [-7.688, 28.515], [-7.736, 28.557], [-7.783, 28.599], [-7.831, 28.641], [-7.879, 28.683], [-7.927, 28.725], [-7.975, 28.767], [-8.023, 28.808], [-8.07, 28.85], [-8.118, 28.892], [-8.166, 28.934], [-8.214, 28.976], [-8.262, 29.018], [-8.309, 29.059], [-8.357, 29.101], [-8.405, 29.143], [-8.453, 29.185], [-8.501, 29.227], [-8.548, 29.268], [-8.596, 29.31], [-8.644, 29.352], [-8.692, 29.393], [-8.74, 29.435], [-8.787, 29.477], [-8.835, 29.477], [-8.883, 29.477], [-8.931, 29.518], [-8.979, 29.56], [-9.026, 29.601], [-9.074, 29.643], [-9.122, 29.684], [-9.17, 29.726], [-9.218, 29.767], [-9.265, 29.809], [-9.313, 29.85], [-9.361, 29.892], [-9.361, 29.933], [-9.409, 29.975], [-9.457, 30.016], [-9.505, 30.058], [-9.552, 30.099], [-9.552, 30.099]]}, "properties": {"route_id": "RT_040", "nom": "Qabḍ-ār-Ǧanūb ↔ Khloreth-klam", "origine": "LUR_QABD-AR-GANUB_NE", "destination": "LUR_KHLORETH-KLAM_NO", "modes_declares": "[\"maritime_cabotage\", \"terrestre_portage\"]", "longueur_km": 3707, "km_par_milieu": "{\"mer Halakhel\": 3408, \"terre\": 293}", "km_hors_modes_declares": "{}", "ruptures_de_charge": 2, "duree_jours": 61.0, "altitude_max_m": 1232, "denivele_positif_m": 1476, "cols_franchis": "[]", "mois_ouverts": null, "milieux_km": "{\"steppe_piemont\": 145, \"fourre_cotier_sec\": 57, \"foret_montagne\": 48, \"desert_pierreux\": 25}", "facies_km": "{\"hiver pluvieux tempéré\": 125, \"Hiver Gris\": 85, \"Hiver Jaune\": 59, \"Hiver de Vapeur\": 25}", "trouees": "[]", "via": "[]", "vol_oiseau_km": 3259, "statut": "tracé"}}, {"type": "Feature", "geometry": {"type": "LineString", "coordinates": [[-1.616, 30.758], [-1.616, 30.717], [-1.616, 30.676], [-1.664, 30.635], [-1.712, 30.594], [-1.76, 30.553], [-1.808, 30.512], [-1.808, 30.47], [-1.808, 30.429], [-1.808, 30.388], [-1.808, 30.347], [-1.808, 30.305], [-1.808, 30.264], [-1.808, 30.223], [-1.808, 30.182], [-1.808, 30.14], [-1.808, 30.099], [-1.808, 30.058], [-1.808, 30.016], [-1.808, 29.975], [-1.808, 29.933], [-1.808, 29.892], [-1.855, 29.85], [-1.855, 29.809], [-1.855, 29.767], [-1.855, 29.726], [-1.855, 29.684], [-1.855, 29.643], [-1.808, 29.601], [-1.76, 29.56], [-1.712, 29.518], [-1.664, 29.477], [-1.616, 29.435], [-1.569, 29.393], [-1.521, 29.352], [-1.473, 29.352], [-1.425, 29.352], [-1.377, 29.31], [-1.329, 29.31], [-1.282, 29.268], [-1.234, 29.227], [-1.186, 29.185], [-1.138, 29.143], [-1.09, 29.101], [-1.043, 29.059], [-0.995, 29.018], [-0.947, 28.976], [-0.899, 28.934], [-0.851, 28.892], [-0.804, 28.85], [-0.756, 28.808], [-0.708, 28.767], [-0.66, 28.725], [-0.612, 28.683], [-0.565, 28.641], [-0.517, 28.599], [-0.469, 28.557], [-0.421, 28.515], [-0.373, 28.473], [-0.326, 28.431], [-0.278, 28.389], [-0.23, 28.347], [-0.182, 28.305], [-0.134, 28.262], [-0.086, 28.22], [-0.039, 28.178], [0.009, 28.136], [0.057, 28.094], [0.105, 28.052], [0.153, 28.01], [0.2, 27.967], [0.248, 27.967], [0.296, 27.967], [0.344, 27.967], [0.392, 27.967], [0.439, 27.967], [0.487, 27.925], [0.535, 27.883], [0.583, 27.841], [0.631, 27.798], [0.678, 27.798], [0.726, 27.756], [0.774, 27.756], [0.822, 27.756], [0.87, 27.756], [0.917, 27.756], [0.965, 27.756], [1.013, 27.756], [1.061, 27.756], [1.109, 27.756], [1.156, 27.756], [1.204, 27.756], [1.252, 27.756], [1.3, 27.756], [1.348, 27.756], [1.396, 27.756], [1.443, 27.756], [1.491, 27.756], [1.539, 27.756], [1.587, 27.756], [1.635, 27.756], [1.682, 27.756], [1.73, 27.756], [1.778, 27.756], [1.826, 27.756], [1.874, 27.756], [1.921, 27.756], [1.969, 27.756], [2.017, 27.756], [2.065, 27.756], [2.113, 27.756], [2.16, 27.756], [2.208, 27.714], [2.256, 27.671], [2.304, 27.629], [2.352, 27.587], [2.399, 27.544], [2.447, 27.544], [2.495, 27.544], [2.543, 27.544], [2.591, 27.502], [2.639, 27.459], [2.686, 27.459], [2.734, 27.459], [2.782, 27.459], [2.83, 27.502], [2.878, 27.502], [2.925, 27.502], [2.973, 27.502], [3.021, 27.544], [3.069, 27.587], [3.117, 27.629], [3.164, 27.629], [3.212, 27.629], [3.26, 27.629], [3.308, 27.629], [3.356, 27.629], [3.403, 27.629], [3.451, 27.629], [3.499, 27.629], [3.547, 27.629], [3.595, 27.629], [3.642, 27.629], [3.69, 27.629], [3.738, 27.629], [3.786, 27.629], [3.834, 27.629], [3.882, 27.629], [3.929, 27.629], [3.977, 27.629], [4.025, 27.629], [4.073, 27.629], [4.121, 27.629], [4.168, 27.629], [4.216, 27.629], [4.264, 27.629], [4.312, 27.629], [4.36, 27.629], [4.407, 27.629], [4.455, 27.629], [4.503, 27.629], [4.551, 27.629], [4.599, 27.629], [4.646, 27.629], [4.694, 27.629], [4.742, 27.629], [4.79, 27.629], [4.838, 27.587], [4.885, 27.544], [4.933, 27.544], [4.981, 27.544], [5.029, 27.544], [5.077, 27.587], [5.124, 27.629], [5.172, 27.629], [5.22, 27.629], [5.268, 27.629], [5.316, 27.629], [5.364, 27.629], [5.411, 27.671], [5.459, 27.714], [5.507, 27.756], [5.555, 27.798], [5.603, 27.841], [5.65, 27.883], [5.698, 27.925], [5.746, 27.967], [5.794, 28.01], [5.842, 28.01], [5.889, 28.01], [5.937, 28.01], [5.985, 28.01], [6.033, 28.01], [6.081, 28.01], [6.128, 28.01], [6.176, 28.01], [6.224, 28.01], [6.272, 28.01], [6.32, 28.01], [6.367, 28.01], [6.415, 28.01], [6.463, 28.01], [6.511, 28.01], [6.559, 28.01], [6.607, 28.01], [6.654, 28.01], [6.702, 28.01], [6.75, 28.01], [6.798, 28.01], [6.846, 28.01], [6.893, 28.01], [6.941, 28.01], [6.989, 28.01], [7.037, 28.01], [7.085, 28.01], [7.132, 28.01], [7.18, 28.01], [7.228, 28.01], [7.276, 28.01], [7.324, 28.01], [7.371, 28.01], [7.419, 28.01], [7.467, 28.01], [7.515, 28.01], [7.563, 28.01], [7.61, 28.01], [7.658, 28.01], [7.706, 28.01], [7.754, 28.01], [7.802, 28.01], [7.85, 28.01], [7.897, 28.01], [7.945, 28.01], [7.993, 28.01], [8.041, 28.01], [8.089, 28.01], [8.136, 28.01], [8.184, 28.01], [8.232, 28.01], [8.28, 27.967], [8.328, 27.967], [8.375, 27.967], [8.423, 27.967], [8.471, 27.967], [8.519, 27.967], [8.567, 27.967], [8.614, 27.967], [8.662, 27.967], [8.71, 27.967], [8.758, 27.967], [8.806, 27.967], [8.853, 27.967], [8.901, 27.967], [8.949, 27.967], [8.997, 27.967], [9.045, 27.967], [9.092, 27.967], [9.14, 27.967], [9.188, 27.967], [9.236, 27.967], [9.284, 27.967], [9.332, 27.967], [9.379, 27.967], [9.427, 27.967], [9.475, 27.967], [9.523, 27.967], [9.571, 27.967], [9.618, 27.967], [9.666, 27.967], [9.714, 27.967], [9.762, 27.967], [9.81, 27.967], [9.857, 27.967], [9.905, 27.967], [9.953, 27.967], [10.001, 27.967], [10.049, 27.967], [10.096, 27.967], [10.144, 27.967], [10.192, 27.967], [10.24, 27.967], [10.288, 27.967], [10.335, 27.967], [10.383, 27.967], [10.431, 27.967], [10.479, 27.967], [10.527, 27.967], [10.575, 27.967], [10.622, 27.967], [10.67, 27.967], [10.718, 27.967], [10.766, 27.967], [10.814, 27.967], [10.861, 27.967], [10.909, 27.967], [10.957, 27.967], [11.005, 27.967], [11.053, 27.967], [11.1, 27.967], [11.148, 27.967], [11.196, 27.967], [11.244, 27.967], [11.292, 27.967], [11.339, 27.967], [11.387, 27.967], [11.435, 27.967], [11.483, 27.967], [11.531, 27.967], [11.578, 27.967], [11.626, 27.967], [11.674, 27.967], [11.722, 27.967], [11.77, 27.967], [11.818, 27.967], [11.865, 27.967], [11.913, 27.967], [11.961, 27.967], [12.009, 27.967], [12.057, 27.967], [12.104, 27.967], [12.152, 27.967], [12.2, 27.967], [12.248, 27.967], [12.296, 27.967], [12.343, 27.967], [12.391, 27.967], [12.439, 27.967], [12.487, 27.967], [12.535, 27.967], [12.582, 27.967], [12.63, 27.967], [12.678, 27.925], [12.726, 27.883], [12.774, 27.841], [12.821, 27.841], [12.869, 27.841], [12.917, 27.841], [12.965, 27.798], [13.013, 27.756], [13.06, 27.756], [13.108, 27.756], [13.156, 27.756], [13.204, 27.756], [13.252, 27.756], [13.3, 27.798], [13.347, 27.798], [13.395, 27.841], [13.443, 27.883], [13.491, 27.925], [13.539, 27.967], [13.586, 28.01], [13.634, 28.052], [13.682, 28.052], [13.73, 28.094], [13.778, 28.094], [13.825, 28.094], [13.873, 28.136], [13.921, 28.136], [13.969, 28.178], [14.017, 28.22], [14.064, 28.22], [14.112, 28.22], [14.16, 28.22], [14.208, 28.262], [14.256, 28.305], [14.303, 28.347], [14.351, 28.389], [14.399, 28.431], [14.447, 28.473], [14.495, 28.515], [14.543, 28.557], [14.59, 28.599], [14.638, 28.641], [14.686, 28.683], [14.734, 28.683], [14.782, 28.683], [14.829, 28.683], [14.877, 28.683], [14.925, 28.725], [14.973, 28.767], [15.021, 28.808], [15.068, 28.85], [15.116, 28.892], [15.164, 28.892], [15.212, 28.892], [15.26, 28.892], [15.307, 28.892], [15.355, 28.892], [15.403, 28.892], [15.451, 28.892], [15.499, 28.892], [15.546, 28.892], [15.594, 28.892], [15.642, 28.892], [15.69, 28.892], [15.738, 28.892], [15.786, 28.892], [15.833, 28.892], [15.881, 28.892], [15.929, 28.892], [15.977, 28.892], [16.025, 28.892], [16.072, 28.892], [16.12, 28.892], [16.168, 28.892], [16.216, 28.892], [16.264, 28.892], [16.311, 28.892], [16.359, 28.892], [16.407, 28.892], [16.455, 28.892], [16.503, 28.892], [16.55, 28.892], [16.598, 28.892], [16.646, 28.892], [16.694, 28.892], [16.742, 28.892], [16.789, 28.892], [16.837, 28.892], [16.885, 28.892], [16.933, 28.892], [16.981, 28.892], [17.028, 28.892], [17.076, 28.892], [17.124, 28.892], [17.172, 28.892], [17.22, 28.892], [17.268, 28.892], [17.315, 28.892], [17.363, 28.892], [17.411, 28.892], [17.459, 28.892], [17.507, 28.892], [17.554, 28.892], [17.602, 28.892], [17.65, 28.892], [17.698, 28.892], [17.746, 28.892], [17.793, 28.892], [17.841, 28.892], [17.889, 28.892], [17.937, 28.85], [17.985, 28.85], [18.032, 28.892], [18.08, 28.934], [18.128, 28.976], [18.176, 29.018], [18.224, 29.018], [18.271, 29.018], [18.319, 29.018], [18.367, 29.018], [18.415, 29.018], [18.463, 29.018], [18.511, 29.018], [18.558, 29.018], [18.606, 29.018], [18.654, 29.018], [18.702, 29.018], [18.75, 29.018], [18.797, 29.018], [18.845, 29.018], [18.893, 29.018], [18.941, 29.018], [18.989, 29.018], [19.036, 29.018], [19.084, 29.018], [19.132, 29.018], [19.18, 29.018], [19.228, 29.018], [19.275, 29.018], [19.323, 29.018], [19.371, 29.018], [19.419, 29.018], [19.467, 29.018], [19.514, 29.018], [19.562, 29.018], [19.61, 29.018], [19.658, 29.018], [19.706, 29.018], [19.754, 29.018], [19.801, 29.018], [19.849, 29.018], [19.897, 29.018], [19.945, 29.018], [19.993, 29.018], [20.04, 29.018], [20.088, 29.018], [20.136, 29.018], [20.184, 29.018], [20.232, 29.018], [20.279, 29.018], [20.327, 29.018], [20.375, 29.018], [20.423, 29.018], [20.471, 29.018], [20.518, 29.018], [20.566, 29.018], [20.614, 29.018], [20.662, 29.018], [20.71, 29.018], [20.757, 29.018], [20.805, 29.018], [20.853, 29.018], [20.901, 29.018], [20.949, 29.018], [20.996, 29.018], [21.044, 29.059], [21.092, 29.101], [21.14, 29.143], [21.188, 29.185], [21.236, 29.227], [21.283, 29.268], [21.331, 29.31], [21.379, 29.31], [21.427, 29.31], [21.475, 29.31], [21.522, 29.31], [21.57, 29.31], [21.618, 29.31], [21.666, 29.31], [21.714, 29.31], [21.761, 29.31], [21.809, 29.31], [21.857, 29.31], [21.905, 29.31], [21.953, 29.31], [22.0, 29.31], [22.048, 29.31], [22.096, 29.31], [22.144, 29.31], [22.192, 29.31], [22.239, 29.31], [22.287, 29.31], [22.335, 29.31], [22.383, 29.31], [22.431, 29.31], [22.479, 29.31], [22.526, 29.31], [22.574, 29.31], [22.622, 29.31], [22.67, 29.31], [22.718, 29.31], [22.765, 29.31], [22.813, 29.31], [22.861, 29.31], [22.909, 29.31], [22.957, 29.31], [23.004, 29.31], [23.052, 29.31], [23.1, 29.31], [23.148, 29.31], [23.196, 29.31], [23.243, 29.31], [23.291, 29.31], [23.339, 29.31], [23.387, 29.31], [23.435, 29.31], [23.482, 29.31], [23.53, 29.31], [23.578, 29.31], [23.626, 29.31], [23.674, 29.31], [23.722, 29.31], [23.769, 29.31], [23.817, 29.31], [23.865, 29.31], [23.913, 29.31], [23.961, 29.31], [24.008, 29.31], [24.056, 29.31], [24.104, 29.31], [24.152, 29.31], [24.2, 29.31], [24.247, 29.352], [24.295, 29.352], [24.343, 29.352], [24.391, 29.352], [24.439, 29.352], [24.486, 29.352], [24.534, 29.352], [24.582, 29.352], [24.63, 29.352], [24.678, 29.352], [24.725, 29.352], [24.773, 29.352], [24.821, 29.352], [24.869, 29.352], [24.917, 29.352], [24.964, 29.393], [25.012, 29.435], [25.06, 29.435], [25.108, 29.435], [25.156, 29.435], [25.204, 29.435], [25.251, 29.435], [25.299, 29.435], [25.347, 29.435], [25.395, 29.435], [25.443, 29.435], [25.49, 29.435], [25.538, 29.435], [25.586, 29.435], [25.634, 29.435], [25.682, 29.435], [25.729, 29.435], [25.777, 29.435], [25.825, 29.435], [25.873, 29.435], [25.921, 29.435], [25.968, 29.435], [26.016, 29.435], [26.064, 29.435], [26.112, 29.435], [26.16, 29.435], [26.207, 29.435], [26.255, 29.435], [26.303, 29.435], [26.351, 29.435], [26.399, 29.435], [26.447, 29.435], [26.494, 29.435], [26.542, 29.435], [26.59, 29.435], [26.638, 29.435], [26.686, 29.435], [26.733, 29.435], [26.781, 29.435], [26.829, 29.435], [26.877, 29.435], [26.925, 29.435], [26.972, 29.435], [27.02, 29.435], [27.068, 29.435], [27.116, 29.435], [27.164, 29.435], [27.211, 29.435], [27.259, 29.393], [27.307, 29.352], [27.355, 29.31], [27.403, 29.268], [27.45, 29.227], [27.498, 29.185], [27.546, 29.143], [27.594, 29.101], [27.642, 29.059], [27.69, 29.018], [27.737, 28.976], [27.785, 28.934], [27.833, 28.892], [27.881, 28.85], [27.929, 28.808], [27.976, 28.767], [28.024, 28.725], [28.072, 28.683], [28.12, 28.641], [28.168, 28.599], [28.215, 28.557], [28.263, 28.557], [28.311, 28.515], [28.359, 28.473], [28.407, 28.431], [28.407, 28.431]]}, "properties": {"route_id": "RT_041", "nom": "Serékh-khem ↔ Qūrāš-Ṣafīḥ", "origine": "LUR_SEREKH-KHEM_N", "destination": "AUX_QURASH-SAFIH", "modes_declares": "[\"maritime_cabotage\"]", "longueur_km": 3366, "km_par_milieu": "{\"mer Halakhel\": 3357, \"terre\": 7}", "km_hors_modes_declares": "{}", "ruptures_de_charge": 1, "duree_jours": 45.0, "altitude_max_m": -20, "denivele_positif_m": 7, "cols_franchis": "[]", "mois_ouverts": null, "milieux_km": "{}", "facies_km": "{}", "trouees": "[]", "via": "[]", "vol_oiseau_km": 2912, "statut": "tracé"}}, {"type": "Feature", "geometry": {"type": "LineString", "coordinates": [[-4.963, 5.19], [-5.011, 5.143], [-5.058, 5.095], [-5.106, 5.048], [-5.154, 5.0], [-5.202, 4.952], [-5.25, 4.905], [-5.297, 4.857], [-5.345, 4.809], [-5.345, 4.762], [-5.393, 4.714], [-5.441, 4.667], [-5.489, 4.667], [-5.537, 4.667], [-5.584, 4.667], [-5.632, 4.619], [-5.68, 4.619], [-5.728, 4.619], [-5.776, 4.619], [-5.823, 4.571], [-5.871, 4.571], [-5.919, 4.571], [-5.967, 4.524], [-6.015, 4.524], [-6.062, 4.476], [-6.11, 4.476], [-6.158, 4.476], [-6.206, 4.428], [-6.254, 4.428], [-6.301, 4.381], [-6.349, 4.381], [-6.397, 4.381], [-6.445, 4.333], [-6.493, 4.333], [-6.54, 4.333], [-6.588, 4.285], [-6.636, 4.285], [-6.684, 4.285], [-6.732, 4.238], [-6.78, 4.238], [-6.827, 4.19], [-6.875, 4.142], [-6.923, 4.142], [-6.971, 4.142], [-7.019, 4.095], [-7.066, 4.095], [-7.114, 4.047], [-7.162, 4.047], [-7.21, 3.999], [-7.258, 3.999], [-7.305, 3.951], [-7.353, 3.951], [-7.401, 3.951], [-7.449, 3.951], [-7.497, 3.951], [-7.544, 3.951], [-7.592, 3.951], [-7.64, 3.951], [-7.688, 3.951], [-7.736, 3.999], [-7.783, 3.999], [-7.831, 3.999], [-7.879, 4.047], [-7.927, 4.047], [-7.975, 4.095], [-8.023, 4.095], [-8.07, 4.095], [-8.118, 4.142], [-8.166, 4.142], [-8.214, 4.142], [-8.262, 4.19], [-8.309, 4.19], [-8.357, 4.19], [-8.405, 4.238], [-8.453, 4.238], [-8.501, 4.285], [-8.548, 4.285], [-8.596, 4.333], [-8.644, 4.333], [-8.692, 4.333], [-8.74, 4.381], [-8.787, 4.428], [-8.835, 4.428], [-8.883, 4.476], [-8.931, 4.476], [-8.979, 4.524], [-9.026, 4.524], [-9.074, 4.571], [-9.122, 4.571], [-9.17, 4.619], [-9.218, 4.667], [-9.265, 4.667], [-9.313, 4.714], [-9.361, 4.762], [-9.409, 4.762], [-9.457, 4.809], [-9.505, 4.857], [-9.552, 4.905], [-9.6, 4.905], [-9.648, 4.952], [-9.696, 5.0], [-9.744, 5.048], [-9.791, 5.095], [-9.839, 5.143], [-9.887, 5.19], [-9.935, 5.238], [-9.983, 5.286], [-10.03, 5.333], [-10.078, 5.381], [-10.126, 5.428], [-10.174, 5.476], [-10.222, 5.524], [-10.269, 5.571], [-10.317, 5.619], [-10.365, 5.666], [-10.413, 5.714], [-10.461, 5.714], [-10.508, 5.762], [-10.556, 5.809], [-10.604, 5.809], [-10.652, 5.809], [-10.7, 5.857], [-10.748, 5.857], [-10.795, 5.857], [-10.843, 5.904], [-10.891, 5.904], [-10.939, 5.952], [-10.987, 5.999], [-11.034, 6.047], [-11.082, 6.094], [-11.13, 6.142], [-11.178, 6.189], [-11.226, 6.237], [-11.273, 6.237], [-11.321, 6.284], [-11.369, 6.284], [-11.417, 6.332], [-11.465, 6.332], [-11.512, 6.38], [-11.56, 6.427], [-11.608, 6.427], [-11.656, 6.475], [-11.704, 6.522], [-11.751, 6.57], [-11.799, 6.617], [-11.847, 6.665], [-11.895, 6.712], [-11.943, 6.759], [-11.991, 6.759], [-12.038, 6.807], [-12.086, 6.807], [-12.134, 6.854], [-12.182, 6.854], [-12.23, 6.902], [-12.277, 6.902], [-12.325, 6.902], [-12.373, 6.949], [-12.421, 6.949], [-12.469, 6.949], [-12.516, 6.949], [-12.564, 6.997], [-12.612, 6.997], [-12.66, 7.044], [-12.708, 7.044], [-12.755, 7.092], [-12.755, 7.139], [-12.803, 7.187], [-12.851, 7.234], [-12.851, 7.281], [-12.899, 7.329], [-12.947, 7.376], [-12.994, 7.424], [-13.042, 7.471], [-13.09, 7.518], [-13.138, 7.566], [-13.186, 7.613], [-13.186, 7.661], [-13.233, 7.708], [-13.233, 7.755], [-13.281, 7.803], [-13.329, 7.85], [-13.377, 7.897], [-13.425, 7.945], [-13.473, 7.992], [-13.473, 8.039], [-13.52, 8.087], [-13.52, 8.134], [-13.568, 8.181], [-13.568, 8.229], [-13.616, 8.276], [-13.616, 8.323], [-13.616, 8.371], [-13.616, 8.418], [-13.616, 8.465], [-13.616, 8.513], [-13.616, 8.56], [-13.616, 8.607], [-13.616, 8.654], [-13.616, 8.702], [-13.664, 8.749], [-13.712, 8.796], [-13.759, 8.843], [-13.807, 8.891], [-13.855, 8.938], [-13.903, 8.985], [-13.951, 9.032], [-13.998, 9.08], [-14.046, 9.127], [-14.094, 9.174], [-14.142, 9.221], [-14.19, 9.268], [-14.237, 9.315], [-14.285, 9.363], [-14.333, 9.41], [-14.381, 9.457], [-14.429, 9.504], [-14.476, 9.551], [-14.524, 9.598], [-14.572, 9.646], [-14.62, 9.693], [-14.668, 9.74], [-14.716, 9.787], [-14.763, 9.834], [-14.811, 9.881], [-14.859, 9.928], [-14.907, 9.975], [-14.955, 10.022], [-15.002, 10.069], [-15.05, 10.117], [-15.098, 10.164], [-15.146, 10.211], [-15.194, 10.258], [-15.241, 10.305], [-15.289, 10.352], [-15.337, 10.399], [-15.385, 10.446], [-15.433, 10.493], [-15.48, 10.54], [-15.528, 10.587], [-15.576, 10.634], [-15.624, 10.681], [-15.672, 10.728], [-15.719, 10.775], [-15.767, 10.822], [-15.815, 10.869], [-15.863, 10.916], [-15.911, 10.963], [-15.959, 11.009], [-16.006, 11.056], [-16.054, 11.103], [-16.102, 11.15], [-16.15, 11.197], [-16.198, 11.244], [-16.245, 11.291], [-16.293, 11.338], [-16.341, 11.385], [-16.389, 11.432], [-16.437, 11.478], [-16.484, 11.525], [-16.532, 11.572], [-16.58, 11.619], [-16.628, 11.666], [-16.676, 11.713], [-16.723, 11.759], [-16.771, 11.806], [-16.819, 11.853], [-16.867, 11.9], [-16.915, 11.946], [-16.962, 11.993], [-17.01, 12.04], [-17.058, 12.087], [-17.106, 12.134], [-17.106, 12.18], [-17.154, 12.227], [-17.154, 12.274], [-17.154, 12.32], [-17.201, 12.367], [-17.201, 12.414], [-17.201, 12.46], [-17.201, 12.507], [-17.201, 12.554], [-17.201, 12.6], [-17.201, 12.647], [-17.201, 12.694], [-17.201, 12.74], [-17.201, 12.787], [-17.201, 12.834], [-17.201, 12.88], [-17.201, 12.927], [-17.201, 12.973], [-17.201, 13.02], [-17.201, 13.067], [-17.201, 13.113], [-17.201, 13.16], [-17.201, 13.206], [-17.201, 13.253], [-17.201, 13.299], [-17.201, 13.346], [-17.201, 13.392], [-17.201, 13.439], [-17.201, 13.485], [-17.201, 13.532], [-17.201, 13.578], [-17.201, 13.625], [-17.201, 13.671], [-17.201, 13.718], [-17.201, 13.764], [-17.201, 13.811], [-17.249, 13.857], [-17.297, 13.903], [-17.345, 13.95], [-17.393, 13.996], [-17.441, 14.043], [-17.488, 14.089], [-17.536, 14.135], [-17.584, 14.182], [-17.632, 14.228], [-17.68, 14.274], [-17.727, 14.321], [-17.775, 14.367], [-17.823, 14.413], [-17.871, 14.46], [-17.919, 14.506], [-17.919, 14.552], [-17.919, 14.598], [-17.919, 14.645], [-17.919, 14.691], [-17.919, 14.737], [-17.919, 14.783], [-17.919, 14.83], [-17.919, 14.876], [-17.919, 14.922], [-17.919, 14.968], [-17.919, 15.014], [-17.919, 15.061], [-17.919, 15.107], [-17.919, 15.153], [-17.919, 15.199], [-17.919, 15.245], [-17.919, 15.291], [-17.919, 15.337], [-17.919, 15.384], [-17.919, 15.43], [-17.919, 15.476], [-17.919, 15.522], [-17.919, 15.568], [-17.919, 15.614], [-17.919, 15.66], [-17.919, 15.706], [-17.919, 15.752], [-17.919, 15.798], [-17.919, 15.844], [-17.919, 15.89], [-17.919, 15.936], [-17.919, 15.982], [-17.919, 16.028], [-17.919, 16.074], [-17.919, 16.12], [-17.919, 16.166], [-17.919, 16.212], [-17.919, 16.257], [-17.919, 16.303], [-17.919, 16.349], [-17.919, 16.395], [-17.919, 16.441], [-17.919, 16.487], [-17.919, 16.533], [-17.919, 16.578], [-17.919, 16.624], [-17.919, 16.67], [-17.919, 16.716], [-17.919, 16.762], [-17.919, 16.807], [-17.919, 16.853], [-17.919, 16.899], [-17.919, 16.945], [-17.919, 16.99], [-17.919, 17.036], [-17.919, 17.082], [-17.919, 17.127], [-17.919, 17.173], [-17.919, 17.219], [-17.919, 17.264], [-17.919, 17.31], [-17.919, 17.356], [-17.919, 17.401], [-17.919, 17.447], [-17.919, 17.493], [-17.919, 17.538], [-17.919, 17.584], [-17.919, 17.629], [-17.919, 17.675], [-17.919, 17.72], [-17.919, 17.766], [-17.919, 17.812], [-17.919, 17.857], [-17.919, 17.903], [-17.919, 17.948], [-17.919, 17.993], [-17.919, 18.039], [-17.919, 18.084], [-17.919, 18.13], [-17.919, 18.175], [-17.919, 18.221], [-17.919, 18.266], [-17.919, 18.311], [-17.919, 18.357], [-17.919, 18.402], [-17.919, 18.448], [-17.919, 18.493], [-17.919, 18.538], [-17.919, 18.584], [-17.919, 18.629], [-17.919, 18.674], [-17.919, 18.719], [-17.919, 18.765], [-17.919, 18.81], [-17.919, 18.855], [-17.919, 18.9], [-17.919, 18.946], [-17.919, 18.991], [-17.919, 19.036], [-17.919, 19.081], [-17.919, 19.126], [-17.919, 19.172], [-17.919, 19.217], [-17.919, 19.262], [-17.919, 19.307], [-17.919, 19.352], [-17.919, 19.397], [-17.919, 19.442], [-17.919, 19.487], [-17.919, 19.532], [-17.919, 19.578], [-17.919, 19.623], [-17.919, 19.668], [-17.919, 19.713], [-17.919, 19.758], [-17.919, 19.803], [-17.919, 19.848], [-17.919, 19.893], [-17.919, 19.937], [-17.919, 19.982], [-17.919, 20.027], [-17.919, 20.072], [-17.919, 20.117], [-17.919, 20.162], [-17.919, 20.207], [-17.919, 20.252], [-17.919, 20.297], [-17.919, 20.341], [-17.919, 20.386], [-17.919, 20.431], [-17.919, 20.476], [-17.919, 20.521], [-17.919, 20.565], [-17.919, 20.61], [-17.919, 20.655], [-17.919, 20.7], [-17.919, 20.744], [-17.919, 20.789], [-17.919, 20.834], [-17.919, 20.878], [-17.919, 20.923], [-17.919, 20.968], [-17.919, 21.012], [-17.919, 21.057], [-17.919, 21.102], [-17.919, 21.146], [-17.919, 21.191], [-17.919, 21.235], [-17.919, 21.28], [-17.919, 21.324], [-17.919, 21.369], [-17.919, 21.413], [-17.919, 21.458], [-17.919, 21.502], [-17.919, 21.547], [-17.919, 21.591], [-17.919, 21.636], [-17.919, 21.68], [-17.919, 21.725], [-17.919, 21.769], [-17.919, 21.813], [-17.919, 21.858], [-17.919, 21.902], [-17.919, 21.947], [-17.919, 21.991], [-17.919, 22.035], [-17.919, 22.08], [-17.919, 22.124], [-17.919, 22.168], [-17.919, 22.212], [-17.919, 22.257], [-17.919, 22.301], [-17.919, 22.345], [-17.919, 22.389], [-17.919, 22.433], [-17.919, 22.478], [-17.919, 22.522], [-17.919, 22.566], [-17.919, 22.61], [-17.919, 22.654], [-17.919, 22.698], [-17.919, 22.742], [-17.919, 22.787], [-17.919, 22.831], [-17.919, 22.875], [-17.919, 22.919], [-17.919, 22.963], [-17.919, 23.007], [-17.919, 23.051], [-17.919, 23.095], [-17.919, 23.139], [-17.919, 23.183], [-17.919, 23.227], [-17.919, 23.271], [-17.919, 23.314], [-17.919, 23.358], [-17.919, 23.402], [-17.919, 23.446], [-17.919, 23.49], [-17.919, 23.534], [-17.919, 23.578], [-17.919, 23.621], [-17.919, 23.665], [-17.919, 23.709], [-17.919, 23.753], [-17.919, 23.796], [-17.919, 23.84], [-17.919, 23.884], [-17.919, 23.928], [-17.919, 23.971], [-17.919, 24.015], [-17.919, 24.059], [-17.919, 24.102], [-17.919, 24.146], [-17.919, 24.19], [-17.919, 24.233], [-17.919, 24.277], [-17.919, 24.32], [-17.919, 24.364], [-17.919, 24.407], [-17.919, 24.451], [-17.919, 24.494], [-17.919, 24.538], [-17.919, 24.581], [-17.919, 24.625], [-17.919, 24.668], [-17.919, 24.712], [-17.919, 24.755], [-17.919, 24.799], [-17.919, 24.842], [-17.919, 24.885], [-17.919, 24.929], [-17.919, 24.972], [-17.919, 25.015], [-17.919, 25.059], [-17.919, 25.102], [-17.919, 25.145], [-17.919, 25.189], [-17.919, 25.232], [-17.919, 25.275], [-17.919, 25.318], [-17.919, 25.362], [-17.919, 25.405], [-17.919, 25.448], [-17.919, 25.491], [-17.919, 25.534], [-17.919, 25.577], [-17.919, 25.62], [-17.919, 25.664], [-17.919, 25.707], [-17.919, 25.75], [-17.919, 25.793], [-17.919, 25.836], [-17.919, 25.879], [-17.919, 25.922], [-17.919, 25.965], [-17.919, 26.008], [-17.919, 26.051], [-17.919, 26.094], [-17.919, 26.137], [-17.919, 26.18], [-17.919, 26.222], [-17.919, 26.265], [-17.919, 26.308], [-17.919, 26.351], [-17.919, 26.394], [-17.919, 26.437], [-17.919, 26.479], [-17.919, 26.522], [-17.919, 26.565], [-17.919, 26.608], [-17.919, 26.65], [-17.919, 26.693], [-17.919, 26.736], [-17.919, 26.779], [-17.919, 26.821], [-17.919, 26.864], [-17.919, 26.907], [-17.919, 26.949], [-17.919, 26.992], [-17.919, 27.034], [-17.919, 27.077], [-17.919, 27.12], [-17.919, 27.162], [-17.919, 27.205], [-17.919, 27.247], [-17.919, 27.29], [-17.919, 27.332], [-17.919, 27.375], [-17.919, 27.417], [-17.919, 27.459], [-17.919, 27.502], [-17.919, 27.544], [-17.919, 27.587], [-17.919, 27.629], [-17.919, 27.671], [-17.919, 27.714], [-17.919, 27.756], [-17.919, 27.798], [-17.919, 27.841], [-17.919, 27.883], [-17.919, 27.925], [-17.919, 27.967], [-17.919, 28.01], [-17.919, 28.052], [-17.919, 28.094], [-17.919, 28.136], [-17.919, 28.178], [-17.919, 28.22], [-17.919, 28.262], [-17.919, 28.305], [-17.919, 28.347], [-17.919, 28.389], [-17.919, 28.431], [-17.919, 28.473], [-17.919, 28.515], [-17.919, 28.557], [-17.919, 28.599], [-17.919, 28.641], [-17.919, 28.683], [-17.919, 28.725], [-17.919, 28.767], [-17.919, 28.808], [-17.919, 28.85], [-17.919, 28.892], [-17.919, 28.934], [-17.919, 28.976], [-17.919, 29.018], [-17.919, 29.059], [-17.919, 29.101], [-17.919, 29.143], [-17.919, 29.185], [-17.919, 29.227], [-17.919, 29.268], [-17.919, 29.31], [-17.919, 29.352], [-17.919, 29.393], [-17.919, 29.435], [-17.919, 29.477], [-17.919, 29.518], [-17.919, 29.56], [-17.919, 29.601], [-17.919, 29.643], [-17.919, 29.684], [-17.919, 29.726], [-17.919, 29.767], [-17.919, 29.809], [-17.919, 29.85], [-17.919, 29.892], [-17.919, 29.933], [-17.919, 29.975], [-17.919, 30.016], [-17.919, 30.058], [-17.919, 30.099], [-17.919, 30.14], [-17.919, 30.182], [-17.919, 30.223], [-17.919, 30.264], [-17.919, 30.305], [-17.919, 30.347], [-17.919, 30.388], [-17.919, 30.429], [-17.919, 30.47], [-17.919, 30.512], [-17.919, 30.553], [-17.919, 30.594], [-17.919, 30.635], [-17.919, 30.676], [-17.919, 30.717], [-17.919, 30.758], [-17.919, 30.8], [-17.919, 30.841], [-17.919, 30.882], [-17.919, 30.923], [-17.919, 30.964], [-17.919, 31.005], [-17.919, 31.046], [-17.919, 31.087], [-17.966, 31.127], [-18.014, 31.168], [-18.062, 31.209], [-18.11, 31.25], [-18.158, 31.291], [-18.205, 31.332], [-18.253, 31.373], [-18.301, 31.413], [-18.349, 31.454], [-18.397, 31.495], [-18.444, 31.536], [-18.492, 31.577], [-18.54, 31.617], [-18.588, 31.658], [-18.636, 31.699], [-18.684, 31.739], [-18.731, 31.78], [-18.779, 31.821], [-18.827, 31.861], [-18.875, 31.902], [-18.923, 31.942], [-18.97, 31.983], [-19.018, 32.023], [-19.066, 32.064], [-19.114, 32.105], [-19.162, 32.145], [-19.209, 32.185], [-19.257, 32.226], [-19.305, 32.266], [-19.353, 32.307], [-19.401, 32.347], [-19.448, 32.388], [-19.496, 32.428], [-19.544, 32.468], [-19.592, 32.509], [-19.64, 32.549], [-19.687, 32.589], [-19.735, 32.629], [-19.783, 32.67], [-19.831, 32.71], [-19.879, 32.75], [-19.927, 32.79], [-19.974, 32.831], [-20.022, 32.871], [-20.07, 32.911], [-20.118, 32.951], [-20.166, 32.991], [-20.213, 33.031], [-20.261, 33.071], [-20.309, 33.111], [-20.357, 33.151], [-20.405, 33.191], [-20.452, 33.231], [-20.5, 33.271], [-20.548, 33.311], [-20.596, 33.351], [-20.644, 33.391], [-20.691, 33.431], [-20.739, 33.471], [-20.787, 33.511], [-20.835, 33.551], [-20.883, 33.59], [-20.93, 33.63], [-20.978, 33.67], [-21.026, 33.71], [-21.074, 33.75], [-21.122, 33.789], [-21.169, 33.829], [-21.217, 33.869], [-21.265, 33.909], [-21.313, 33.948], [-21.361, 33.988], [-21.409, 34.027], [-21.456, 34.067], [-21.504, 34.107], [-21.552, 34.146], [-21.6, 34.186], [-21.648, 34.225], [-21.695, 34.265], [-21.743, 34.304], [-21.791, 34.344], [-21.839, 34.383], [-21.887, 34.423], [-21.934, 34.462], [-21.982, 34.502], [-21.982, 34.502]]}, "properties": {"route_id": "RT_042", "nom": "Ku-jálima-rir ↔ Ports externes NO", "origine": "LUR_KU-JALIMA-RIR_SO", "destination": "AUX_PORTS-EXTERNES-NO", "modes_declares": "[\"maritime_hauturier\"]", "longueur_km": 4495, "km_par_milieu": "{\"océan\": 4495}", "km_hors_modes_declares": "{}", "ruptures_de_charge": 0, "duree_jours": 30.0, "altitude_max_m": null, "denivele_positif_m": 0, "cols_franchis": "[]", "mois_ouverts": null, "milieux_km": "{}", "facies_km": "{}", "trouees": "[]", "via": "[]", "vol_oiseau_km": 3689, "statut": "tracé"}}, {"type": "Feature", "geometry": {"type": "LineString", "coordinates": [[-9.122, 22.301], [-9.074, 22.257], [-9.026, 22.212], [-8.979, 22.212], [-8.931, 22.168], [-8.883, 22.124], [-8.835, 22.08], [-8.787, 22.035], [-8.74, 21.991], [-8.692, 21.991], [-8.644, 21.991], [-8.596, 21.991], [-8.548, 21.947], [-8.501, 21.902], [-8.453, 21.858], [-8.405, 21.813], [-8.357, 21.769], [-8.309, 21.725], [-8.262, 21.68], [-8.214, 21.636], [-8.166, 21.636], [-8.118, 21.636], [-8.07, 21.591], [-8.023, 21.591], [-7.975, 21.591], [-7.927, 21.591], [-7.879, 21.591], [-7.831, 21.591], [-7.783, 21.591], [-7.736, 21.591], [-7.688, 21.591], [-7.64, 21.591], [-7.592, 21.591], [-7.544, 21.591], [-7.497, 21.591], [-7.449, 21.591], [-7.401, 21.591], [-7.353, 21.591], [-7.305, 21.591], [-7.258, 21.591], [-7.21, 21.591], [-7.162, 21.591], [-7.114, 21.591], [-7.066, 21.591], [-7.019, 21.591], [-6.971, 21.591], [-6.923, 21.591], [-6.875, 21.591], [-6.827, 21.591], [-6.78, 21.591], [-6.732, 21.591], [-6.684, 21.636], [-6.636, 21.636], [-6.588, 21.636], [-6.54, 21.636], [-6.493, 21.68], [-6.445, 21.68], [-6.397, 21.68], [-6.349, 21.68], [-6.301, 21.68], [-6.254, 21.68], [-6.206, 21.68], [-6.158, 21.68], [-6.11, 21.68], [-6.062, 21.68], [-6.015, 21.68], [-5.967, 21.68], [-5.919, 21.68], [-5.871, 21.68], [-5.823, 21.68], [-5.776, 21.68], [-5.728, 21.68], [-5.68, 21.68], [-5.632, 21.68], [-5.584, 21.68], [-5.537, 21.68], [-5.489, 21.68], [-5.441, 21.68], [-5.393, 21.68], [-5.345, 21.68], [-5.297, 21.68], [-5.25, 21.68], [-5.202, 21.68], [-5.154, 21.68], [-5.106, 21.68], [-5.058, 21.68], [-5.011, 21.725], [-4.963, 21.769], [-4.915, 21.769], [-4.867, 21.769], [-4.819, 21.769], [-4.772, 21.769], [-4.724, 21.769], [-4.676, 21.769], [-4.628, 21.769], [-4.58, 21.769], [-4.533, 21.769], [-4.485, 21.769], [-4.437, 21.769], [-4.389, 21.769], [-4.341, 21.769], [-4.294, 21.769], [-4.246, 21.769], [-4.198, 21.769], [-4.15, 21.769], [-4.102, 21.769], [-4.055, 21.769], [-4.007, 21.769], [-3.959, 21.769], [-3.911, 21.813], [-3.863, 21.813], [-3.815, 21.813], [-3.768, 21.813], [-3.72, 21.813], [-3.672, 21.858], [-3.624, 21.902], [-3.576, 21.947], [-3.529, 21.991], [-3.481, 22.035], [-3.433, 22.08], [-3.385, 22.08], [-3.337, 22.124], [-3.29, 22.168], [-3.242, 22.212], [-3.194, 22.212], [-3.146, 22.257], [-3.098, 22.257], [-3.051, 22.257], [-3.003, 22.257], [-2.955, 22.257], [-2.907, 22.301], [-2.859, 22.345], [-2.812, 22.389], [-2.764, 22.389], [-2.716, 22.433], [-2.668, 22.478], [-2.62, 22.522], [-2.572, 22.566], [-2.525, 22.61], [-2.477, 22.654], [-2.429, 22.698], [-2.381, 22.742], [-2.333, 22.787], [-2.286, 22.787], [-2.238, 22.787], [-2.19, 22.831], [-2.142, 22.875], [-2.094, 22.919], [-2.094, 22.919]]}, "properties": {"route_id": "RT_043", "nom": "Bannaktì ↔ Ts'idar-‖Sek", "origine": "LUR_BANNAKTI_NO", "destination": "LUR_TSIDAR-SEK_CENTRE", "modes_declares": "[\"col_haute_altitude\", \"terrestre_caravane\"]", "longueur_km": 819, "km_par_milieu": "{\"terre\": 819}", "km_hors_modes_declares": "{}", "ruptures_de_charge": 0, "duree_jours": 31.0, "altitude_max_m": 2842, "denivele_positif_m": 7834, "cols_franchis": "[\"Hlelak-!uri (032, 2900 m)\"]", "mois_ouverts": "juin → sep", "milieux_km": "{\"steppe_piemont\": 543, \"desert_pierreux\": 234, \"prairie_altitude\": 35}", "facies_km": "{\"Hiver Jaune\": 609, \"hors |'Arin\": 177, \"Hiver Blanc\": 33}", "trouees": "[]", "via": "[]", "vol_oiseau_km": 724, "statut": "tracé"}}, {"type": "Feature", "geometry": {"type": "LineString", "coordinates": [[-2.094, 22.919], [-2.047, 22.963], [-1.999, 23.007], [-1.999, 23.051], [-1.951, 23.095], [-1.903, 23.139], [-1.855, 23.183], [-1.808, 23.227], [-1.76, 23.271], [-1.712, 23.314], [-1.664, 23.358], [-1.616, 23.358], [-1.569, 23.358], [-1.521, 23.402], [-1.473, 23.446], [-1.473, 23.49], [-1.425, 23.534], [-1.377, 23.578], [-1.329, 23.621], [-1.282, 23.665], [-1.234, 23.709], [-1.186, 23.753], [-1.138, 23.796], [-1.09, 23.796], [-1.043, 23.84], [-0.995, 23.884], [-0.947, 23.928], [-0.899, 23.971], [-0.851, 23.971], [-0.804, 23.971], [-0.756, 23.971], [-0.708, 24.015], [-0.66, 24.059], [-0.612, 24.102], [-0.565, 24.146], [-0.517, 24.19], [-0.469, 24.233], [-0.421, 24.277], [-0.373, 24.32], [-0.326, 24.364], [-0.278, 24.407], [-0.23, 24.451], [-0.182, 24.494], [-0.134, 24.538], [-0.086, 24.581], [-0.039, 24.625], [0.009, 24.668], [0.057, 24.712], [0.105, 24.755], [0.153, 24.799], [0.2, 24.842], [0.248, 24.885], [0.296, 24.929], [0.344, 24.972], [0.392, 25.015], [0.439, 25.059], [0.487, 25.102], [0.535, 25.145], [0.583, 25.189], [0.631, 25.232], [0.678, 25.275], [0.726, 25.275], [0.774, 25.318], [0.822, 25.362], [0.87, 25.362], [0.917, 25.362], [0.965, 25.362], [1.013, 25.362], [1.061, 25.362], [1.109, 25.362], [1.156, 25.405], [1.204, 25.405], [1.252, 25.405], [1.3, 25.405], [1.348, 25.405], [1.396, 25.405], [1.443, 25.405], [1.491, 25.405], [1.539, 25.405], [1.587, 25.405], [1.635, 25.405], [1.682, 25.405], [1.73, 25.448], [1.778, 25.448], [1.826, 25.491], [1.874, 25.534], [1.921, 25.577], [1.969, 25.62], [2.017, 25.62], [2.065, 25.62], [2.113, 25.62], [2.16, 25.62], [2.208, 25.62], [2.256, 25.62], [2.304, 25.62], [2.352, 25.62], [2.399, 25.62], [2.447, 25.664], [2.495, 25.707], [2.543, 25.75], [2.591, 25.793], [2.639, 25.836], [2.639, 25.836]]}, "properties": {"route_id": "RT_044", "nom": "Ts'idar-‖Sek ↔ Cherbekh-khem", "origine": "LUR_TSIDAR-SEK_CENTRE", "destination": "LUR_CHERBEKH-KHEM_NO", "modes_declares": "[\"col_haute_altitude\", \"terrestre_caravane\"]", "longueur_km": 618, "km_par_milieu": "{\"terre\": 615}", "km_hors_modes_declares": "{}", "ruptures_de_charge": 1, "duree_jours": 22.0, "altitude_max_m": 2842, "denivele_positif_m": 1799, "cols_franchis": "[\"Hlelak-!uri (032, 2900 m)\", \"Kraloth-!enu (035, 2700 m)\"]", "mois_ouverts": "juin → sep", "milieux_km": "{\"steppe_piemont\": 309, \"plaine_alluviale\": 97, \"desert_pierreux\": 96, \"prairie_altitude\": 75, \"littoral_rocheux\": 21}", "facies_km": "{\"Hiver Jaune\": 198, \"hors |'Arin\": 175, \"Hiver de Vapeur\": 123, \"Hiver Blanc\": 116}", "trouees": "[]", "via": "[]", "vol_oiseau_km": 577, "statut": "tracé"}}, {"type": "Feature", "geometry": {"type": "LineString", "coordinates": [[38.685, 14.598], [38.733, 14.645], [38.781, 14.691], [38.829, 14.737], [38.829, 14.783], [38.876, 14.83], [38.876, 14.876], [38.876, 14.922], [38.876, 14.968], [38.924, 15.014], [38.972, 15.061], [39.02, 15.107], [39.02, 15.153], [39.068, 15.199], [39.115, 15.245], [39.163, 15.291], [39.211, 15.337], [39.259, 15.384], [39.307, 15.43], [39.354, 15.476], [39.402, 15.522], [39.402, 15.568], [39.45, 15.614], [39.45, 15.614]]}, "properties": {"route_id": "RT_045", "nom": "Foyers-Purs ↔ K'uré-tawa", "origine": "AUX_FOYERS-PURS", "destination": "LUR_KURE-TAWA_SE", "modes_declares": "[\"col_haute_altitude\", \"maritime_cabotage\"]", "longueur_km": 147, "km_par_milieu": "{\"terre\": 147}", "km_hors_modes_declares": "{}", "ruptures_de_charge": 0, "duree_jours": 7.1, "altitude_max_m": 2068, "denivele_positif_m": 189, "cols_franchis": "[]", "mois_ouverts": null, "milieux_km": "{\"steppe_piemont\": 73, \"desert_pierreux\": 66}", "facies_km": "{\"Hiver Jaune\": 98, \"hors |'Arin\": 49}", "trouees": "[]", "via": "[]", "vol_oiseau_km": 137, "statut": "tracé"}}, {"type": "Feature", "geometry": {"type": "LineString", "coordinates": [[0.344, 25.707], [0.296, 25.793], [0.248, 25.879], [0.2, 25.965], [0.2, 26.051], [0.105, 26.137], [0.009, 26.222], [-0.086, 26.308], [-0.182, 26.394], [-0.278, 26.479], [-0.373, 26.565], [-0.469, 26.65], [-0.565, 26.736], [-0.66, 26.821], [-0.756, 26.907], [-0.851, 26.907], [-0.947, 26.907], [-1.043, 26.907], [-1.138, 26.907], [-1.234, 26.907], [-1.329, 26.907], [-1.425, 26.907], [-1.521, 26.907], [-1.616, 26.907], [-1.712, 26.907], [-1.808, 26.907], [-1.903, 26.907], [-1.999, 26.907], [-2.094, 26.907], [-2.19, 26.907], [-2.286, 26.907], [-2.381, 26.907], [-2.477, 26.907], [-2.572, 26.907], [-2.668, 26.907], [-2.764, 26.907], [-2.859, 26.907], [-2.955, 26.907], [-3.051, 26.907], [-3.146, 26.992], [-3.194, 27.077], [-3.194, 27.162], [-3.194, 27.247], [-3.242, 27.332], [-3.337, 27.417], [-3.433, 27.502], [-3.529, 27.587], [-3.624, 27.671], [-3.72, 27.756], [-3.815, 27.841], [-3.911, 27.925], [-4.007, 27.967], [-4.102, 27.967], [-4.198, 27.967], [-4.294, 27.967], [-4.389, 27.967], [-4.485, 27.967], [-4.58, 27.967], [-4.676, 27.967], [-4.772, 27.967], [-4.867, 27.967], [-4.963, 27.967], [-5.058, 27.967], [-5.154, 27.967], [-5.25, 27.967], [-5.345, 27.967], [-5.441, 27.967], [-5.537, 27.967], [-5.632, 27.967], [-5.728, 27.967], [-5.823, 27.967], [-5.919, 27.967], [-6.015, 27.967], [-6.11, 28.052], [-6.206, 28.052], [-6.301, 28.094], [-6.397, 28.136], [-6.493, 28.136], [-6.588, 28.136], [-6.684, 28.136], [-6.78, 28.136], [-6.875, 28.136], [-6.971, 28.136], [-7.066, 28.136], [-7.162, 28.136], [-7.258, 28.136], [-7.353, 28.136], [-7.449, 28.136], [-7.544, 28.136], [-7.64, 28.094], [-7.736, 28.178], [-7.831, 28.262], [-7.927, 28.347], [-8.023, 28.431], [-8.118, 28.431], [-8.214, 28.431], [-8.309, 28.515], [-8.405, 28.557], [-8.501, 28.641], [-8.596, 28.725], [-8.692, 28.767], [-8.787, 28.85], [-8.883, 28.934], [-8.979, 29.018], [-9.074, 29.059], [-9.17, 29.101], [-9.265, 29.143], [-9.361, 29.143], [-9.457, 29.143], [-9.552, 29.185], [-9.648, 29.185], [-9.744, 29.227], [-9.839, 29.31], [-9.935, 29.352], [-10.03, 29.393], [-10.126, 29.393], [-10.222, 29.393], [-10.317, 29.393], [-10.413, 29.352], [-10.508, 29.268], [-10.604, 29.185], [-10.7, 29.101], [-10.795, 29.059], [-10.891, 28.976], [-10.987, 28.934], [-11.082, 28.892], [-11.178, 28.808], [-11.273, 28.767], [-11.369, 28.683], [-11.465, 28.599], [-11.56, 28.515], [-11.656, 28.431], [-11.751, 28.347], [-11.847, 28.305], [-11.943, 28.305], [-12.038, 28.262], [-12.134, 28.22], [-12.23, 28.22], [-12.325, 28.178], [-12.421, 28.178], [-12.516, 28.136], [-12.612, 28.136], [-12.708, 28.052], [-12.803, 27.967], [-12.899, 27.883], [-12.994, 27.798], [-13.09, 27.714], [-13.186, 27.629], [-13.281, 27.544], [-13.377, 27.459], [-13.473, 27.375], [-13.568, 27.29], [-13.664, 27.205], [-13.759, 27.12], [-13.855, 27.034], [-13.903, 26.949], [-13.951, 26.864], [-14.046, 26.779], [-14.142, 26.693], [-14.237, 26.608], [-14.333, 26.522], [-14.429, 26.437], [-14.524, 26.351], [-14.62, 26.265], [-14.716, 26.18], [-14.811, 26.094], [-14.907, 26.008], [-14.955, 25.922], [-15.002, 25.836], [-15.05, 25.75], [-15.098, 25.664], [-15.146, 25.577], [-15.194, 25.491], [-15.194, 25.405], [-15.241, 25.318], [-15.241, 25.232], [-15.241, 25.145], [-15.241, 25.059], [-15.241, 24.972], [-15.241, 24.885], [-15.289, 24.799], [-15.385, 24.712], [-15.48, 24.625], [-15.576, 24.538], [-15.672, 24.451], [-15.767, 24.364], [-15.863, 24.277], [-15.959, 24.19], [-16.054, 24.102], [-16.15, 24.015], [-16.245, 23.928], [-16.293, 23.84], [-16.341, 23.753], [-16.389, 23.665], [-16.389, 23.578], [-16.389, 23.49], [-16.437, 23.402], [-16.484, 23.314], [-16.532, 23.227], [-16.58, 23.139], [-16.58, 23.051], [-16.628, 22.963], [-16.676, 22.875], [-16.723, 22.787], [-16.723, 22.698], [-16.771, 22.61], [-16.867, 22.522], [-16.962, 22.433], [-17.058, 22.345], [-17.154, 22.257], [-17.154, 22.168], [-17.154, 22.08], [-17.154, 21.991], [-17.154, 21.902], [-17.154, 21.813], [-17.154, 21.725], [-17.154, 21.636], [-17.154, 21.547], [-17.154, 21.458], [-17.154, 21.369], [-17.154, 21.28], [-17.154, 21.191], [-17.154, 21.102], [-17.154, 21.012], [-17.154, 20.923], [-17.154, 20.834], [-17.106, 20.744], [-17.01, 20.655], [-16.915, 20.565], [-16.819, 20.476], [-16.723, 20.386], [-16.628, 20.297], [-16.532, 20.207], [-16.532, 20.117], [-16.532, 20.027], [-16.532, 19.937], [-16.532, 19.848], [-16.532, 19.758], [-16.532, 19.668], [-16.532, 19.578], [-16.532, 19.487], [-16.532, 19.397], [-16.532, 19.307], [-16.532, 19.217], [-16.437, 19.126], [-16.389, 19.036], [-16.389, 18.946], [-16.389, 18.855], [-16.389, 18.765], [-16.389, 18.674], [-16.389, 18.584], [-16.389, 18.493], [-16.389, 18.402], [-16.389, 18.311], [-16.389, 18.221], [-16.389, 18.13], [-16.389, 18.039], [-16.389, 17.948], [-16.389, 17.857], [-16.389, 17.766], [-16.389, 17.675], [-16.437, 17.584], [-16.437, 17.493], [-16.484, 17.401], [-16.484, 17.31], [-16.532, 17.219], [-16.58, 17.127], [-16.628, 17.036], [-16.676, 16.945], [-16.723, 16.853], [-16.771, 16.762], [-16.771, 16.67], [-16.819, 16.578], [-16.819, 16.487], [-16.867, 16.395], [-16.867, 16.303], [-16.915, 16.212], [-16.915, 16.12], [-16.915, 16.028], [-16.915, 15.936], [-16.915, 15.844], [-16.962, 15.752], [-17.01, 15.66], [-17.058, 15.568], [-17.106, 15.476], [-17.154, 15.384], [-17.249, 15.291], [-17.345, 15.199], [-17.393, 15.107], [-17.488, 15.014], [-17.536, 14.922], [-17.536, 14.83], [-17.536, 14.737], [-17.536, 14.645], [-17.441, 14.552], [-17.345, 14.46], [-17.249, 14.367], [-17.154, 14.274], [-17.058, 14.182], [-16.962, 14.089], [-16.867, 13.996], [-16.819, 13.903], [-16.819, 13.811], [-16.819, 13.718], [-16.819, 13.625], [-16.819, 13.532], [-16.819, 13.439], [-16.819, 13.346], [-16.819, 13.253], [-16.819, 13.16], [-16.771, 13.067], [-16.771, 12.973], [-16.771, 12.88], [-16.771, 12.787], [-16.771, 12.694], [-16.771, 12.6], [-16.771, 12.507], [-16.771, 12.414], [-16.771, 12.32], [-16.676, 12.227], [-16.58, 12.134], [-16.484, 12.04], [-16.389, 11.946], [-16.293, 11.853], [-16.198, 11.759], [-16.102, 11.666], [-16.006, 11.572], [-15.911, 11.478], [-15.815, 11.385], [-15.719, 11.291], [-15.624, 11.197], [-15.528, 11.103], [-15.433, 11.009], [-15.337, 10.916], [-15.241, 10.822], [-15.146, 10.728], [-15.05, 10.634], [-14.955, 10.54], [-14.859, 10.446], [-14.763, 10.352], [-14.668, 10.258], [-14.572, 10.164], [-14.476, 10.069], [-14.381, 9.975], [-14.285, 9.881], [-14.19, 9.787], [-14.094, 9.693], [-13.998, 9.598], [-13.903, 9.504], [-13.807, 9.41], [-13.712, 9.315], [-13.616, 9.221], [-13.52, 9.127], [-13.425, 9.032], [-13.329, 8.938], [-13.281, 8.843], [-13.281, 8.749], [-13.281, 8.654], [-13.281, 8.56], [-13.281, 8.465], [-13.233, 8.371], [-13.186, 8.276], [-13.09, 8.181], [-12.994, 8.087], [-12.899, 7.992], [-12.899, 7.897], [-12.803, 7.803], [-12.708, 7.708], [-12.612, 7.613], [-12.516, 7.518], [-12.469, 7.424], [-12.421, 7.329], [-12.325, 7.329], [-12.23, 7.281], [-12.134, 7.234], [-12.038, 7.234], [-11.943, 7.187], [-11.847, 7.139], [-11.751, 7.092], [-11.656, 7.044], [-11.56, 6.949], [-11.465, 6.854], [-11.369, 6.759], [-11.273, 6.665], [-11.178, 6.617], [-11.082, 6.57], [-10.987, 6.522], [-10.891, 6.427], [-10.795, 6.332], [-10.7, 6.237], [-10.604, 6.189], [-10.508, 6.189], [-10.413, 6.142], [-10.317, 6.094], [-10.222, 6.047], [-10.126, 5.952], [-10.03, 5.857], [-9.935, 5.809], [-9.839, 5.714], [-9.744, 5.619], [-9.648, 5.524], [-9.552, 5.428], [-9.457, 5.333], [-9.361, 5.238], [-9.265, 5.143], [-9.17, 5.095], [-9.074, 5.0], [-8.979, 4.952], [-8.883, 4.905], [-8.787, 4.857], [-8.692, 4.762], [-8.596, 4.714], [-8.501, 4.667], [-8.405, 4.619], [-8.309, 4.571], [-8.214, 4.571], [-8.118, 4.524], [-8.023, 4.524], [-7.927, 4.476], [-7.831, 4.428], [-7.736, 4.381], [-7.64, 4.333], [-7.544, 4.333], [-7.449, 4.333], [-7.353, 4.381], [-7.258, 4.428], [-7.162, 4.476], [-7.066, 4.476], [-6.971, 4.524], [-6.875, 4.619], [-6.78, 4.619], [-6.684, 4.667], [-6.588, 4.714], [-6.493, 4.714], [-6.397, 4.762], [-6.301, 4.809], [-6.206, 4.857], [-6.11, 4.857], [-6.015, 4.905], [-5.919, 4.952], [-5.823, 5.0], [-5.728, 5.0], [-5.632, 5.048], [-5.537, 5.048], [-5.441, 5.048], [-5.345, 5.048], [-5.25, 5.095], [-5.154, 5.095], [-5.058, 5.095], [-4.963, 5.19], [-4.963, 5.19]]}, "properties": {"route_id": "RT_046", "nom": "Imekh-stom ↔ Ku-jálima-rir", "origine": "LUR_IMEKH-STOM_NO", "destination": "LUR_KU-JALIMA-RIR_SO", "modes_declares": "[\"maritime_cabotage\"]", "longueur_km": 5347, "km_par_milieu": "{\"mer Halakhel\": 933, \"océan\": 4126, \"terre\": 281}", "km_hors_modes_declares": "{\"terre\": 275}", "ruptures_de_charge": 2, "duree_jours": 78.0, "altitude_max_m": 763, "denivele_positif_m": 1082, "cols_franchis": "[]", "mois_ouverts": null, "milieux_km": "{\"steppe_piemont\": 127, \"herbage_arbore\": 75, \"fourre_cotier_sec\": 44, \"desert_pierreux\": 26}", "facies_km": "{\"hiver pluvieux tempéré\": 126, \"Hiver Gris\": 98, \"Hiver Jaune\": 38}", "trouees": "[]", "via": "[]", "vol_oiseau_km": 2338, "statut": "tracé"}}, {"type": "Feature", "geometry": {"type": "LineString", "coordinates": [[24.773, 8.702], [24.725, 8.654], [24.725, 8.607], [24.678, 8.56], [24.63, 8.56], [24.582, 8.56], [24.534, 8.56], [24.486, 8.56], [24.439, 8.56], [24.391, 8.56], [24.343, 8.56], [24.295, 8.56], [24.247, 8.56], [24.2, 8.56], [24.152, 8.56], [24.104, 8.56], [24.056, 8.56], [24.008, 8.56], [23.961, 8.56], [23.913, 8.56], [23.865, 8.56], [23.817, 8.56], [23.769, 8.56], [23.722, 8.513], [23.674, 8.465], [23.626, 8.465], [23.578, 8.465], [23.53, 8.513], [23.482, 8.513], [23.435, 8.56], [23.387, 8.607], [23.339, 8.654], [23.291, 8.702], [23.243, 8.749], [23.196, 8.749], [23.148, 8.796], [23.1, 8.843], [23.052, 8.891], [23.004, 8.938], [22.957, 8.985], [22.909, 9.032], [22.861, 9.08], [22.813, 9.127], [22.765, 9.174], [22.718, 9.221], [22.67, 9.268], [22.622, 9.315], [22.574, 9.363], [22.526, 9.41], [22.479, 9.457], [22.431, 9.504], [22.383, 9.551], [22.335, 9.598], [22.287, 9.646], [22.239, 9.693], [22.192, 9.74], [22.144, 9.787], [22.096, 9.834], [22.048, 9.881], [22.0, 9.928], [21.953, 9.928], [21.905, 9.928], [21.857, 9.928], [21.809, 9.928], [21.761, 9.928], [21.714, 9.928], [21.666, 9.928], [21.618, 9.928], [21.57, 9.881], [21.522, 9.881], [21.475, 9.881], [21.427, 9.834], [21.379, 9.787], [21.331, 9.787], [21.283, 9.787], [21.236, 9.74], [21.188, 9.74], [21.14, 9.74], [21.092, 9.74], [21.044, 9.74], [20.996, 9.787], [20.949, 9.787], [20.901, 9.787], [20.853, 9.834], [20.805, 9.834], [20.757, 9.834], [20.71, 9.834], [20.662, 9.881], [20.614, 9.881], [20.566, 9.881], [20.518, 9.834], [20.471, 9.787], [20.423, 9.787], [20.375, 9.74], [20.327, 9.74], [20.279, 9.693], [20.232, 9.74], [20.184, 9.787], [20.136, 9.787], [20.088, 9.787], [20.04, 9.787], [19.993, 9.834], [19.945, 9.834], [19.897, 9.787], [19.849, 9.74], [19.801, 9.74], [19.754, 9.74], [19.706, 9.693], [19.658, 9.646], [19.61, 9.598], [19.562, 9.598], [19.514, 9.598], [19.467, 9.551], [19.419, 9.551], [19.371, 9.504], [19.323, 9.504], [19.275, 9.457], [19.228, 9.457], [19.18, 9.41], [19.132, 9.41], [19.084, 9.41], [19.036, 9.41], [18.989, 9.41], [18.941, 9.41], [18.893, 9.41], [18.845, 9.363], [18.797, 9.315], [18.75, 9.315], [18.702, 9.315], [18.654, 9.315], [18.606, 9.315], [18.558, 9.315], [18.511, 9.363], [18.463, 9.363], [18.415, 9.363], [18.367, 9.363], [18.319, 9.41], [18.271, 9.41], [18.224, 9.363], [18.224, 9.315], [18.271, 9.268], [18.319, 9.221], [18.367, 9.174], [18.415, 9.127], [18.415, 9.08], [18.367, 9.032], [18.319, 8.985], [18.271, 8.938], [18.224, 8.891], [18.224, 8.843], [18.176, 8.843], [18.128, 8.891], [18.08, 8.891], [18.032, 8.938], [17.985, 8.938], [17.937, 8.891], [17.889, 8.891], [17.841, 8.891], [17.793, 8.891], [17.746, 8.843], [17.698, 8.796], [17.65, 8.749], [17.602, 8.702], [17.554, 8.702], [17.507, 8.702], [17.459, 8.749], [17.459, 8.796], [17.459, 8.843], [17.411, 8.891], [17.411, 8.938], [17.363, 8.985], [17.315, 9.032], [17.268, 8.985], [17.22, 8.938], [17.172, 8.938], [17.124, 8.938], [17.076, 8.938], [17.028, 8.938], [16.981, 8.938], [16.933, 8.938], [16.885, 8.938], [16.837, 8.891], [16.789, 8.891], [16.742, 8.891], [16.694, 8.938], [16.646, 8.985], [16.598, 9.032], [16.55, 9.032], [16.503, 9.032], [16.455, 9.08], [16.407, 9.127], [16.407, 9.174], [16.359, 9.221], [16.359, 9.268], [16.311, 9.315], [16.264, 9.363], [16.216, 9.41], [16.168, 9.457], [16.12, 9.504], [16.072, 9.504], [16.025, 9.551], [15.977, 9.598], [15.929, 9.646], [15.881, 9.693], [15.833, 9.74], [15.786, 9.74], [15.738, 9.74], [15.69, 9.74], [15.642, 9.74], [15.594, 9.787], [15.546, 9.787], [15.499, 9.834], [15.451, 9.834], [15.403, 9.834], [15.355, 9.834], [15.307, 9.834], [15.26, 9.834], [15.212, 9.834], [15.164, 9.834], [15.116, 9.834], [15.068, 9.881], [15.021, 9.881], [14.973, 9.881], [14.925, 9.881], [14.877, 9.881], [14.829, 9.881], [14.782, 9.834], [14.734, 9.834], [14.686, 9.787], [14.638, 9.74], [14.59, 9.74], [14.543, 9.74], [14.495, 9.693], [14.447, 9.693], [14.399, 9.646], [14.351, 9.646], [14.303, 9.646], [14.256, 9.646], [14.208, 9.646], [14.16, 9.646], [14.112, 9.646], [14.064, 9.646], [14.017, 9.598], [13.969, 9.646], [13.921, 9.646], [13.873, 9.598], [13.825, 9.551], [13.825, 9.504], [13.825, 9.457], [13.873, 9.41], [13.825, 9.363], [13.778, 9.363], [13.778, 9.315], [13.73, 9.268], [13.682, 9.268], [13.634, 9.268], [13.586, 9.268], [13.539, 9.315], [13.491, 9.315], [13.443, 9.315], [13.395, 9.315], [13.395, 9.268], [13.347, 9.268], [13.3, 9.268], [13.252, 9.268], [13.204, 9.221], [13.156, 9.221], [13.108, 9.221], [13.06, 9.221], [13.013, 9.221], [12.965, 9.221], [12.917, 9.221], [12.869, 9.268], [12.821, 9.268], [12.774, 9.268], [12.726, 9.268], [12.678, 9.268], [12.63, 9.268], [12.582, 9.221], [12.535, 9.221], [12.487, 9.221], [12.487, 9.268], [12.439, 9.315], [12.391, 9.315], [12.343, 9.363], [12.296, 9.41], [12.248, 9.457], [12.2, 9.504], [12.152, 9.551], [12.104, 9.598], [12.057, 9.551], [12.009, 9.551], [11.961, 9.551], [11.913, 9.504], [11.865, 9.504], [11.818, 9.504], [11.77, 9.504], [11.722, 9.551], [11.674, 9.504], [11.626, 9.504], [11.578, 9.457], [11.531, 9.41], [11.531, 9.363], [11.483, 9.363], [11.435, 9.315], [11.387, 9.363], [11.339, 9.363], [11.292, 9.315], [11.244, 9.268], [11.196, 9.221], [11.148, 9.174], [11.1, 9.174], [11.1, 9.127], [11.053, 9.08], [11.005, 9.032], [10.957, 9.032], [10.909, 9.032], [10.861, 9.032], [10.814, 8.985], [10.766, 8.938], [10.718, 8.891], [10.67, 8.843], [10.622, 8.796], [10.575, 8.749], [10.527, 8.702], [10.479, 8.654], [10.479, 8.607], [10.479, 8.56], [10.431, 8.513], [10.431, 8.465], [10.383, 8.465], [10.335, 8.465], [10.288, 8.418], [10.24, 8.371], [10.192, 8.371], [10.144, 8.371], [10.096, 8.371], [10.049, 8.371], [10.001, 8.371], [9.953, 8.371], [9.905, 8.371], [9.857, 8.371], [9.81, 8.371], [9.762, 8.371], [9.714, 8.371], [9.666, 8.323], [9.666, 8.276], [9.618, 8.229], [9.571, 8.181], [9.523, 8.134], [9.475, 8.087], [9.427, 8.087], [9.379, 8.039], [9.332, 7.992], [9.284, 7.945], [9.236, 7.945], [9.188, 7.945], [9.14, 7.897], [9.092, 7.897], [9.045, 7.897], [8.997, 7.897], [8.949, 7.85], [8.901, 7.803], [8.853, 7.803], [8.806, 7.803], [8.758, 7.803], [8.71, 7.803], [8.71, 7.85], [8.71, 7.897], [8.71, 7.945], [8.71, 7.992], [8.71, 8.039], [8.662, 8.039], [8.614, 7.992], [8.567, 7.945], [8.519, 7.945], [8.471, 7.945], [8.423, 7.897], [8.375, 7.85], [8.328, 7.803], [8.328, 7.755], [8.328, 7.708], [8.328, 7.661], [8.328, 7.613], [8.28, 7.566], [8.328, 7.518], [8.328, 7.471], [8.328, 7.424], [8.328, 7.376], [8.28, 7.329], [8.28, 7.281], [8.28, 7.234], [8.28, 7.187], [8.28, 7.139], [8.28, 7.092], [8.328, 7.044], [8.28, 6.997], [8.28, 6.949], [8.28, 6.902], [8.232, 6.854], [8.232, 6.807], [8.232, 6.759], [8.28, 6.712], [8.328, 6.665], [8.328, 6.617], [8.328, 6.57], [8.375, 6.522], [8.423, 6.475], [8.423, 6.427], [8.423, 6.38], [8.423, 6.332], [8.423, 6.284], [8.423, 6.237], [8.423, 6.189], [8.471, 6.142], [8.471, 6.094], [8.471, 6.047], [8.423, 5.999], [8.375, 5.952], [8.328, 5.904], [8.28, 5.904], [8.232, 5.952], [8.184, 5.999], [8.136, 5.999], [8.089, 5.952], [8.089, 5.904], [8.041, 5.857], [7.993, 5.809], [7.993, 5.762], [7.993, 5.714], [7.945, 5.666], [7.945, 5.619], [7.993, 5.571], [7.993, 5.524], [7.993, 5.476], [8.041, 5.428], [8.089, 5.381], [8.136, 5.333], [8.184, 5.286], [8.232, 5.238], [8.232, 5.19], [8.232, 5.143], [8.28, 5.095], [8.28, 5.048], [8.28, 5.0], [8.28, 4.952], [8.28, 4.905], [8.28, 4.857], [8.28, 4.809], [8.28, 4.762], [8.328, 4.714], [8.328, 4.667], [8.328, 4.619], [8.328, 4.571], [8.328, 4.524], [8.328, 4.476], [8.28, 4.428], [8.232, 4.428], [8.184, 4.381], [8.136, 4.381], [8.089, 4.381], [8.041, 4.381], [7.993, 4.381], [7.945, 4.381], [7.897, 4.381], [7.85, 4.381], [7.802, 4.381], [7.754, 4.381], [7.706, 4.381], [7.658, 4.381], [7.61, 4.381], [7.563, 4.381], [7.515, 4.381], [7.467, 4.381], [7.419, 4.381], [7.371, 4.381], [7.324, 4.381], [7.276, 4.381], [7.228, 4.381], [7.18, 4.381], [7.132, 4.333], [7.085, 4.285], [7.037, 4.285], [6.989, 4.238], [6.941, 4.238], [6.893, 4.238], [6.846, 4.238], [6.798, 4.19], [6.75, 4.19], [6.702, 4.19], [6.654, 4.19], [6.607, 4.19], [6.559, 4.19], [6.511, 4.19], [6.463, 4.19], [6.415, 4.19], [6.367, 4.19], [6.32, 4.19], [6.272, 4.19], [6.224, 4.19], [6.176, 4.142], [6.128, 4.142], [6.081, 4.142], [6.033, 4.142], [5.985, 4.19], [5.937, 4.238], [5.889, 4.238], [5.842, 4.285], [5.794, 4.333], [5.746, 4.333], [5.698, 4.381], [5.65, 4.428], [5.603, 4.476], [5.555, 4.524], [5.555, 4.571], [5.507, 4.619], [5.507, 4.667], [5.459, 4.714], [5.459, 4.762], [5.411, 4.809], [5.411, 4.857], [5.364, 4.905], [5.316, 4.952], [5.268, 5.0], [5.22, 5.048], [5.172, 5.095], [5.124, 5.143], [5.077, 5.19], [5.029, 5.238], [4.981, 5.286], [4.933, 5.333], [4.885, 5.381], [4.838, 5.428], [4.79, 5.476], [4.742, 5.524], [4.694, 5.571], [4.646, 5.619], [4.599, 5.666], [4.551, 5.714], [4.503, 5.762], [4.455, 5.809], [4.407, 5.857], [4.36, 5.904], [4.312, 5.952], [4.264, 5.999], [4.216, 5.999], [4.168, 5.999], [4.121, 5.999], [4.073, 5.999], [4.025, 5.999], [3.977, 5.999], [3.929, 5.999], [3.882, 5.999], [3.834, 5.999], [3.786, 5.999], [3.738, 5.999], [3.69, 5.999], [3.642, 5.999], [3.595, 5.999], [3.547, 5.999], [3.499, 5.999], [3.451, 5.999], [3.403, 5.999], [3.356, 5.999], [3.308, 5.999], [3.26, 5.999], [3.212, 5.999], [3.164, 5.999], [3.117, 5.999], [3.069, 5.999], [3.021, 5.999], [2.973, 5.999], [2.925, 5.999], [2.878, 5.999], [2.83, 5.999], [2.782, 5.999], [2.734, 5.999], [2.686, 5.999], [2.639, 5.999], [2.591, 5.999], [2.543, 5.999], [2.495, 5.999], [2.447, 5.999], [2.399, 5.999], [2.352, 5.999], [2.304, 5.999], [2.256, 5.999], [2.208, 5.999], [2.16, 5.999], [2.113, 5.999], [2.065, 5.999], [2.017, 5.999], [1.969, 5.999], [1.921, 5.999], [1.874, 5.999], [1.826, 5.999], [1.778, 5.999], [1.73, 5.999], [1.682, 5.999], [1.635, 5.999], [1.587, 5.999], [1.539, 5.999], [1.491, 5.999], [1.443, 5.999], [1.396, 5.999], [1.348, 5.999], [1.3, 5.999], [1.252, 5.999], [1.204, 5.999], [1.156, 5.952], [1.109, 5.904], [1.061, 5.857], [1.013, 5.809], [0.965, 5.762], [0.917, 5.714], [0.87, 5.714], [0.822, 5.666], [0.774, 5.666], [0.726, 5.666], [0.678, 5.666], [0.631, 5.666], [0.583, 5.666], [0.535, 5.666], [0.487, 5.666], [0.439, 5.666], [0.392, 5.666], [0.344, 5.666], [0.296, 5.666], [0.248, 5.666], [0.2, 5.666], [0.153, 5.619], [0.105, 5.619], [0.057, 5.571], [0.009, 5.571], [-0.039, 5.524], [-0.086, 5.524], [-0.134, 5.476], [-0.182, 5.476], [-0.23, 5.476], [-0.278, 5.428], [-0.326, 5.428], [-0.373, 5.381], [-0.421, 5.381], [-0.469, 5.333], [-0.517, 5.286], [-0.565, 5.286], [-0.612, 5.238], [-0.66, 5.238], [-0.708, 5.19], [-0.756, 5.19], [-0.804, 5.143], [-0.851, 5.143], [-0.899, 5.143], [-0.947, 5.095], [-0.995, 5.095], [-1.043, 5.095], [-1.09, 5.095], [-1.138, 5.095], [-1.186, 5.048], [-1.234, 5.048], [-1.282, 5.048], [-1.329, 5.0], [-1.377, 5.0], [-1.425, 5.0], [-1.473, 4.952], [-1.521, 4.952], [-1.569, 4.952], [-1.616, 4.905], [-1.664, 4.857], [-1.712, 4.857], [-1.76, 4.809], [-1.808, 4.762], [-1.855, 4.762], [-1.903, 4.714], [-1.951, 4.714], [-1.999, 4.667], [-2.047, 4.667], [-2.094, 4.667], [-2.142, 4.714], [-2.19, 4.762], [-2.238, 4.762], [-2.286, 4.809], [-2.333, 4.809], [-2.381, 4.857], [-2.429, 4.857], [-2.477, 4.857], [-2.525, 4.905], [-2.572, 4.905], [-2.62, 4.905], [-2.668, 4.905], [-2.716, 4.952], [-2.764, 4.952], [-2.812, 4.952], [-2.859, 4.952], [-2.907, 4.952], [-2.955, 4.952], [-3.003, 5.0], [-3.051, 5.0], [-3.098, 5.0], [-3.146, 5.048], [-3.194, 5.095], [-3.242, 5.095], [-3.29, 5.095], [-3.337, 5.095], [-3.385, 5.095], [-3.433, 5.095], [-3.481, 5.095], [-3.529, 5.095], [-3.576, 5.095], [-3.624, 5.095], [-3.672, 5.095], [-3.72, 5.095], [-3.768, 5.095], [-3.815, 5.095], [-3.863, 5.095], [-3.911, 5.095], [-3.959, 5.095], [-4.007, 5.095], [-4.055, 5.095], [-4.102, 5.095], [-4.15, 5.095], [-4.198, 5.095], [-4.246, 5.095], [-4.294, 5.095], [-4.341, 5.095], [-4.389, 5.095], [-4.437, 5.095], [-4.485, 5.095], [-4.533, 5.095], [-4.58, 5.095], [-4.628, 5.095], [-4.676, 5.095], [-4.724, 5.095], [-4.772, 5.095], [-4.819, 5.095], [-4.867, 5.095], [-4.915, 5.143], [-4.963, 5.19], [-4.963, 5.19]]}, "properties": {"route_id": "RT_047", "nom": "Kù-békà ↔ Ku-jálima-rir", "origine": "LUR_KUBEKA_SC", "destination": "LUR_KU-JALIMA-RIR_SO", "modes_declares": "[\"fluvial\", \"lacustre\", \"maritime_cabotage\"]", "longueur_km": 4484, "km_par_milieu": "{\"océan\": 1704, \"lac\": 200, \"fleuve (aval)\": 1813, \"fleuve (amont)\": 318, \"terre\": 441}", "km_hors_modes_declares": "{\"terre\": 435}", "ruptures_de_charge": 2, "duree_jours": 78.0, "altitude_max_m": 1220, "denivele_positif_m": 521, "cols_franchis": "[]", "mois_ouverts": null, "milieux_km": "{\"foret_berge\": 1177, \"foret_tropicale_humide\": 590, \"steppe_piemont\": 514, \"herbage_arbore\": 245, \"zone_humide_lacustre\": 35}", "facies_km": "{\"hors |'Arin\": 2574}", "trouees": "[]", "via": "[]", "vol_oiseau_km": 3306, "statut": "tracé"}}, {"type": "Feature", "geometry": {"type": "LineString", "coordinates": [[30.988, 10.587], [30.94, 10.587], [30.893, 10.634], [30.845, 10.634], [30.797, 10.681], [30.749, 10.681], [30.701, 10.681], [30.654, 10.681], [30.606, 10.681], [30.558, 10.681], [30.51, 10.728], [30.462, 10.728], [30.415, 10.728], [30.367, 10.728], [30.367, 10.728]]}, "properties": {"route_id": "RT_048", "nom": "Voie-Haute ↔ Hae Ts'i-K'uré", "origine": "AUX_VOIE-HAUTE", "destination": "LUR_HAE-TSI-KURE_SE", "modes_declares": "[\"col_haute_altitude\"]", "longueur_km": 74, "km_par_milieu": "{\"terre\": 74}", "km_hors_modes_declares": "{}", "ruptures_de_charge": 0, "duree_jours": 4.6, "altitude_max_m": 1839, "denivele_positif_m": 1042, "cols_franchis": "[]", "mois_ouverts": null, "milieux_km": "{\"herbage_arbore\": 41, \"foret_montagne\": 34}", "facies_km": "{\"hors |'Arin\": 74}", "trouees": "[\"TRO_02\"]", "via": "[]", "vol_oiseau_km": 73, "statut": "tracé"}}, {"type": "Feature", "geometry": {"type": "LineString", "coordinates": [[38.972, 15.245], [39.115, 15.337], [39.259, 15.476], [39.402, 15.476], [39.498, 15.568], [39.498, 15.706], [39.498, 15.844], [39.498, 15.982], [39.498, 16.12], [39.498, 16.257], [39.498, 16.395], [39.498, 16.533], [39.498, 16.67], [39.498, 16.807], [39.45, 16.945], [39.402, 17.082], [39.354, 17.219], [39.307, 17.356], [39.259, 17.493], [39.211, 17.629], [39.068, 17.766], [38.924, 17.903], [38.781, 18.039], [38.637, 18.175], [38.494, 18.311], [38.351, 18.448], [38.207, 18.584], [38.064, 18.719], [37.92, 18.855], [37.777, 18.991], [37.729, 19.126], [37.681, 19.262], [37.633, 19.397], [37.586, 19.532], [37.586, 19.668], [37.586, 19.803], [37.586, 19.937], [37.538, 20.072], [37.538, 20.207], [37.538, 20.341], [37.538, 20.476], [37.538, 20.61], [37.538, 20.744], [37.49, 20.878], [37.394, 21.012], [37.299, 21.146], [37.251, 21.28], [37.251, 21.413], [37.251, 21.547], [37.251, 21.68], [37.155, 21.813], [37.108, 21.947], [37.012, 22.08], [36.964, 22.212], [36.868, 22.345], [36.725, 22.478], [36.582, 22.61], [36.438, 22.742], [36.295, 22.875], [36.151, 23.007], [36.008, 23.139], [35.96, 23.271], [35.912, 23.402], [35.912, 23.534], [35.912, 23.665], [35.912, 23.796], [35.912, 23.928], [35.912, 24.059], [35.912, 24.19], [35.817, 24.32], [35.673, 24.451], [35.578, 24.581], [35.53, 24.712], [35.434, 24.842], [35.386, 24.972], [35.339, 25.102], [35.243, 25.232], [35.195, 25.362], [35.1, 25.491], [35.052, 25.62], [35.004, 25.75], [34.908, 25.879], [34.861, 26.008], [34.765, 26.137], [34.669, 26.265], [34.574, 26.394], [34.526, 26.522], [34.43, 26.65], [34.335, 26.779], [34.335, 26.907], [34.287, 27.034], [34.287, 27.162], [34.239, 27.29], [34.191, 27.417], [34.191, 27.544], [34.143, 27.671], [34.0, 27.798], [33.857, 27.925], [33.713, 28.052], [33.618, 28.178], [33.474, 28.305], [33.331, 28.431], [33.235, 28.557], [33.187, 28.683], [33.187, 28.808], [33.14, 28.934], [33.044, 29.059], [32.9, 29.185], [32.805, 29.31], [32.757, 29.435], [32.661, 29.56], [32.661, 29.684], [32.614, 29.809], [32.566, 29.933], [32.566, 30.058], [32.566, 30.182], [32.566, 30.305], [32.566, 30.429], [32.566, 30.553], [32.566, 30.676], [32.566, 30.8], [32.566, 30.923], [32.614, 31.046], [32.47, 31.168], [32.327, 31.291], [32.183, 31.413], [32.04, 31.536], [31.897, 31.577], [31.753, 31.577], [31.61, 31.577], [31.466, 31.577], [31.323, 31.577], [31.179, 31.577], [31.036, 31.577], [30.893, 31.577], [30.749, 31.577], [30.606, 31.577], [30.462, 31.577], [30.319, 31.577], [30.175, 31.577], [30.032, 31.577], [29.889, 31.577], [29.745, 31.495], [29.602, 31.454], [29.458, 31.332], [29.315, 31.25], [29.172, 31.168], [29.028, 31.168], [28.885, 31.168], [28.741, 31.168], [28.598, 31.168], [28.454, 31.168], [28.311, 31.168], [28.168, 31.168], [28.024, 31.168], [27.881, 31.168], [27.737, 31.168], [27.594, 31.168], [27.498, 31.046], [27.355, 30.923], [27.259, 30.8], [27.116, 30.676], [26.972, 30.553], [26.829, 30.429], [26.733, 30.305], [26.59, 30.264], [26.447, 30.264], [26.303, 30.264], [26.16, 30.264], [26.016, 30.223], [25.873, 30.14], [25.729, 30.099], [25.586, 30.099], [25.443, 30.099], [25.299, 30.016], [25.156, 29.892], [25.012, 29.767], [24.869, 29.643], [24.725, 29.518], [24.582, 29.518], [24.439, 29.518], [24.295, 29.393], [24.152, 29.31], [24.008, 29.31], [23.865, 29.31], [23.722, 29.31], [23.578, 29.31], [23.435, 29.31], [23.291, 29.31], [23.148, 29.31], [23.004, 29.31], [22.861, 29.31], [22.718, 29.31], [22.574, 29.31], [22.431, 29.31], [22.287, 29.31], [22.144, 29.31], [22.0, 29.31], [21.857, 29.31], [21.714, 29.31], [21.57, 29.31], [21.427, 29.31], [21.283, 29.268], [21.14, 29.143], [20.996, 29.018], [20.853, 29.018], [20.71, 29.018], [20.566, 29.018], [20.423, 29.018], [20.279, 29.018], [20.136, 29.018], [19.993, 29.018], [19.849, 29.018], [19.706, 29.018], [19.562, 29.018], [19.419, 29.018], [19.275, 29.018], [19.132, 29.018], [18.989, 29.018], [18.845, 29.018], [18.702, 29.018], [18.558, 29.018], [18.415, 29.018], [18.271, 29.018], [18.128, 28.976], [17.985, 28.85], [17.841, 28.892], [17.698, 28.892], [17.554, 28.892], [17.411, 28.892], [17.268, 28.892], [17.124, 28.892], [16.981, 28.892], [16.837, 28.892], [16.694, 28.892], [16.55, 28.892], [16.407, 28.892], [16.264, 28.892], [16.12, 28.892], [15.977, 28.892], [15.833, 28.892], [15.69, 28.892], [15.546, 28.892], [15.403, 28.892], [15.26, 28.892], [15.116, 28.892], [14.973, 28.767], [14.829, 28.683], [14.686, 28.683], [14.543, 28.557], [14.399, 28.431], [14.256, 28.305], [14.112, 28.22], [13.969, 28.178], [13.825, 28.094], [13.682, 28.052], [13.539, 27.967], [13.395, 27.841], [13.252, 27.756], [13.108, 27.756], [12.965, 27.798], [12.821, 27.841], [12.678, 27.925], [12.535, 27.967], [12.391, 27.967], [12.248, 27.967], [12.104, 27.967], [11.961, 27.967], [11.818, 27.967], [11.674, 27.967], [11.531, 27.967], [11.387, 27.967], [11.244, 27.967], [11.1, 27.967], [10.957, 27.967], [10.814, 27.967], [10.67, 27.967], [10.527, 27.967], [10.383, 27.967], [10.24, 27.967], [10.096, 27.967], [9.953, 27.967], [9.81, 27.967], [9.666, 27.967], [9.523, 27.967], [9.379, 27.967], [9.236, 27.967], [9.092, 27.967], [8.949, 27.967], [8.806, 27.967], [8.662, 27.967], [8.519, 27.967], [8.375, 27.967], [8.232, 27.967], [8.089, 27.967], [7.945, 27.967], [7.802, 27.967], [7.658, 28.01], [7.515, 28.01], [7.371, 28.01], [7.228, 28.01], [7.085, 28.01], [6.941, 28.01], [6.798, 28.01], [6.654, 28.01], [6.511, 28.01], [6.367, 28.01], [6.224, 28.01], [6.081, 28.01], [5.937, 28.01], [5.794, 28.01], [5.65, 27.883], [5.507, 27.756], [5.364, 27.629], [5.22, 27.629], [5.077, 27.587], [4.933, 27.544], [4.79, 27.629], [4.646, 27.629], [4.503, 27.629], [4.36, 27.629], [4.216, 27.629], [4.073, 27.629], [3.929, 27.629], [3.786, 27.629], [3.642, 27.629], [3.499, 27.629], [3.356, 27.629], [3.212, 27.629], [3.069, 27.587], [2.925, 27.502], [2.782, 27.459], [2.639, 27.459], [2.495, 27.502], [2.352, 27.502], [2.208, 27.502], [2.065, 27.502], [1.921, 27.502], [1.778, 27.502], [1.635, 27.502], [1.491, 27.502], [1.348, 27.502], [1.204, 27.502], [1.061, 27.502], [0.917, 27.502], [0.774, 27.502], [0.631, 27.502], [0.487, 27.502], [0.344, 27.502], [0.2, 27.502], [0.057, 27.502], [-0.086, 27.375], [-0.23, 27.247], [-0.373, 27.162], [-0.517, 27.162], [-0.66, 27.162], [-0.804, 27.162], [-0.947, 27.077], [-1.09, 27.034], [-1.234, 27.034], [-1.377, 27.034], [-1.521, 27.034], [-1.664, 27.034], [-1.808, 27.034], [-1.951, 27.034], [-2.094, 27.034], [-2.238, 27.034], [-2.381, 26.992], [-2.525, 26.949], [-2.668, 26.907], [-2.812, 26.907], [-2.955, 26.907], [-3.098, 26.949], [-3.194, 27.077], [-3.194, 27.205], [-3.242, 27.332], [-3.385, 27.459], [-3.529, 27.587], [-3.672, 27.714], [-3.815, 27.841], [-3.959, 27.967], [-4.102, 27.967], [-4.246, 27.967], [-4.389, 27.967], [-4.533, 27.967], [-4.676, 27.967], [-4.819, 27.967], [-4.963, 27.967], [-5.106, 27.967], [-5.25, 27.967], [-5.393, 27.967], [-5.537, 27.967], [-5.68, 27.967], [-5.823, 27.967], [-5.967, 27.967], [-6.11, 28.052], [-6.254, 28.094], [-6.397, 28.136], [-6.54, 28.136], [-6.684, 28.178], [-6.827, 28.178], [-6.971, 28.178], [-7.114, 28.22], [-7.258, 28.22], [-7.401, 28.22], [-7.497, 28.22]]}, "properties": {"route_id": "RT_049", "nom": "Voie-Comptable ↔ Kisralom", "origine": "AUX_VOIE-COMPTABLE", "destination": "AUX_KISRALOM", "modes_declares": "[\"maritime_cabotage\"]", "longueur_km": 6363, "km_par_milieu": "{\"mer Halakhel\": 3618, \"océan\": 2410, \"terre\": 317}", "km_hors_modes_declares": "{\"terre\": 300}", "ruptures_de_charge": 6, "duree_jours": 93.0, "altitude_max_m": 2031, "denivele_positif_m": 325, "cols_franchis": "[]", "mois_ouverts": null, "milieux_km": "{\"fourre_cotier_sec\": 231, \"steppe_piemont\": 57}", "facies_km": "{\"hiver pluvieux tempéré\": 128, \"Hiver Gris\": 64, \"Hiver Jaune\": 52, \"hors |'Arin\": 42, \"Hiver de Vapeur\": 29}", "trouees": "[]", "via": "[]", "vol_oiseau_km": 4983, "statut": "tracé"}}, {"type": "Feature", "geometry": {"type": "LineString", "coordinates": [[2.639, 25.836], [2.639, 25.879], [2.639, 25.922], [2.639, 25.965], [2.639, 26.008], [2.639, 26.051], [2.639, 26.094], [2.639, 26.137], [2.639, 26.18], [2.591, 26.222], [2.543, 26.265], [2.495, 26.222], [2.447, 26.265], [2.399, 26.265], [2.352, 26.265], [2.304, 26.265], [2.256, 26.265], [2.208, 26.265], [2.16, 26.265], [2.113, 26.265], [2.065, 26.265], [2.017, 26.265], [1.969, 26.265], [1.921, 26.265], [1.874, 26.265], [1.826, 26.265], [1.778, 26.265], [1.73, 26.265], [1.682, 26.265], [1.635, 26.265], [1.587, 26.265], [1.539, 26.265], [1.491, 26.265], [1.443, 26.265], [1.396, 26.265], [1.348, 26.308], [1.3, 26.308], [1.252, 26.351], [1.204, 26.394], [1.156, 26.394], [1.109, 26.394], [1.061, 26.394], [1.013, 26.394], [0.965, 26.394], [0.917, 26.394], [0.87, 26.394], [0.822, 26.394], [0.774, 26.394], [0.726, 26.394], [0.678, 26.394], [0.631, 26.394], [0.583, 26.394], [0.535, 26.394], [0.487, 26.394], [0.439, 26.394], [0.392, 26.394], [0.344, 26.394], [0.296, 26.394], [0.248, 26.394], [0.2, 26.351], [0.153, 26.308], [0.153, 26.265], [0.153, 26.222], [0.153, 26.18], [0.2, 26.137], [0.2, 26.094], [0.2, 26.051], [0.2, 26.008], [0.2, 25.965], [0.248, 25.922], [0.248, 25.879], [0.296, 25.836], [0.296, 25.793], [0.296, 25.75], [0.344, 25.707], [0.344, 25.707]]}, "properties": {"route_id": "RT_050", "nom": "Cherbekh-khem ↔ Imekh-stom", "origine": "LUR_CHERBEKH-KHEM_NO", "destination": "LUR_IMEKH-STOM_NO", "modes_declares": "[\"maritime_cabotage\", \"terrestre_caravane\"]", "longueur_km": 379, "km_par_milieu": "{\"mer Halakhel\": 379}", "km_hors_modes_declares": "{}", "ruptures_de_charge": 0, "duree_jours": 5.0, "altitude_max_m": null, "denivele_positif_m": 0, "cols_franchis": "[]", "mois_ouverts": null, "milieux_km": "{}", "facies_km": "{}", "trouees": "[]", "via": "[]", "vol_oiseau_km": 229, "statut": "tracé"}}, {"type": "Feature", "geometry": {"type": "LineString", "coordinates": [[-9.122, 22.301], [-9.122, 22.345], [-9.074, 22.389], [-9.026, 22.433], [-8.979, 22.478], [-8.931, 22.522], [-8.883, 22.522], [-8.835, 22.566], [-8.787, 22.61], [-8.74, 22.654], [-8.692, 22.698], [-8.644, 22.742], [-8.596, 22.742], [-8.548, 22.787], [-8.501, 22.787], [-8.453, 22.787], [-8.405, 22.831], [-8.357, 22.875], [-8.309, 22.919], [-8.262, 22.963], [-8.214, 23.007], [-8.166, 23.051], [-8.166, 23.095], [-8.118, 23.139], [-8.07, 23.183], [-8.023, 23.227], [-7.975, 23.271], [-7.927, 23.314], [-7.879, 23.358], [-7.831, 23.402], [-7.783, 23.446], [-7.736, 23.49], [-7.688, 23.534], [-7.64, 23.578], [-7.592, 23.621], [-7.544, 23.665], [-7.497, 23.709], [-7.449, 23.753], [-7.401, 23.796], [-7.353, 23.84], [-7.305, 23.884], [-7.258, 23.928], [-7.21, 23.971], [-7.162, 24.015], [-7.114, 24.059], [-7.066, 24.102], [-7.019, 24.146], [-6.971, 24.19], [-6.923, 24.233], [-6.875, 24.233], [-6.827, 24.233], [-6.78, 24.233], [-6.732, 24.277], [-6.684, 24.277], [-6.636, 24.32], [-6.588, 24.32], [-6.54, 24.32], [-6.493, 24.32], [-6.445, 24.32], [-6.397, 24.364], [-6.349, 24.364], [-6.301, 24.407], [-6.254, 24.451], [-6.206, 24.451], [-6.158, 24.451], [-6.11, 24.494], [-6.062, 24.494], [-6.015, 24.494], [-5.967, 24.538], [-5.919, 24.581], [-5.871, 24.625], [-5.823, 24.625], [-5.776, 24.625], [-5.728, 24.625], [-5.68, 24.625], [-5.632, 24.668], [-5.584, 24.668], [-5.537, 24.668], [-5.489, 24.668], [-5.441, 24.712], [-5.393, 24.712], [-5.345, 24.712], [-5.297, 24.712], [-5.25, 24.712], [-5.202, 24.712], [-5.154, 24.712], [-5.106, 24.712], [-5.058, 24.712], [-5.011, 24.712], [-4.963, 24.712], [-4.915, 24.755], [-4.867, 24.755], [-4.819, 24.799], [-4.772, 24.799], [-4.724, 24.799], [-4.676, 24.799], [-4.628, 24.842], [-4.58, 24.885], [-4.533, 24.929], [-4.485, 24.972], [-4.437, 25.015], [-4.389, 25.059], [-4.341, 25.059], [-4.294, 25.059], [-4.246, 25.059], [-4.198, 25.059], [-4.15, 25.059], [-4.102, 25.102], [-4.055, 25.102], [-4.007, 25.102], [-3.959, 25.102], [-3.911, 25.102], [-3.863, 25.102], [-3.815, 25.102], [-3.768, 25.102], [-3.72, 25.102], [-3.672, 25.102], [-3.624, 25.102], [-3.576, 25.102], [-3.529, 25.145], [-3.481, 25.145], [-3.433, 25.145], [-3.385, 25.145], [-3.337, 25.145], [-3.29, 25.145], [-3.242, 25.145], [-3.194, 25.145], [-3.146, 25.145], [-3.098, 25.145], [-3.051, 25.189], [-3.003, 25.189], [-2.955, 25.189], [-2.907, 25.189], [-2.859, 25.189], [-2.812, 25.189], [-2.764, 25.189], [-2.716, 25.189], [-2.668, 25.189], [-2.62, 25.189], [-2.572, 25.189], [-2.525, 25.189], [-2.477, 25.189], [-2.429, 25.189], [-2.381, 25.189], [-2.333, 25.189], [-2.286, 25.189], [-2.238, 25.189], [-2.19, 25.189], [-2.142, 25.189], [-2.094, 25.189], [-2.047, 25.189], [-1.999, 25.189], [-1.951, 25.189], [-1.903, 25.189], [-1.855, 25.189], [-1.808, 25.189], [-1.76, 25.189], [-1.712, 25.189], [-1.664, 25.189], [-1.616, 25.189], [-1.569, 25.189], [-1.521, 25.189], [-1.473, 25.189], [-1.425, 25.189], [-1.377, 25.232], [-1.329, 25.232], [-1.282, 25.232], [-1.234, 25.232], [-1.186, 25.232], [-1.138, 25.232], [-1.09, 25.232], [-1.043, 25.232], [-0.995, 25.232], [-0.947, 25.232], [-0.899, 25.275], [-0.851, 25.275], [-0.804, 25.275], [-0.756, 25.275], [-0.708, 25.275], [-0.66, 25.275], [-0.612, 25.275], [-0.565, 25.275], [-0.517, 25.275], [-0.469, 25.275], [-0.421, 25.275], [-0.373, 25.275], [-0.326, 25.275], [-0.278, 25.275], [-0.23, 25.275], [-0.182, 25.275], [-0.134, 25.275], [-0.086, 25.275], [-0.039, 25.275], [0.009, 25.275], [0.057, 25.275], [0.105, 25.275], [0.153, 25.275], [0.2, 25.275], [0.248, 25.275], [0.296, 25.275], [0.344, 25.275], [0.392, 25.275], [0.439, 25.275], [0.487, 25.275], [0.535, 25.275], [0.583, 25.275], [0.631, 25.318], [0.678, 25.362], [0.726, 25.362], [0.774, 25.362], [0.822, 25.362], [0.87, 25.362], [0.917, 25.362], [0.965, 25.362], [1.013, 25.362], [1.061, 25.362], [1.109, 25.362], [1.156, 25.405], [1.204, 25.405], [1.252, 25.405], [1.3, 25.405], [1.348, 25.405], [1.396, 25.405], [1.443, 25.405], [1.491, 25.405], [1.539, 25.405], [1.587, 25.405], [1.635, 25.405], [1.682, 25.405], [1.73, 25.448], [1.778, 25.448], [1.826, 25.491], [1.874, 25.534], [1.921, 25.577], [1.969, 25.62], [2.017, 25.62], [2.065, 25.62], [2.113, 25.62], [2.16, 25.62], [2.208, 25.62], [2.256, 25.62], [2.304, 25.62], [2.352, 25.62], [2.399, 25.62], [2.447, 25.664], [2.495, 25.707], [2.543, 25.75], [2.591, 25.793], [2.639, 25.836], [2.639, 25.836]]}, "properties": {"route_id": "RT_051", "nom": "Bannaktì ↔ Cherbekh-khem", "origine": "LUR_BANNAKTI_NO", "destination": "LUR_CHERBEKH-KHEM_NO", "modes_declares": "[\"terrestre_caravane\"]", "longueur_km": 1357, "km_par_milieu": "{\"terre\": 1353}", "km_hors_modes_declares": "{}", "ruptures_de_charge": 1, "duree_jours": 47.0, "altitude_max_m": 2016, "denivele_positif_m": 4388, "cols_franchis": "[\"Hlenik-k'eso (038, 2000 m)\"]", "mois_ouverts": "avr → nov", "milieux_km": "{\"steppe_piemont\": 710, \"desert_pierreux\": 509, \"plaine_alluviale\": 98, \"littoral_rocheux\": 21}", "facies_km": "{\"Hiver Jaune\": 1007, \"hors |'Arin\": 201, \"Hiver de Vapeur\": 142}", "trouees": "[]", "via": "[]", "vol_oiseau_km": 1255, "statut": "tracé"}}, {"type": "Feature", "geometry": {"type": "LineString", "coordinates": [[42.892, 11.759], [42.844, 11.759], [42.797, 11.713], [42.749, 11.666], [42.701, 11.666], [42.653, 11.666], [42.605, 11.619], [42.558, 11.619], [42.51, 11.619], [42.462, 11.572], [42.414, 11.572], [42.366, 11.525], [42.319, 11.478], [42.271, 11.478], [42.223, 11.478], [42.175, 11.432], [42.127, 11.385], [42.079, 11.385], [42.032, 11.338], [41.984, 11.338], [41.936, 11.338], [41.888, 11.338], [41.84, 11.338], [41.793, 11.338], [41.745, 11.338], [41.697, 11.338], [41.649, 11.338], [41.601, 11.338], [41.554, 11.338], [41.506, 11.291], [41.458, 11.291], [41.41, 11.291], [41.362, 11.291], [41.315, 11.291], [41.267, 11.291], [41.219, 11.244], [41.171, 11.244], [41.123, 11.244], [41.076, 11.244], [41.028, 11.244], [40.98, 11.244], [40.932, 11.244], [40.884, 11.197], [40.836, 11.197], [40.789, 11.197], [40.741, 11.197], [40.693, 11.197], [40.645, 11.197], [40.597, 11.197], [40.55, 11.197], [40.502, 11.197], [40.454, 11.197], [40.406, 11.15], [40.358, 11.103], [40.311, 11.056], [40.263, 11.009], [40.215, 10.963], [40.167, 10.916], [40.119, 10.916], [40.072, 10.916], [40.024, 10.916], [39.976, 10.916], [39.928, 10.869], [39.88, 10.822], [39.833, 10.822], [39.785, 10.822], [39.737, 10.822], [39.689, 10.775], [39.641, 10.775], [39.594, 10.728], [39.546, 10.681], [39.498, 10.681], [39.45, 10.634], [39.402, 10.634], [39.354, 10.634], [39.307, 10.634], [39.259, 10.634], [39.211, 10.634], [39.163, 10.634], [39.115, 10.634], [39.068, 10.587], [39.02, 10.587], [38.972, 10.54], [38.924, 10.54], [38.876, 10.54], [38.829, 10.54], [38.781, 10.493], [38.733, 10.446], [38.685, 10.399], [38.637, 10.352], [38.59, 10.352], [38.542, 10.352], [38.494, 10.305], [38.446, 10.258], [38.398, 10.211], [38.351, 10.164], [38.303, 10.164], [38.255, 10.164], [38.207, 10.164], [38.159, 10.117], [38.111, 10.069], [38.064, 10.069], [38.016, 10.069], [37.968, 10.069], [37.92, 10.022], [37.872, 9.975], [37.825, 9.975], [37.777, 9.928], [37.729, 9.928], [37.681, 9.928], [37.633, 9.928], [37.586, 9.928], [37.538, 9.928], [37.49, 9.928], [37.442, 9.928], [37.394, 9.928], [37.347, 9.881], [37.299, 9.881], [37.251, 9.881], [37.203, 9.881], [37.155, 9.881], [37.108, 9.881], [37.06, 9.881], [37.012, 9.881], [36.964, 9.834], [36.916, 9.834], [36.868, 9.787], [36.821, 9.74], [36.773, 9.693], [36.725, 9.646], [36.677, 9.646], [36.629, 9.598], [36.582, 9.598], [36.534, 9.598], [36.486, 9.598], [36.438, 9.551], [36.39, 9.551], [36.343, 9.551], [36.295, 9.551], [36.247, 9.504], [36.199, 9.457], [36.151, 9.457], [36.104, 9.457], [36.056, 9.457], [36.008, 9.457], [35.96, 9.41], [35.912, 9.363], [35.865, 9.363], [35.817, 9.363], [35.769, 9.363], [35.721, 9.315], [35.673, 9.268], [35.626, 9.221], [35.578, 9.174], [35.53, 9.127], [35.482, 9.08], [35.434, 9.08], [35.386, 9.08], [35.339, 9.08], [35.291, 9.08], [35.243, 9.08], [35.195, 9.08], [35.147, 9.08], [35.1, 9.032], [35.052, 8.985], [35.052, 8.985]]}, "properties": {"route_id": "RT_052", "nom": "T'naya-Ḥaem ↔ Q'irel-Ts'idar", "origine": "LUR_TNAYA-HAEM_SE", "destination": "LUR_QIREL-TSIDAR_SE", "modes_declares": "[\"terrestre_caravane\", \"terrestre_portage\"]", "longueur_km": 985, "km_par_milieu": "{\"terre\": 985}", "km_hors_modes_declares": "{}", "ruptures_de_charge": 0, "duree_jours": 38.0, "altitude_max_m": 2514, "denivele_positif_m": 7699, "cols_franchis": "[]", "mois_ouverts": null, "milieux_km": "{\"steppe_piemont\": 491, \"herbage_arbore\": 300, \"foret_montagne\": 161}", "facies_km": "{\"hors |'Arin\": 806, \"Hiver Gris\": 179}", "trouees": "[]", "via": "[]", "vol_oiseau_km": 911, "statut": "tracé"}}, {"type": "Feature", "geometry": {"type": "LineString", "coordinates": [[29.411, 29.268], [29.458, 29.227], [29.506, 29.185], [29.554, 29.143], [29.602, 29.101], [29.65, 29.059], [29.697, 29.018], [29.745, 28.976], [29.793, 28.934], [29.841, 28.892], [29.841, 28.85], [29.841, 28.808], [29.889, 28.767], [29.936, 28.725], [29.984, 28.683], [30.032, 28.641], [30.08, 28.599], [30.128, 28.557], [30.175, 28.515], [30.223, 28.473], [30.271, 28.431], [30.271, 28.389], [30.319, 28.347], [30.367, 28.305], [30.415, 28.262], [30.462, 28.22], [30.51, 28.178], [30.558, 28.136], [30.606, 28.094], [30.654, 28.052], [30.701, 28.01], [30.749, 27.967], [30.797, 27.925], [30.845, 27.883], [30.845, 27.841], [30.893, 27.798], [30.893, 27.756], [30.893, 27.714], [30.94, 27.671], [30.94, 27.629], [30.94, 27.587], [30.94, 27.544], [30.94, 27.502], [30.94, 27.459], [30.988, 27.417], [31.036, 27.375], [31.084, 27.332], [31.132, 27.29], [31.179, 27.247], [31.179, 27.205], [31.227, 27.162], [31.275, 27.12], [31.323, 27.077], [31.371, 27.034], [31.418, 26.992], [31.466, 26.949], [31.514, 26.907], [31.514, 26.864], [31.514, 26.821], [31.562, 26.779], [31.61, 26.736], [31.61, 26.693], [31.658, 26.65], [31.705, 26.608], [31.753, 26.565], [31.801, 26.522], [31.801, 26.479], [31.801, 26.437], [31.849, 26.394], [31.897, 26.351], [31.944, 26.308], [31.992, 26.265], [32.04, 26.222], [32.088, 26.18], [32.136, 26.137], [32.136, 26.094], [32.136, 26.051], [32.183, 26.008], [32.231, 25.965], [32.279, 25.922], [32.279, 25.879], [32.327, 25.836], [32.327, 25.793], [32.375, 25.75], [32.375, 25.707], [32.375, 25.664], [32.375, 25.62], [32.375, 25.577], [32.375, 25.534], [32.375, 25.491], [32.422, 25.448], [32.422, 25.405], [32.47, 25.362], [32.47, 25.318], [32.47, 25.275], [32.47, 25.232], [32.518, 25.189], [32.566, 25.145], [32.566, 25.102], [32.566, 25.059], [32.566, 25.015], [32.566, 24.972], [32.566, 24.929], [32.566, 24.885], [32.566, 24.842], [32.566, 24.799], [32.566, 24.755], [32.566, 24.712], [32.566, 24.668], [32.566, 24.625], [32.566, 24.581], [32.566, 24.538], [32.614, 24.494], [32.614, 24.451], [32.614, 24.407], [32.614, 24.364], [32.614, 24.32], [32.614, 24.277], [32.614, 24.233], [32.661, 24.19], [32.661, 24.146], [32.661, 24.102], [32.661, 24.059], [32.661, 24.015], [32.661, 23.971], [32.661, 23.928], [32.661, 23.884], [32.661, 23.84], [32.661, 23.796], [32.661, 23.753], [32.661, 23.709], [32.661, 23.665], [32.661, 23.621], [32.661, 23.578], [32.661, 23.534], [32.709, 23.49], [32.757, 23.446], [32.805, 23.402], [32.853, 23.358], [32.853, 23.314], [32.853, 23.271], [32.9, 23.227], [32.948, 23.183], [32.948, 23.139], [32.948, 23.095], [32.948, 23.051], [32.948, 23.007], [32.996, 22.963], [33.044, 22.919], [33.092, 22.875], [33.14, 22.831], [33.187, 22.787], [33.235, 22.742], [33.235, 22.698], [33.235, 22.654], [33.235, 22.61], [33.235, 22.566], [33.235, 22.522], [33.235, 22.478], [33.235, 22.433], [33.235, 22.389], [33.235, 22.345], [33.235, 22.301], [33.235, 22.257], [33.235, 22.212], [33.235, 22.168], [33.235, 22.124], [33.235, 22.08], [33.235, 22.035], [33.283, 21.991], [33.283, 21.947], [33.283, 21.902], [33.283, 21.858], [33.283, 21.813], [33.283, 21.769], [33.283, 21.725], [33.283, 21.68], [33.283, 21.636], [33.283, 21.591], [33.283, 21.547], [33.283, 21.502], [33.283, 21.458], [33.283, 21.413], [33.283, 21.369], [33.283, 21.324], [33.283, 21.28], [33.283, 21.235], [33.283, 21.191], [33.283, 21.146], [33.283, 21.102], [33.283, 21.057], [33.283, 21.012], [33.283, 20.968], [33.283, 20.923], [33.283, 20.878], [33.283, 20.834], [33.283, 20.789], [33.283, 20.744], [33.283, 20.7], [33.331, 20.655], [33.331, 20.61], [33.331, 20.565], [33.331, 20.521], [33.331, 20.476], [33.331, 20.431], [33.379, 20.386], [33.379, 20.341], [33.379, 20.297], [33.379, 20.252], [33.379, 20.207], [33.379, 20.162], [33.379, 20.117], [33.379, 20.072], [33.379, 20.027], [33.379, 19.982], [33.379, 19.937], [33.379, 19.893], [33.379, 19.848], [33.379, 19.803], [33.379, 19.758], [33.379, 19.713], [33.426, 19.668], [33.474, 19.623], [33.522, 19.578], [33.522, 19.532], [33.522, 19.487], [33.522, 19.442], [33.522, 19.397], [33.522, 19.352], [33.522, 19.307], [33.522, 19.262], [33.57, 19.217], [33.57, 19.172], [33.57, 19.126], [33.57, 19.081], [33.57, 19.036], [33.57, 18.991], [33.57, 18.946], [33.57, 18.9], [33.57, 18.855], [33.57, 18.81], [33.57, 18.765], [33.618, 18.719], [33.665, 18.674], [33.713, 18.629], [33.761, 18.584], [33.761, 18.538], [33.761, 18.493], [33.761, 18.448], [33.809, 18.402], [33.857, 18.357], [33.904, 18.311], [33.904, 18.266], [33.952, 18.221], [33.952, 18.175], [33.952, 18.13], [33.952, 18.084], [33.952, 18.039], [33.952, 17.993], [33.952, 17.948], [33.952, 17.903], [34.0, 17.857], [34.0, 17.812], [34.0, 17.766], [34.0, 17.72], [34.048, 17.675], [34.096, 17.629], [34.143, 17.584], [34.191, 17.538], [34.191, 17.493], [34.239, 17.447], [34.239, 17.401], [34.239, 17.356], [34.239, 17.31], [34.239, 17.264], [34.239, 17.219], [34.239, 17.173], [34.287, 17.127], [34.335, 17.082], [34.383, 17.036], [34.383, 16.99], [34.383, 16.945], [34.43, 16.899], [34.478, 16.853], [34.478, 16.807], [34.478, 16.762], [34.478, 16.716], [34.478, 16.67], [34.478, 16.624], [34.478, 16.578], [34.478, 16.533], [34.478, 16.487], [34.478, 16.441], [34.478, 16.395], [34.478, 16.349], [34.478, 16.303], [34.478, 16.257], [34.478, 16.212], [34.478, 16.166], [34.478, 16.12], [34.478, 16.074], [34.478, 16.028], [34.478, 15.982], [34.478, 15.936], [34.478, 15.89], [34.478, 15.844], [34.478, 15.798], [34.478, 15.752], [34.478, 15.706], [34.478, 15.66], [34.478, 15.614], [34.478, 15.568], [34.478, 15.522], [34.478, 15.476], [34.478, 15.43], [34.478, 15.384], [34.478, 15.337], [34.478, 15.291], [34.478, 15.245], [34.478, 15.199], [34.478, 15.153], [34.478, 15.107], [34.478, 15.061], [34.478, 15.014], [34.478, 14.968], [34.478, 14.922], [34.478, 14.876], [34.478, 14.83], [34.478, 14.783], [34.478, 14.737], [34.478, 14.691], [34.478, 14.645], [34.478, 14.598], [34.478, 14.552], [34.478, 14.506], [34.478, 14.46], [34.478, 14.413], [34.478, 14.367], [34.478, 14.321], [34.478, 14.274], [34.478, 14.228], [34.478, 14.182], [34.478, 14.135], [34.478, 14.089], [34.478, 14.043], [34.478, 13.996], [34.478, 13.95], [34.478, 13.903], [34.478, 13.857], [34.478, 13.811], [34.478, 13.764], [34.478, 13.718], [34.478, 13.671], [34.478, 13.625], [34.478, 13.578], [34.478, 13.532], [34.478, 13.485], [34.478, 13.439], [34.478, 13.392], [34.478, 13.346], [34.478, 13.299], [34.478, 13.253], [34.478, 13.206], [34.478, 13.16], [34.478, 13.113], [34.478, 13.067], [34.478, 13.02], [34.478, 12.973], [34.478, 12.927], [34.478, 12.88], [34.478, 12.834], [34.478, 12.787], [34.478, 12.74], [34.478, 12.694], [34.478, 12.647], [34.478, 12.6], [34.478, 12.554], [34.478, 12.507], [34.478, 12.46], [34.478, 12.414], [34.478, 12.367], [34.478, 12.32], [34.478, 12.274], [34.478, 12.227], [34.478, 12.18], [34.478, 12.134], [34.478, 12.087], [34.478, 12.04], [34.478, 11.993], [34.478, 11.946], [34.478, 11.9], [34.478, 11.853], [34.478, 11.806], [34.478, 11.759], [34.478, 11.713], [34.526, 11.666], [34.526, 11.619], [34.526, 11.572], [34.574, 11.525], [34.622, 11.478], [34.669, 11.432], [34.669, 11.385], [34.669, 11.338], [34.669, 11.291], [34.669, 11.244], [34.669, 11.197], [34.669, 11.15], [34.669, 11.103], [34.669, 11.056], [34.717, 11.009], [34.765, 10.963], [34.765, 10.916], [34.765, 10.869], [34.765, 10.822], [34.765, 10.775], [34.765, 10.728], [34.765, 10.681], [34.765, 10.634], [34.765, 10.587], [34.765, 10.54], [34.765, 10.493], [34.765, 10.446], [34.765, 10.399], [34.765, 10.352], [34.765, 10.305], [34.765, 10.258], [34.765, 10.211], [34.765, 10.164], [34.765, 10.117], [34.765, 10.069], [34.765, 10.022], [34.765, 9.975], [34.765, 9.928], [34.765, 9.881], [34.765, 9.834], [34.765, 9.787], [34.765, 9.74], [34.765, 9.693], [34.765, 9.646], [34.765, 9.598], [34.765, 9.551], [34.765, 9.504], [34.765, 9.457], [34.765, 9.41], [34.765, 9.363], [34.765, 9.315], [34.765, 9.268], [34.765, 9.221], [34.765, 9.174], [34.765, 9.127], [34.765, 9.08], [34.765, 9.032], [34.765, 8.985], [34.765, 8.938], [34.765, 8.891], [34.813, 8.891], [34.861, 8.891], [34.861, 8.891]]}, "properties": {"route_id": "RT_053", "nom": "Ṣarīq ↔ ||Ethak-Kél-Ts'idar", "origine": "LUR_SARIQ_NE", "destination": "LUR_ETHAK-KEL_CENTRE", "modes_declares": "[\"terrestre_caravane\"]", "longueur_km": 2492, "km_par_milieu": "{\"terre\": 2492}", "km_hors_modes_declares": "{}", "ruptures_de_charge": 0, "duree_jours": 87.0, "altitude_max_m": 2386, "denivele_positif_m": 4252, "cols_franchis": "[\"T'araq-ɨnkh (010, 2400 m)\"]", "mois_ouverts": "mai → oct", "milieux_km": "{\"desert_pierreux\": 1202, \"plaine_alluviale\": 589, \"steppe_piemont\": 337, \"foret_montagne\": 151, \"herbage_arbore\": 124, \"depression_saline\": 55}", "facies_km": "{\"hors |'Arin\": 1891, \"Hiver Jaune\": 564, \"Hiver Gris\": 37}", "trouees": "[]", "via": "[\"GEO_COL_010\"]", "vol_oiseau_km": 2325, "statut": "tracé"}}, {"type": "Feature", "geometry": {"type": "LineString", "coordinates": [[-4.963, 5.19], [-4.915, 5.143], [-4.867, 5.095], [-4.819, 5.095], [-4.772, 5.095], [-4.724, 5.143], [-4.676, 5.143], [-4.628, 5.143], [-4.58, 5.143], [-4.533, 5.143], [-4.485, 5.143], [-4.437, 5.143], [-4.389, 5.143], [-4.341, 5.143], [-4.294, 5.19], [-4.246, 5.19], [-4.198, 5.19], [-4.15, 5.19], [-4.102, 5.19], [-4.055, 5.19], [-4.007, 5.19], [-3.959, 5.19], [-3.911, 5.19], [-3.863, 5.19], [-3.815, 5.19], [-3.768, 5.19], [-3.72, 5.238], [-3.72, 5.238]]}, "properties": {"route_id": "RT_054", "nom": "Ku-jálima-rir ↔ Jáli-Fè", "origine": "LUR_KU-JALIMA-RIR_SO", "destination": "LUR_JALI-FE_SO", "modes_declares": "[\"maritime_cabotage\"]", "longueur_km": 149, "km_par_milieu": "{\"océan\": 141, \"terre\": 4}", "km_hors_modes_declares": "{}", "ruptures_de_charge": 1, "duree_jours": 2.4, "altitude_max_m": -8, "denivele_positif_m": 0, "cols_franchis": "[]", "mois_ouverts": null, "milieux_km": "{}", "facies_km": "{}", "trouees": "[]", "via": "[]", "vol_oiseau_km": 138, "statut": "tracé"}}, {"type": "Feature", "geometry": {"type": "LineString", "coordinates": [[-3.72, 5.238], [-3.672, 5.19], [-3.624, 5.143], [-3.576, 5.143], [-3.529, 5.143], [-3.481, 5.143], [-3.433, 5.143], [-3.385, 5.143], [-3.337, 5.095], [-3.29, 5.095], [-3.242, 5.095], [-3.194, 5.095], [-3.146, 5.048], [-3.098, 5.0], [-3.051, 5.0], [-3.003, 5.0], [-2.955, 4.952], [-2.907, 4.952], [-2.859, 4.952], [-2.812, 4.952], [-2.764, 4.952], [-2.716, 4.952], [-2.668, 4.905], [-2.62, 4.905], [-2.572, 4.905], [-2.525, 4.905], [-2.477, 4.857], [-2.429, 4.857], [-2.381, 4.857], [-2.333, 4.809], [-2.286, 4.809], [-2.238, 4.762], [-2.19, 4.762], [-2.142, 4.714], [-2.094, 4.667], [-2.047, 4.667], [-1.999, 4.667], [-1.951, 4.714], [-1.903, 4.714], [-1.855, 4.762], [-1.808, 4.762], [-1.76, 4.809], [-1.712, 4.857], [-1.664, 4.857], [-1.616, 4.905], [-1.569, 4.952], [-1.521, 4.952], [-1.473, 4.952], [-1.425, 5.0], [-1.377, 5.0], [-1.329, 5.0], [-1.282, 5.048], [-1.282, 5.095], [-1.282, 5.095]]}, "properties": {"route_id": "RT_055", "nom": "Jáli-Fè ↔ Anses-Jálondù", "origine": "LUR_JALI-FE_SO", "destination": "LUR_ANSES-JALONDU_SO", "modes_declares": "[\"maritime_cabotage\"]", "longueur_km": 319, "km_par_milieu": "{\"océan\": 306, \"terre\": 6}", "km_hors_modes_declares": "{}", "ruptures_de_charge": 2, "duree_jours": 5.1, "altitude_max_m": -3, "denivele_positif_m": 0, "cols_franchis": "[]", "mois_ouverts": null, "milieux_km": "{}", "facies_km": "{}", "trouees": "[]", "via": "[]", "vol_oiseau_km": 269, "statut": "tracé"}}, {"type": "Feature", "geometry": {"type": "LineString", "coordinates": [[-10.03, 29.31], [-10.078, 29.268], [-10.126, 29.227], [-10.126, 29.185], [-10.078, 29.143], [-10.03, 29.101], [-9.983, 29.101], [-9.935, 29.059], [-9.887, 29.018], [-9.839, 29.018], [-9.791, 29.018], [-9.744, 29.018], [-9.696, 28.976], [-9.648, 28.934], [-9.6, 28.892], [-9.552, 28.85], [-9.505, 28.808], [-9.457, 28.767], [-9.409, 28.767], [-9.361, 28.725], [-9.313, 28.725], [-9.265, 28.725], [-9.218, 28.725], [-9.17, 28.725], [-9.122, 28.725], [-9.074, 28.683], [-9.026, 28.641], [-8.979, 28.641], [-8.931, 28.641], [-8.883, 28.599], [-8.835, 28.557], [-8.787, 28.557], [-8.74, 28.557], [-8.692, 28.557], [-8.644, 28.557], [-8.596, 28.557], [-8.548, 28.557], [-8.501, 28.557], [-8.453, 28.557], [-8.405, 28.557], [-8.357, 28.515], [-8.309, 28.515], [-8.262, 28.473], [-8.214, 28.431], [-8.166, 28.431], [-8.118, 28.431], [-8.07, 28.431], [-8.023, 28.431], [-7.975, 28.389], [-7.927, 28.347], [-7.879, 28.305], [-7.831, 28.262], [-7.783, 28.22], [-7.736, 28.178], [-7.688, 28.136], [-7.64, 28.094], [-7.592, 28.094], [-7.544, 28.136], [-7.497, 28.178], [-7.497, 28.22], [-7.497, 28.22]]}, "properties": {"route_id": "RT_056", "nom": "Talom-ak ↔ Kisralom", "origine": "LUR_STALOMAR-KOT_NO", "destination": "AUX_KISRALOM", "modes_declares": "[\"maritime_cabotage\"]", "longueur_km": 333, "km_par_milieu": "{\"mer Halakhel\": 18, \"océan\": 11, \"terre\": 292}", "km_hors_modes_declares": "{\"terre\": 280}", "ruptures_de_charge": 4, "duree_jours": 12.0, "altitude_max_m": 646, "denivele_positif_m": 532, "cols_franchis": "[]", "mois_ouverts": null, "milieux_km": "{\"steppe_piemont\": 134, \"herbage_arbore\": 126, \"desert_pierreux\": 31}", "facies_km": "{\"Hiver Gris\": 161, \"hiver pluvieux tempéré\": 69, \"Hiver Jaune\": 36, \"Hiver de Vapeur\": 25}", "trouees": "[]", "via": "[]", "vol_oiseau_km": 275, "statut": "tracé"}}, {"type": "Feature", "geometry": {"type": "LineString", "coordinates": [[-10.03, 29.31], [-10.078, 29.31], [-10.126, 29.31], [-10.174, 29.31], [-10.222, 29.31], [-10.269, 29.31], [-10.317, 29.31], [-10.365, 29.31], [-10.413, 29.31], [-10.461, 29.31], [-10.508, 29.31], [-10.556, 29.31], [-10.604, 29.31], [-10.652, 29.31], [-10.7, 29.31], [-10.748, 29.31], [-10.795, 29.31], [-10.843, 29.31], [-10.891, 29.31], [-10.939, 29.31], [-10.987, 29.31], [-11.034, 29.31], [-11.082, 29.31], [-11.13, 29.31], [-11.178, 29.31], [-11.226, 29.31], [-11.273, 29.31], [-11.321, 29.31], [-11.369, 29.31], [-11.417, 29.31], [-11.465, 29.31], [-11.512, 29.31], [-11.56, 29.31], [-11.608, 29.31], [-11.656, 29.31], [-11.704, 29.31], [-11.751, 29.31], [-11.799, 29.31], [-11.847, 29.31], [-11.895, 29.268], [-11.943, 29.227], [-11.991, 29.185], [-12.038, 29.143], [-12.086, 29.101], [-12.134, 29.059], [-12.182, 29.018], [-12.23, 28.976], [-12.277, 28.934], [-12.325, 28.892], [-12.373, 28.85], [-12.421, 28.808], [-12.469, 28.767], [-12.516, 28.725], [-12.564, 28.683], [-12.612, 28.641], [-12.66, 28.599], [-12.708, 28.557], [-12.755, 28.515], [-12.803, 28.473], [-12.851, 28.431], [-12.899, 28.389], [-12.947, 28.347], [-12.994, 28.305], [-13.042, 28.262], [-13.09, 28.22], [-13.138, 28.178], [-13.186, 28.136], [-13.233, 28.094], [-13.281, 28.052], [-13.329, 28.01], [-13.377, 27.967], [-13.425, 27.925], [-13.473, 27.883], [-13.52, 27.841], [-13.568, 27.798], [-13.616, 27.756], [-13.664, 27.714], [-13.712, 27.671], [-13.759, 27.629], [-13.807, 27.587], [-13.855, 27.544], [-13.903, 27.502], [-13.951, 27.459], [-13.998, 27.417], [-14.046, 27.375], [-14.094, 27.332], [-14.142, 27.29], [-14.19, 27.247], [-14.237, 27.205], [-14.285, 27.162], [-14.333, 27.12], [-14.381, 27.077], [-14.429, 27.034], [-14.476, 26.992], [-14.524, 26.949], [-14.572, 26.907], [-14.62, 26.864], [-14.668, 26.821], [-14.716, 26.779], [-14.763, 26.736], [-14.811, 26.693], [-14.859, 26.65], [-14.907, 26.608], [-14.955, 26.565], [-15.002, 26.522], [-15.05, 26.479], [-15.098, 26.437], [-15.146, 26.394], [-15.194, 26.351], [-15.241, 26.308], [-15.289, 26.265], [-15.337, 26.222], [-15.385, 26.18], [-15.433, 26.137], [-15.48, 26.094], [-15.528, 26.051], [-15.576, 26.008], [-15.624, 25.965], [-15.672, 25.922], [-15.719, 25.879], [-15.767, 25.836], [-15.815, 25.793], [-15.863, 25.75], [-15.911, 25.707], [-15.959, 25.664], [-16.006, 25.62], [-16.054, 25.577], [-16.102, 25.534], [-16.15, 25.491], [-16.198, 25.448], [-16.245, 25.405], [-16.293, 25.362], [-16.341, 25.318], [-16.389, 25.275], [-16.437, 25.232], [-16.484, 25.189], [-16.532, 25.145], [-16.58, 25.102], [-16.628, 25.059], [-16.676, 25.015], [-16.723, 24.972], [-16.771, 24.929], [-16.819, 24.885], [-16.867, 24.842], [-16.915, 24.799], [-16.962, 24.755], [-17.01, 24.712], [-17.058, 24.668], [-17.106, 24.625], [-17.154, 24.581], [-17.201, 24.538], [-17.249, 24.494], [-17.297, 24.451], [-17.345, 24.407], [-17.393, 24.364], [-17.441, 24.32], [-17.488, 24.277], [-17.536, 24.233], [-17.584, 24.19], [-17.632, 24.146], [-17.68, 24.102], [-17.727, 24.059], [-17.775, 24.015], [-17.823, 23.971], [-17.871, 23.928], [-17.919, 23.884], [-17.919, 23.84], [-17.919, 23.796], [-17.919, 23.753], [-17.919, 23.709], [-17.919, 23.665], [-17.919, 23.621], [-17.919, 23.578], [-17.919, 23.534], [-17.919, 23.49], [-17.919, 23.446], [-17.919, 23.402], [-17.919, 23.358], [-17.919, 23.314], [-17.919, 23.271], [-17.919, 23.227], [-17.919, 23.183], [-17.919, 23.139], [-17.919, 23.095], [-17.919, 23.051], [-17.919, 23.007], [-17.919, 22.963], [-17.919, 22.919], [-17.919, 22.875], [-17.919, 22.831], [-17.919, 22.787], [-17.919, 22.742], [-17.919, 22.698], [-17.919, 22.654], [-17.919, 22.61], [-17.919, 22.566], [-17.919, 22.522], [-17.919, 22.478], [-17.919, 22.433], [-17.919, 22.389], [-17.919, 22.345], [-17.919, 22.301], [-17.919, 22.257], [-17.919, 22.212], [-17.919, 22.168], [-17.919, 22.124], [-17.919, 22.08], [-17.919, 22.035], [-17.919, 21.991], [-17.919, 21.947], [-17.919, 21.902], [-17.919, 21.858], [-17.919, 21.813], [-17.919, 21.769], [-17.919, 21.725], [-17.919, 21.68], [-17.919, 21.636], [-17.919, 21.591], [-17.919, 21.547], [-17.919, 21.502], [-17.919, 21.458], [-17.919, 21.413], [-17.919, 21.369], [-17.919, 21.324], [-17.919, 21.28], [-17.919, 21.235], [-17.919, 21.191], [-17.919, 21.146], [-17.919, 21.102], [-17.919, 21.057], [-17.919, 21.012], [-17.919, 20.968], [-17.919, 20.923], [-17.919, 20.878], [-17.919, 20.834], [-17.919, 20.789], [-17.919, 20.744], [-17.919, 20.7], [-17.919, 20.655], [-17.919, 20.61], [-17.919, 20.565], [-17.919, 20.521], [-17.919, 20.476], [-17.919, 20.431], [-17.919, 20.386], [-17.919, 20.341], [-17.919, 20.297], [-17.919, 20.252], [-17.919, 20.207], [-17.919, 20.162], [-17.919, 20.117], [-17.919, 20.072], [-17.919, 20.027], [-17.919, 19.982], [-17.919, 19.937], [-17.919, 19.893], [-17.919, 19.848], [-17.919, 19.803], [-17.919, 19.758], [-17.919, 19.713], [-17.919, 19.668], [-17.919, 19.623], [-17.919, 19.578], [-17.919, 19.532], [-17.919, 19.487], [-17.919, 19.442], [-17.919, 19.397], [-17.919, 19.352], [-17.919, 19.307], [-17.919, 19.262], [-17.919, 19.217], [-17.919, 19.172], [-17.919, 19.126], [-17.919, 19.081], [-17.919, 19.036], [-17.919, 18.991], [-17.919, 18.946], [-17.919, 18.9], [-17.919, 18.855], [-17.919, 18.81], [-17.919, 18.765], [-17.919, 18.719], [-17.919, 18.674], [-17.919, 18.629], [-17.919, 18.584], [-17.919, 18.538], [-17.919, 18.493], [-17.919, 18.448], [-17.919, 18.402], [-17.919, 18.357], [-17.919, 18.311], [-17.919, 18.266], [-17.919, 18.221], [-17.919, 18.175], [-17.919, 18.13], [-17.919, 18.084], [-17.919, 18.039], [-17.919, 17.993], [-17.919, 17.948], [-17.919, 17.903], [-17.919, 17.857], [-17.919, 17.812], [-17.919, 17.766], [-17.919, 17.72], [-17.919, 17.675], [-17.919, 17.629], [-17.919, 17.584], [-17.919, 17.538], [-17.919, 17.493], [-17.919, 17.447], [-17.919, 17.401], [-17.919, 17.356], [-17.919, 17.31], [-17.919, 17.264], [-17.919, 17.219], [-17.919, 17.173], [-17.919, 17.127], [-17.919, 17.082], [-17.919, 17.036], [-17.919, 16.99], [-17.919, 16.945], [-17.919, 16.899], [-17.919, 16.853], [-17.919, 16.807], [-17.919, 16.762], [-17.919, 16.716], [-17.919, 16.67], [-17.919, 16.624], [-17.919, 16.578], [-17.919, 16.533], [-17.919, 16.487], [-17.919, 16.441], [-17.919, 16.395], [-17.919, 16.349], [-17.919, 16.303], [-17.919, 16.257], [-17.919, 16.212], [-17.919, 16.166], [-17.919, 16.12], [-17.919, 16.074], [-17.919, 16.028], [-17.919, 15.982], [-17.919, 15.936], [-17.919, 15.89], [-17.919, 15.844], [-17.919, 15.798], [-17.919, 15.752], [-17.919, 15.706], [-17.919, 15.66], [-17.919, 15.614], [-17.919, 15.568], [-17.919, 15.522], [-17.919, 15.476], [-17.919, 15.43], [-17.919, 15.384], [-17.919, 15.337], [-17.919, 15.291], [-17.919, 15.245], [-17.919, 15.199], [-17.919, 15.153], [-17.919, 15.107], [-17.919, 15.061], [-17.919, 15.014], [-17.919, 14.968], [-17.919, 14.922], [-17.919, 14.876], [-17.919, 14.83], [-17.919, 14.783], [-17.919, 14.737], [-17.919, 14.691], [-17.919, 14.645], [-17.919, 14.598], [-17.919, 14.552], [-17.919, 14.506], [-17.871, 14.46], [-17.823, 14.413], [-17.775, 14.367], [-17.727, 14.321], [-17.68, 14.274], [-17.632, 14.228], [-17.584, 14.182], [-17.536, 14.135], [-17.488, 14.089], [-17.441, 14.043], [-17.393, 13.996], [-17.345, 13.95], [-17.297, 13.903], [-17.249, 13.857], [-17.201, 13.811], [-17.201, 13.764], [-17.201, 13.718], [-17.201, 13.671], [-17.201, 13.625], [-17.201, 13.578], [-17.201, 13.532], [-17.201, 13.485], [-17.201, 13.439], [-17.201, 13.392], [-17.201, 13.346], [-17.201, 13.299], [-17.201, 13.253], [-17.201, 13.206], [-17.201, 13.16], [-17.201, 13.113], [-17.201, 13.067], [-17.201, 13.02], [-17.201, 12.973], [-17.201, 12.927], [-17.201, 12.88], [-17.201, 12.834], [-17.201, 12.787], [-17.201, 12.74], [-17.201, 12.694], [-17.201, 12.647], [-17.201, 12.6], [-17.201, 12.554], [-17.201, 12.507], [-17.201, 12.46], [-17.201, 12.414], [-17.201, 12.367], [-17.154, 12.32], [-17.154, 12.274], [-17.154, 12.227], [-17.106, 12.18], [-17.106, 12.134], [-17.058, 12.087], [-17.01, 12.04], [-16.962, 11.993], [-16.915, 11.946], [-16.867, 11.9], [-16.819, 11.853], [-16.771, 11.806], [-16.723, 11.759], [-16.676, 11.713], [-16.628, 11.666], [-16.58, 11.619], [-16.532, 11.572], [-16.484, 11.525], [-16.437, 11.478], [-16.389, 11.432], [-16.341, 11.385], [-16.293, 11.338], [-16.245, 11.291], [-16.198, 11.244], [-16.15, 11.197], [-16.102, 11.15], [-16.054, 11.103], [-16.006, 11.056], [-15.959, 11.009], [-15.911, 10.963], [-15.863, 10.916], [-15.815, 10.869], [-15.767, 10.822], [-15.719, 10.775], [-15.672, 10.728], [-15.624, 10.681], [-15.576, 10.634], [-15.528, 10.587], [-15.48, 10.54], [-15.433, 10.493], [-15.385, 10.446], [-15.337, 10.399], [-15.289, 10.352], [-15.241, 10.305], [-15.194, 10.258], [-15.146, 10.211], [-15.098, 10.164], [-15.05, 10.117], [-15.002, 10.069], [-14.955, 10.022], [-14.907, 9.975], [-14.859, 9.928], [-14.811, 9.881], [-14.763, 9.834], [-14.716, 9.787], [-14.668, 9.74], [-14.62, 9.693], [-14.572, 9.646], [-14.524, 9.598], [-14.476, 9.551], [-14.429, 9.504], [-14.381, 9.457], [-14.333, 9.41], [-14.285, 9.363], [-14.237, 9.315], [-14.19, 9.268], [-14.142, 9.221], [-14.094, 9.174], [-14.046, 9.127], [-13.998, 9.08], [-13.951, 9.032], [-13.903, 8.985], [-13.855, 8.938], [-13.807, 8.891], [-13.759, 8.843], [-13.712, 8.796], [-13.664, 8.749], [-13.616, 8.702], [-13.616, 8.654], [-13.616, 8.607], [-13.616, 8.56], [-13.616, 8.513], [-13.616, 8.465], [-13.616, 8.418], [-13.616, 8.371], [-13.616, 8.323], [-13.616, 8.276], [-13.568, 8.229], [-13.568, 8.181], [-13.52, 8.134], [-13.52, 8.087], [-13.473, 8.039], [-13.473, 7.992], [-13.425, 7.945], [-13.377, 7.897], [-13.329, 7.85], [-13.281, 7.803], [-13.233, 7.755], [-13.233, 7.708], [-13.186, 7.661], [-13.186, 7.613], [-13.138, 7.566], [-13.09, 7.518], [-13.042, 7.471], [-12.994, 7.424], [-12.947, 7.376], [-12.899, 7.329], [-12.851, 7.281], [-12.851, 7.234], [-12.803, 7.187], [-12.755, 7.139], [-12.755, 7.092], [-12.708, 7.044], [-12.66, 7.044], [-12.612, 6.997], [-12.564, 6.997], [-12.516, 6.949], [-12.469, 6.949], [-12.421, 6.949], [-12.373, 6.949], [-12.325, 6.902], [-12.277, 6.902], [-12.23, 6.902], [-12.182, 6.854], [-12.134, 6.854], [-12.086, 6.807], [-12.038, 6.807], [-11.991, 6.759], [-11.943, 6.759], [-11.895, 6.712], [-11.847, 6.665], [-11.799, 6.617], [-11.751, 6.57], [-11.704, 6.522], [-11.656, 6.475], [-11.608, 6.427], [-11.56, 6.427], [-11.512, 6.38], [-11.465, 6.332], [-11.417, 6.332], [-11.369, 6.284], [-11.321, 6.284], [-11.273, 6.237], [-11.226, 6.237], [-11.178, 6.189], [-11.13, 6.142], [-11.082, 6.094], [-11.034, 6.047], [-10.987, 5.999], [-10.939, 5.952], [-10.891, 5.904], [-10.843, 5.904], [-10.795, 5.857], [-10.748, 5.857], [-10.7, 5.857], [-10.652, 5.809], [-10.604, 5.809], [-10.556, 5.809], [-10.508, 5.762], [-10.461, 5.714], [-10.413, 5.714], [-10.365, 5.666], [-10.317, 5.619], [-10.269, 5.571], [-10.222, 5.524], [-10.174, 5.476], [-10.126, 5.428], [-10.078, 5.381], [-10.03, 5.333], [-9.983, 5.286], [-9.935, 5.238], [-9.887, 5.19], [-9.839, 5.143], [-9.791, 5.095], [-9.744, 5.048], [-9.696, 5.0], [-9.648, 4.952], [-9.6, 4.905], [-9.552, 4.905], [-9.505, 4.857], [-9.457, 4.809], [-9.409, 4.762], [-9.361, 4.762], [-9.313, 4.714], [-9.265, 4.667], [-9.218, 4.667], [-9.17, 4.619], [-9.122, 4.571], [-9.074, 4.571], [-9.026, 4.524], [-8.979, 4.524], [-8.931, 4.476], [-8.883, 4.476], [-8.835, 4.428], [-8.787, 4.428], [-8.74, 4.381], [-8.692, 4.333], [-8.644, 4.333], [-8.596, 4.333], [-8.548, 4.285], [-8.501, 4.285], [-8.453, 4.238], [-8.405, 4.238], [-8.357, 4.19], [-8.309, 4.19], [-8.262, 4.19], [-8.214, 4.142], [-8.166, 4.142], [-8.118, 4.142], [-8.07, 4.095], [-8.023, 4.095], [-7.975, 4.095], [-7.927, 4.047], [-7.879, 4.047], [-7.831, 3.999], [-7.783, 3.999], [-7.736, 3.999], [-7.688, 3.951], [-7.64, 3.951], [-7.592, 3.951], [-7.544, 3.951], [-7.497, 3.951], [-7.449, 3.951], [-7.401, 3.951], [-7.353, 3.951], [-7.305, 3.951], [-7.258, 3.999], [-7.21, 3.999], [-7.162, 4.047], [-7.114, 4.047], [-7.066, 4.095], [-7.019, 4.095], [-6.971, 4.142], [-6.923, 4.142], [-6.875, 4.142], [-6.827, 4.19], [-6.78, 4.238], [-6.732, 4.238], [-6.684, 4.285], [-6.636, 4.285], [-6.588, 4.285], [-6.54, 4.333], [-6.493, 4.333], [-6.445, 4.333], [-6.397, 4.381], [-6.349, 4.381], [-6.301, 4.381], [-6.254, 4.428], [-6.206, 4.428], [-6.158, 4.476], [-6.11, 4.476], [-6.062, 4.476], [-6.015, 4.524], [-5.967, 4.524], [-5.919, 4.571], [-5.871, 4.571], [-5.823, 4.571], [-5.776, 4.619], [-5.728, 4.619], [-5.68, 4.619], [-5.632, 4.619], [-5.584, 4.667], [-5.537, 4.667], [-5.489, 4.667], [-5.441, 4.667], [-5.393, 4.714], [-5.393, 4.762], [-5.345, 4.809], [-5.297, 4.857], [-5.25, 4.905], [-5.202, 4.952], [-5.154, 5.0], [-5.106, 5.048], [-5.058, 5.095], [-5.011, 5.143], [-4.963, 5.19], [-4.963, 5.19]]}, "properties": {"route_id": "RT_057", "nom": "Talom-ak ↔ Ku-jálima-rir", "origine": "LUR_STALOMAR-KOT_NO", "destination": "LUR_KU-JALIMA-RIR_SO", "modes_declares": "[\"maritime_hauturier\"]", "longueur_km": 4189, "km_par_milieu": "{\"océan\": 4184, \"terre\": 2}", "km_hors_modes_declares": "{}", "ruptures_de_charge": 1, "duree_jours": 29.0, "altitude_max_m": 365, "denivele_positif_m": 0, "cols_franchis": "[]", "mois_ouverts": null, "milieux_km": "{}", "facies_km": "{}", "trouees": "[]", "via": "[]", "vol_oiseau_km": 2720, "statut": "tracé"}}, {"type": "Feature", "geometry": {"type": "LineString", "coordinates": [[-7.497, 28.22], [-7.449, 28.22], [-7.401, 28.22], [-7.353, 28.22], [-7.305, 28.22], [-7.258, 28.22], [-7.21, 28.22], [-7.162, 28.22], [-7.114, 28.22], [-7.066, 28.22], [-7.019, 28.178], [-6.971, 28.178], [-6.923, 28.178], [-6.875, 28.178], [-6.827, 28.178], [-6.78, 28.178], [-6.732, 28.178], [-6.684, 28.178], [-6.636, 28.136], [-6.588, 28.136], [-6.54, 28.136], [-6.493, 28.136], [-6.445, 28.136], [-6.397, 28.136], [-6.349, 28.136], [-6.301, 28.094], [-6.254, 28.094], [-6.206, 28.052], [-6.158, 28.052], [-6.11, 28.052], [-6.062, 28.01], [-6.015, 27.967], [-5.967, 27.967], [-5.919, 27.967], [-5.871, 27.967], [-5.823, 28.01], [-5.776, 28.01], [-5.728, 28.052], [-5.68, 28.094], [-5.632, 28.094], [-5.584, 28.094], [-5.537, 28.094], [-5.489, 28.136], [-5.441, 28.136], [-5.393, 28.136], [-5.345, 28.178], [-5.297, 28.22], [-5.25, 28.22], [-5.202, 28.262], [-5.154, 28.262], [-5.106, 28.262], [-5.058, 28.262], [-5.011, 28.305], [-4.963, 28.347], [-4.915, 28.347], [-4.867, 28.347], [-4.819, 28.347], [-4.772, 28.347], [-4.724, 28.347], [-4.676, 28.389], [-4.628, 28.389], [-4.58, 28.389], [-4.533, 28.389], [-4.485, 28.389], [-4.437, 28.389], [-4.389, 28.389], [-4.341, 28.389], [-4.294, 28.389], [-4.246, 28.431], [-4.198, 28.431], [-4.15, 28.473], [-4.102, 28.473], [-4.055, 28.473], [-4.007, 28.473], [-3.959, 28.515], [-3.911, 28.557], [-3.863, 28.599], [-3.815, 28.599], [-3.768, 28.599], [-3.72, 28.599], [-3.672, 28.599], [-3.624, 28.599], [-3.576, 28.599], [-3.529, 28.599], [-3.481, 28.641], [-3.433, 28.683], [-3.385, 28.725], [-3.337, 28.767], [-3.29, 28.808], [-3.242, 28.85], [-3.194, 28.892], [-3.146, 28.892], [-3.098, 28.934], [-3.051, 28.976], [-3.003, 29.018], [-2.955, 29.059], [-2.907, 29.101], [-2.859, 29.143], [-2.812, 29.185], [-2.764, 29.227], [-2.716, 29.268], [-2.668, 29.31], [-2.62, 29.352], [-2.572, 29.393], [-2.525, 29.435], [-2.477, 29.477], [-2.429, 29.518], [-2.381, 29.56], [-2.333, 29.601], [-2.286, 29.643], [-2.238, 29.643], [-2.19, 29.643], [-2.142, 29.643], [-2.094, 29.643], [-2.047, 29.643], [-1.999, 29.643], [-1.951, 29.684], [-1.951, 29.726], [-1.903, 29.767], [-1.855, 29.809], [-1.855, 29.85], [-1.808, 29.892], [-1.808, 29.933], [-1.808, 29.975], [-1.808, 30.016], [-1.808, 30.058], [-1.808, 30.099], [-1.808, 30.14], [-1.808, 30.182], [-1.808, 30.223], [-1.808, 30.264], [-1.808, 30.305], [-1.808, 30.347], [-1.808, 30.388], [-1.808, 30.429], [-1.808, 30.47], [-1.808, 30.512], [-1.76, 30.553], [-1.712, 30.594], [-1.664, 30.635], [-1.616, 30.676], [-1.616, 30.717], [-1.616, 30.758], [-1.616, 30.758]]}, "properties": {"route_id": "RT_058", "nom": "Kisralom ↔ Serékh-khem", "origine": "AUX_KISRALOM", "destination": "LUR_SEREKH-KHEM_N", "modes_declares": "[\"maritime_cabotage\"]", "longueur_km": 765, "km_par_milieu": "{\"mer Halakhel\": 752, \"terre\": 9}", "km_hors_modes_declares": "{}", "ruptures_de_charge": 2, "duree_jours": 11.0, "altitude_max_m": 26, "denivele_positif_m": 0, "cols_franchis": "[]", "mois_ouverts": null, "milieux_km": "{}", "facies_km": "{}", "trouees": "[]", "via": "[]", "vol_oiseau_km": 636, "statut": "tracé"}}, {"type": "Feature", "geometry": {"type": "LineString", "coordinates": [[4.599, 9.032], [4.599, 8.985], [4.551, 8.938], [4.551, 8.891], [4.551, 8.843], [4.503, 8.843], [4.503, 8.796], [4.455, 8.749], [4.455, 8.702], [4.455, 8.654], [4.455, 8.607], [4.407, 8.607], [4.36, 8.56], [4.36, 8.607], [4.312, 8.56], [4.264, 8.56], [4.216, 8.56], [4.168, 8.56], [4.121, 8.513], [4.073, 8.513], [4.025, 8.465], [3.977, 8.418], [3.929, 8.371], [3.929, 8.323], [3.882, 8.323], [3.834, 8.323], [3.786, 8.323], [3.786, 8.276], [3.786, 8.229], [3.786, 8.181], [3.738, 8.181], [3.69, 8.181], [3.642, 8.181], [3.595, 8.134], [3.547, 8.134], [3.499, 8.134], [3.451, 8.134], [3.403, 8.087], [3.356, 8.087], [3.308, 8.087], [3.26, 8.087], [3.212, 8.039], [3.212, 7.992], [3.164, 7.992], [3.117, 7.992], [3.069, 7.945], [3.021, 7.945], [2.973, 7.945], [2.925, 7.945], [2.878, 7.897], [2.83, 7.897], [2.83, 7.85], [2.782, 7.803], [2.734, 7.755], [2.686, 7.708], [2.639, 7.708], [2.591, 7.708], [2.543, 7.708], [2.495, 7.708], [2.447, 7.661], [2.447, 7.613], [2.447, 7.566], [2.447, 7.518], [2.399, 7.471], [2.399, 7.424], [2.399, 7.376], [2.399, 7.329], [2.399, 7.281], [2.447, 7.234], [2.447, 7.187], [2.399, 7.139], [2.399, 7.092], [2.352, 7.044], [2.304, 6.997], [2.256, 6.949], [2.256, 6.902], [2.256, 6.854], [2.208, 6.854], [2.208, 6.807], [2.16, 6.807], [2.113, 6.759], [2.065, 6.712], [2.017, 6.665], [1.969, 6.617], [1.969, 6.57], [1.969, 6.522], [1.969, 6.475], [1.921, 6.427], [1.921, 6.38], [1.969, 6.332], [1.969, 6.284], [1.921, 6.237], [1.874, 6.237], [1.826, 6.189], [1.778, 6.189], [1.73, 6.189], [1.682, 6.189], [1.635, 6.237], [1.635, 6.284], [1.587, 6.332], [1.587, 6.38], [1.587, 6.427], [1.539, 6.475], [1.491, 6.475], [1.443, 6.475], [1.396, 6.427], [1.348, 6.38], [1.3, 6.332], [1.252, 6.332], [1.204, 6.284], [1.156, 6.237], [1.109, 6.189], [1.061, 6.142], [1.013, 6.094], [0.965, 6.047], [1.013, 5.999], [1.061, 5.952], [1.109, 5.952], [1.156, 5.999], [1.204, 6.047], [1.204, 6.047]]}, "properties": {"route_id": "RT_059", "nom": "Ku-Ngúmi ↔ Estuaire Mopámà", "origine": "LUR_KUNGUMI_SO", "destination": "AUX_DLT_MOPAMA", "modes_declares": "[\"fluvial\"]", "longueur_km": 728, "km_par_milieu": "{\"océan\": 23, \"fleuve (aval)\": 374, \"fleuve (amont)\": 148, \"terre\": 163}", "km_hors_modes_declares": "{\"mer\": 23, \"terre\": 142}", "ruptures_de_charge": 6, "duree_jours": 21.0, "altitude_max_m": 693, "denivele_positif_m": 154, "cols_franchis": "[]", "mois_ouverts": null, "milieux_km": "{\"foret_tropicale_humide\": 594, \"foret_maree\": 53, \"herbage_arbore\": 38}", "facies_km": "{\"hors |'Arin\": 685}", "trouees": "[]", "via": "[]", "vol_oiseau_km": 498, "statut": "tracé"}}, {"type": "Feature", "geometry": {"type": "LineString", "coordinates": [[6.272, 4.333], [6.224, 4.285], [6.224, 4.238], [6.176, 4.19], [6.128, 4.142], [6.081, 4.142], [6.033, 4.19], [5.985, 4.19], [5.937, 4.238], [5.889, 4.285], [5.842, 4.285], [5.794, 4.333], [5.746, 4.381], [5.698, 4.381], [5.65, 4.428], [5.603, 4.476], [5.603, 4.524], [5.555, 4.571], [5.555, 4.619], [5.507, 4.667], [5.507, 4.714], [5.459, 4.762], [5.459, 4.809], [5.411, 4.857], [5.364, 4.905], [5.316, 4.952], [5.268, 5.0], [5.22, 5.048], [5.172, 5.095], [5.124, 5.143], [5.077, 5.19], [5.029, 5.238], [4.981, 5.286], [4.933, 5.333], [4.885, 5.381], [4.838, 5.428], [4.79, 5.476], [4.742, 5.524], [4.694, 5.571], [4.646, 5.619], [4.599, 5.666], [4.551, 5.714], [4.503, 5.762], [4.455, 5.809], [4.407, 5.857], [4.36, 5.904], [4.312, 5.952], [4.264, 5.999], [4.216, 6.047], [4.168, 6.094], [4.121, 6.142], [4.073, 6.142], [4.025, 6.142], [3.977, 6.142], [3.929, 6.142], [3.882, 6.142], [3.834, 6.142], [3.786, 6.142], [3.738, 6.142], [3.69, 6.142], [3.642, 6.142], [3.595, 6.142], [3.547, 6.142], [3.499, 6.142], [3.451, 6.142], [3.403, 6.142], [3.356, 6.142], [3.308, 6.142], [3.26, 6.142], [3.212, 6.142], [3.164, 6.142], [3.117, 6.142], [3.069, 6.142], [3.021, 6.142], [2.973, 6.142], [2.925, 6.142], [2.878, 6.142], [2.83, 6.142], [2.782, 6.142], [2.734, 6.142], [2.686, 6.142], [2.639, 6.142], [2.591, 6.142], [2.543, 6.142], [2.495, 6.142], [2.447, 6.142], [2.399, 6.142], [2.352, 6.142], [2.304, 6.142], [2.256, 6.142], [2.208, 6.142], [2.16, 6.142], [2.113, 6.142], [2.065, 6.142], [2.017, 6.142], [1.969, 6.142], [1.921, 6.142], [1.874, 6.142], [1.826, 6.142], [1.778, 6.142], [1.73, 6.142], [1.682, 6.142], [1.635, 6.189], [1.635, 6.237], [1.635, 6.284], [1.587, 6.332], [1.587, 6.38], [1.587, 6.427], [1.539, 6.475], [1.491, 6.475], [1.443, 6.475], [1.396, 6.427], [1.348, 6.38], [1.3, 6.332], [1.252, 6.332], [1.204, 6.284], [1.156, 6.237], [1.109, 6.189], [1.061, 6.142], [1.013, 6.094], [1.013, 6.047], [0.965, 5.999], [0.965, 5.952], [1.013, 5.904], [1.061, 5.857], [1.013, 5.809], [0.965, 5.762], [0.917, 5.762], [0.87, 5.714], [0.822, 5.714], [0.774, 5.666], [0.726, 5.666], [0.678, 5.666], [0.631, 5.666], [0.583, 5.666], [0.535, 5.666], [0.487, 5.666], [0.439, 5.666], [0.392, 5.666], [0.344, 5.666], [0.296, 5.666], [0.248, 5.666], [0.2, 5.666], [0.153, 5.666], [0.105, 5.619], [0.057, 5.619], [0.009, 5.571], [-0.039, 5.571], [-0.086, 5.524], [-0.134, 5.524], [-0.182, 5.476], [-0.23, 5.476], [-0.278, 5.476], [-0.326, 5.428], [-0.373, 5.428], [-0.421, 5.381], [-0.469, 5.333], [-0.517, 5.333], [-0.565, 5.286], [-0.612, 5.286], [-0.66, 5.238], [-0.708, 5.238], [-0.756, 5.19], [-0.804, 5.19], [-0.851, 5.143], [-0.899, 5.143], [-0.947, 5.143], [-0.995, 5.095], [-1.043, 5.095], [-1.09, 5.095], [-1.138, 5.095], [-1.186, 5.095], [-1.234, 5.048], [-1.282, 5.048], [-1.329, 5.048], [-1.377, 5.0], [-1.425, 5.0], [-1.473, 5.0], [-1.521, 4.952], [-1.569, 5.0], [-1.616, 4.952], [-1.616, 4.905], [-1.664, 4.905], [-1.712, 4.857], [-1.76, 4.809], [-1.808, 4.809], [-1.855, 4.762], [-1.903, 4.762], [-1.951, 4.714], [-1.999, 4.714], [-2.047, 4.667], [-2.094, 4.714], [-2.142, 4.714], [-2.19, 4.762], [-2.238, 4.809], [-2.286, 4.809], [-2.333, 4.857], [-2.381, 4.857], [-2.429, 4.857], [-2.477, 4.905], [-2.525, 4.905], [-2.572, 4.905], [-2.62, 4.905], [-2.668, 4.952], [-2.716, 4.952], [-2.764, 4.952], [-2.812, 4.952], [-2.859, 4.952], [-2.907, 4.952], [-2.955, 5.0], [-3.003, 5.0], [-3.051, 5.048], [-3.098, 5.095], [-3.146, 5.095], [-3.194, 5.095], [-3.242, 5.095], [-3.29, 5.095], [-3.337, 5.095], [-3.385, 5.095], [-3.433, 5.095], [-3.481, 5.095], [-3.529, 5.095], [-3.576, 5.095], [-3.624, 5.095], [-3.672, 5.095], [-3.72, 5.095], [-3.768, 5.095], [-3.815, 5.095], [-3.863, 5.095], [-3.911, 5.095], [-3.959, 5.095], [-4.007, 5.095], [-4.055, 5.095], [-4.102, 5.095], [-4.15, 5.095], [-4.198, 5.095], [-4.246, 5.095], [-4.294, 5.095], [-4.341, 5.095], [-4.389, 5.095], [-4.437, 5.095], [-4.485, 5.095], [-4.533, 5.095], [-4.58, 5.095], [-4.628, 5.095], [-4.676, 5.095], [-4.724, 5.095], [-4.772, 5.095], [-4.819, 5.095], [-4.867, 5.143], [-4.915, 5.143], [-4.963, 5.19], [-4.963, 5.19]]}, "properties": {"route_id": "RT_060", "nom": "Kù-Bèláà ↔ Ku-jálima-rir", "origine": "LUR_KUBELAA_SO", "destination": "LUR_KU-JALIMA-RIR_SO", "modes_declares": "[\"fluvial\"]", "longueur_km": 1529, "km_par_milieu": "{\"océan\": 885, \"fleuve (aval)\": 75, \"fleuve (amont)\": 69, \"terre\": 250}", "km_hors_modes_declares": "{\"mer\": 885}", "ruptures_de_charge": 77, "duree_jours": 53.0, "altitude_max_m": 16, "denivele_positif_m": 22, "cols_franchis": "[]", "mois_ouverts": null, "milieux_km": "{\"foret_maree\": 252, \"foret_tropicale_humide\": 124}", "facies_km": "{\"hors |'Arin\": 376}", "trouees": "[]", "via": "[]", "vol_oiseau_km": 1248, "statut": "tracé"}}, {"type": "Feature", "geometry": {"type": "LineString", "coordinates": [[-2.094, 22.919], [-2.047, 22.875], [-1.999, 22.831], [-1.951, 22.831], [-1.903, 22.831], [-1.855, 22.831], [-1.808, 22.831], [-1.76, 22.787], [-1.712, 22.787], [-1.664, 22.742], [-1.616, 22.742], [-1.569, 22.698], [-1.521, 22.698], [-1.473, 22.698], [-1.425, 22.698], [-1.377, 22.698], [-1.329, 22.698], [-1.282, 22.698], [-1.234, 22.698], [-1.186, 22.698], [-1.138, 22.698], [-1.09, 22.698], [-1.043, 22.698], [-0.995, 22.654], [-0.947, 22.61], [-0.899, 22.61], [-0.851, 22.61], [-0.804, 22.61], [-0.756, 22.61], [-0.708, 22.61], [-0.66, 22.61], [-0.612, 22.61], [-0.565, 22.61], [-0.517, 22.61], [-0.469, 22.61], [-0.421, 22.61], [-0.373, 22.61], [-0.326, 22.61], [-0.278, 22.61], [-0.23, 22.61], [-0.182, 22.61], [-0.134, 22.61], [-0.086, 22.566], [-0.039, 22.566], [0.009, 22.566], [0.057, 22.566], [0.105, 22.566], [0.153, 22.566], [0.2, 22.566], [0.248, 22.566], [0.296, 22.566], [0.344, 22.566], [0.392, 22.566], [0.439, 22.566], [0.487, 22.566], [0.535, 22.566], [0.583, 22.566], [0.631, 22.566], [0.678, 22.566], [0.726, 22.522], [0.774, 22.478], [0.822, 22.478], [0.87, 22.478], [0.917, 22.478], [0.965, 22.478], [1.013, 22.433], [1.061, 22.433], [1.109, 22.433], [1.156, 22.433], [1.204, 22.389], [1.252, 22.389], [1.3, 22.389], [1.348, 22.389], [1.396, 22.389], [1.443, 22.389], [1.491, 22.389], [1.539, 22.345], [1.587, 22.301], [1.635, 22.301], [1.682, 22.301], [1.73, 22.301], [1.778, 22.301], [1.826, 22.257], [1.874, 22.257], [1.921, 22.257], [1.969, 22.257], [2.017, 22.212], [2.065, 22.212], [2.113, 22.212], [2.16, 22.168], [2.208, 22.124], [2.256, 22.08], [2.304, 22.08], [2.352, 22.035], [2.399, 22.035], [2.447, 22.035], [2.495, 22.035], [2.543, 22.035], [2.591, 22.035], [2.639, 22.035], [2.686, 21.991], [2.734, 21.991], [2.782, 21.991], [2.83, 21.947], [2.878, 21.947], [2.925, 21.902], [2.973, 21.858], [3.021, 21.858], [3.069, 21.858], [3.117, 21.858], [3.164, 21.858], [3.212, 21.858], [3.26, 21.813], [3.308, 21.769], [3.356, 21.725], [3.403, 21.725], [3.451, 21.725], [3.499, 21.725], [3.547, 21.725], [3.595, 21.725], [3.642, 21.725], [3.69, 21.725], [3.738, 21.725], [3.786, 21.725], [3.834, 21.725], [3.882, 21.725], [3.929, 21.725], [3.977, 21.68], [4.025, 21.68], [4.073, 21.68], [4.121, 21.68], [4.168, 21.68], [4.216, 21.68], [4.264, 21.68], [4.312, 21.68], [4.36, 21.68], [4.407, 21.68], [4.455, 21.68], [4.503, 21.68], [4.551, 21.68], [4.599, 21.68], [4.646, 21.636], [4.694, 21.636], [4.742, 21.636], [4.79, 21.636], [4.838, 21.591], [4.885, 21.547], [4.933, 21.502], [4.981, 21.458], [5.029, 21.413], [5.077, 21.413], [5.124, 21.413], [5.172, 21.413], [5.22, 21.413], [5.268, 21.413], [5.316, 21.413], [5.364, 21.413], [5.411, 21.413], [5.459, 21.413], [5.507, 21.413], [5.555, 21.413], [5.603, 21.413], [5.65, 21.413], [5.698, 21.369], [5.746, 21.369], [5.794, 21.369], [5.842, 21.324], [5.889, 21.324], [5.937, 21.28], [5.985, 21.28], [6.033, 21.28], [6.081, 21.28], [6.128, 21.28], [6.176, 21.28], [6.224, 21.28], [6.272, 21.28], [6.32, 21.28], [6.367, 21.28], [6.415, 21.28], [6.463, 21.28], [6.511, 21.28], [6.559, 21.28], [6.607, 21.28], [6.654, 21.28], [6.702, 21.28], [6.75, 21.28], [6.798, 21.28], [6.846, 21.28], [6.893, 21.28], [6.941, 21.28], [6.989, 21.28], [7.037, 21.28], [7.085, 21.28], [7.132, 21.28], [7.18, 21.28], [7.228, 21.28], [7.276, 21.28], [7.324, 21.28], [7.371, 21.28], [7.419, 21.28], [7.467, 21.28], [7.515, 21.28], [7.563, 21.28], [7.61, 21.235], [7.658, 21.235], [7.706, 21.235], [7.754, 21.235], [7.802, 21.191], [7.85, 21.191], [7.897, 21.191], [7.945, 21.146], [7.993, 21.146], [8.041, 21.146], [8.089, 21.146], [8.136, 21.146], [8.184, 21.146], [8.232, 21.146], [8.28, 21.146], [8.328, 21.146], [8.375, 21.146], [8.423, 21.146], [8.471, 21.146], [8.519, 21.146], [8.567, 21.146], [8.614, 21.146], [8.662, 21.102], [8.71, 21.102], [8.758, 21.102], [8.806, 21.102], [8.853, 21.102], [8.901, 21.102], [8.949, 21.102], [8.997, 21.102], [9.045, 21.102], [9.092, 21.102], [9.14, 21.102], [9.188, 21.057], [9.236, 21.012], [9.284, 20.968], [9.332, 20.968], [9.379, 20.968], [9.427, 20.968], [9.475, 20.968], [9.523, 20.968], [9.571, 20.968], [9.618, 20.968], [9.666, 20.968], [9.714, 20.968], [9.762, 20.923], [9.81, 20.923], [9.857, 20.878], [9.905, 20.834], [9.953, 20.834], [10.001, 20.834], [10.049, 20.834], [10.096, 20.834], [10.144, 20.834], [10.192, 20.834], [10.24, 20.789], [10.288, 20.744], [10.335, 20.7], [10.383, 20.7], [10.431, 20.655], [10.479, 20.61], [10.527, 20.61], [10.575, 20.61], [10.622, 20.61], [10.67, 20.565], [10.718, 20.521], [10.766, 20.476], [10.814, 20.431], [10.861, 20.386], [10.909, 20.341], [10.957, 20.297], [11.005, 20.252], [11.053, 20.252], [11.1, 20.207], [11.148, 20.162], [11.196, 20.162], [11.244, 20.117], [11.292, 20.072], [11.339, 20.072], [11.387, 20.072], [11.435, 20.072], [11.483, 20.072], [11.531, 20.072], [11.578, 20.072], [11.626, 20.027], [11.674, 19.982], [11.722, 19.937], [11.77, 19.937], [11.818, 19.937], [11.865, 19.937], [11.913, 19.937], [11.961, 19.937], [12.009, 19.937], [12.057, 19.893], [12.104, 19.893], [12.152, 19.893], [12.2, 19.848], [12.248, 19.803], [12.296, 19.758], [12.343, 19.713], [12.391, 19.713], [12.439, 19.713], [12.487, 19.713], [12.535, 19.713], [12.582, 19.713], [12.63, 19.668], [12.678, 19.623], [12.726, 19.578], [12.774, 19.532], [12.821, 19.532], [12.869, 19.532], [12.917, 19.487], [12.965, 19.442], [13.013, 19.397], [13.06, 19.352], [13.108, 19.352], [13.156, 19.352], [13.204, 19.307], [13.252, 19.307], [13.3, 19.262], [13.347, 19.217], [13.395, 19.172], [13.443, 19.126], [13.491, 19.081], [13.539, 19.036], [13.586, 18.991], [13.634, 18.946], [13.682, 18.9], [13.73, 18.855], [13.778, 18.81], [13.825, 18.81], [13.873, 18.81], [13.921, 18.81], [13.969, 18.81], [14.017, 18.81], [14.064, 18.81], [14.112, 18.81], [14.16, 18.81], [14.208, 18.765], [14.256, 18.719], [14.303, 18.719], [14.351, 18.719], [14.399, 18.674], [14.447, 18.629], [14.495, 18.584], [14.543, 18.584], [14.59, 18.584], [14.638, 18.584], [14.686, 18.584], [14.734, 18.584], [14.782, 18.584], [14.829, 18.584], [14.877, 18.584], [14.925, 18.584], [14.973, 18.584], [15.021, 18.538], [15.068, 18.538], [15.116, 18.538], [15.164, 18.538], [15.212, 18.538], [15.26, 18.538], [15.307, 18.538], [15.355, 18.538], [15.403, 18.538], [15.451, 18.538], [15.499, 18.538], [15.546, 18.538], [15.594, 18.538], [15.642, 18.538], [15.69, 18.538], [15.738, 18.538], [15.786, 18.493], [15.833, 18.448], [15.881, 18.402], [15.929, 18.402], [15.977, 18.357], [16.025, 18.311], [16.072, 18.311], [16.12, 18.311], [16.168, 18.266], [16.216, 18.221], [16.264, 18.175], [16.311, 18.175], [16.359, 18.175], [16.407, 18.13], [16.455, 18.13], [16.503, 18.13], [16.55, 18.084], [16.598, 18.039], [16.646, 18.039], [16.694, 18.039], [16.742, 17.993], [16.789, 17.993], [16.837, 17.948], [16.885, 17.903], [16.933, 17.903], [16.981, 17.903], [17.028, 17.903], [17.076, 17.857], [17.124, 17.857], [17.172, 17.812], [17.22, 17.812], [17.268, 17.766], [17.315, 17.72], [17.363, 17.675], [17.411, 17.675], [17.459, 17.675], [17.507, 17.675], [17.554, 17.675], [17.602, 17.675], [17.65, 17.675], [17.698, 17.675], [17.746, 17.675], [17.793, 17.675], [17.841, 17.675], [17.889, 17.629], [17.937, 17.584], [17.985, 17.584], [18.032, 17.584], [18.08, 17.584], [18.128, 17.584], [18.176, 17.584], [18.224, 17.584], [18.271, 17.584], [18.319, 17.584], [18.367, 17.584], [18.415, 17.584], [18.463, 17.584], [18.511, 17.538], [18.558, 17.538], [18.606, 17.538], [18.654, 17.538], [18.702, 17.538], [18.75, 17.538], [18.797, 17.493], [18.845, 17.447], [18.893, 17.447], [18.941, 17.447], [18.989, 17.447], [19.036, 17.447], [19.084, 17.447], [19.132, 17.447], [19.18, 17.447], [19.228, 17.447], [19.275, 17.447], [19.323, 17.447], [19.371, 17.447], [19.419, 17.447], [19.467, 17.447], [19.514, 17.447], [19.562, 17.447], [19.61, 17.401], [19.658, 17.401], [19.706, 17.401], [19.754, 17.401], [19.801, 17.401], [19.849, 17.401], [19.897, 17.401], [19.945, 17.401], [19.993, 17.401], [20.04, 17.401], [20.088, 17.401], [20.136, 17.401], [20.184, 17.401], [20.232, 17.356], [20.279, 17.356], [20.327, 17.356], [20.375, 17.356], [20.423, 17.356], [20.471, 17.356], [20.518, 17.356], [20.566, 17.356], [20.614, 17.356], [20.662, 17.356], [20.71, 17.356], [20.757, 17.31], [20.805, 17.31], [20.853, 17.31], [20.901, 17.31], [20.949, 17.31], [20.996, 17.31], [21.044, 17.31], [21.092, 17.31], [21.14, 17.31], [21.188, 17.31], [21.236, 17.31], [21.283, 17.264], [21.331, 17.264], [21.379, 17.264], [21.427, 17.264], [21.475, 17.264], [21.522, 17.264], [21.57, 17.264], [21.618, 17.264], [21.666, 17.264], [21.714, 17.219], [21.761, 17.219], [21.809, 17.219], [21.857, 17.219], [21.905, 17.219], [21.953, 17.219], [22.0, 17.219], [22.048, 17.219], [22.096, 17.219], [22.144, 17.219], [22.192, 17.219], [22.239, 17.219], [22.287, 17.219], [22.335, 17.219], [22.383, 17.219], [22.431, 17.219], [22.479, 17.219], [22.526, 17.219], [22.574, 17.219], [22.622, 17.219], [22.67, 17.173], [22.718, 17.127], [22.765, 17.082], [22.813, 17.082], [22.861, 17.036], [22.909, 16.99], [22.957, 16.945], [23.004, 16.899], [23.052, 16.853], [23.1, 16.807], [23.148, 16.762], [23.196, 16.716], [23.243, 16.716], [23.291, 16.716], [23.339, 16.716], [23.387, 16.67], [23.435, 16.67], [23.482, 16.67], [23.53, 16.67], [23.578, 16.67], [23.626, 16.67], [23.674, 16.67], [23.722, 16.67], [23.769, 16.624], [23.817, 16.578], [23.865, 16.578], [23.913, 16.578], [23.961, 16.533], [24.008, 16.487], [24.056, 16.441], [24.104, 16.441], [24.152, 16.395], [24.2, 16.349], [24.247, 16.303], [24.295, 16.303], [24.343, 16.303], [24.391, 16.257], [24.439, 16.257], [24.486, 16.257], [24.534, 16.212], [24.582, 16.166], [24.63, 16.166], [24.678, 16.166], [24.725, 16.12], [24.773, 16.12], [24.821, 16.074], [24.869, 16.028], [24.917, 15.982], [24.964, 15.936], [25.012, 15.89], [25.06, 15.844], [25.108, 15.798], [25.156, 15.798], [25.204, 15.752], [25.251, 15.706], [25.299, 15.66], [25.347, 15.614], [25.395, 15.568], [25.443, 15.522], [25.49, 15.476], [25.538, 15.43], [25.586, 15.384], [25.634, 15.384], [25.682, 15.337], [25.729, 15.291], [25.777, 15.245], [25.825, 15.199], [25.873, 15.153], [25.921, 15.107], [25.968, 15.061], [26.016, 15.014], [26.064, 15.014], [26.112, 14.968], [26.16, 14.922], [26.207, 14.876], [26.255, 14.876], [26.303, 14.83], [26.351, 14.783], [26.399, 14.737], [26.447, 14.691], [26.494, 14.645], [26.542, 14.645], [26.59, 14.645], [26.638, 14.598], [26.686, 14.552], [26.733, 14.552], [26.781, 14.552], [26.829, 14.552], [26.877, 14.552], [26.925, 14.552], [26.972, 14.506], [27.02, 14.46], [27.068, 14.413], [27.116, 14.367], [27.164, 14.321], [27.211, 14.274], [27.259, 14.228], [27.307, 14.182], [27.355, 14.135], [27.403, 14.089], [27.45, 14.043], [27.498, 13.996], [27.546, 13.95], [27.594, 13.903], [27.642, 13.857], [27.69, 13.811], [27.737, 13.764], [27.785, 13.718], [27.833, 13.671], [27.881, 13.625], [27.929, 13.578], [27.976, 13.532], [28.024, 13.532], [28.072, 13.485], [28.12, 13.439], [28.168, 13.392], [28.215, 13.346], [28.263, 13.299], [28.311, 13.253], [28.359, 13.206], [28.407, 13.16], [28.454, 13.113], [28.502, 13.067], [28.55, 13.067], [28.598, 13.067], [28.646, 13.067], [28.693, 13.067], [28.741, 13.067], [28.789, 13.067], [28.837, 13.02], [28.885, 12.973], [28.932, 12.927], [28.98, 12.88], [29.028, 12.834], [29.076, 12.787], [29.124, 12.74], [29.172, 12.694], [29.219, 12.647], [29.267, 12.6], [29.315, 12.554], [29.363, 12.507], [29.411, 12.507], [29.458, 12.46], [29.506, 12.414], [29.554, 12.367], [29.602, 12.32], [29.65, 12.274], [29.697, 12.227], [29.745, 12.18], [29.793, 12.134], [29.841, 12.087], [29.889, 12.04], [29.936, 11.993], [29.984, 11.946], [30.032, 11.9], [30.08, 11.853], [30.128, 11.806], [30.175, 11.759], [30.223, 11.713], [30.271, 11.666], [30.319, 11.619], [30.367, 11.572], [30.415, 11.525], [30.462, 11.478], [30.51, 11.432], [30.558, 11.385], [30.606, 11.338], [30.654, 11.291], [30.701, 11.244], [30.749, 11.197], [30.797, 11.15], [30.845, 11.103], [30.893, 11.056], [30.94, 11.009], [30.988, 10.963], [31.036, 10.963], [31.084, 10.963], [31.132, 10.916], [31.179, 10.869], [31.227, 10.822], [31.275, 10.775], [31.323, 10.728], [31.371, 10.681], [31.418, 10.634], [31.466, 10.587], [31.514, 10.54], [31.514, 10.493], [31.562, 10.446], [31.61, 10.399], [31.658, 10.399], [31.705, 10.352], [31.753, 10.305], [31.801, 10.258], [31.849, 10.211], [31.897, 10.164], [31.944, 10.117], [31.992, 10.069], [32.04, 10.022], [32.088, 9.975], [32.088, 9.975]]}, "properties": {"route_id": "RT_061", "nom": "Ts'idar-‖Sek ↔ K'elis-‖ara", "origine": "LUR_TSIDAR-SEK_CENTRE", "destination": "GEO_COL_011", "modes_declares": "[\"col_haute_altitude\"]", "longueur_km": 4200, "km_par_milieu": "{\"terre\": 4200}", "km_hors_modes_declares": "{}", "ruptures_de_charge": 0, "duree_jours": 216.0, "altitude_max_m": 2842, "denivele_positif_m": 10786, "cols_franchis": "[\"K'elis-‖ara (011, 2500 m)\", \"Hlelak-!uri (032, 2900 m)\", \"Krathal-t'iq (041, 2300 m)\"]", "mois_ouverts": "juin → sep", "milieux_km": "{\"steppe_piemont\": 3157, \"desert_pierreux\": 684, \"herbage_arbore\": 236, \"foret_montagne\": 92, \"prairie_altitude\": 24}", "facies_km": "{\"hors |'Arin\": 3050, \"Hiver Jaune\": 885, \"Hiver Gris\": 241, \"Hiver Blanc\": 24}", "trouees": "[\"TRO_02\"]", "via": "[]", "vol_oiseau_km": 3909, "statut": "tracé"}}, {"type": "Feature", "geometry": {"type": "LineString", "coordinates": [[34.335, 8.607], [34.383, 8.654], [34.43, 8.702], [34.478, 8.749], [34.526, 8.796], [34.574, 8.796], [34.622, 8.796], [34.669, 8.796], [34.717, 8.843], [34.765, 8.891], [34.813, 8.891], [34.861, 8.891], [34.861, 8.891]]}, "properties": {"route_id": "RT_062", "nom": "Gîtes-Ts'idar ↔ ||Ethak-Kél-Ts'idar", "origine": "LUR_GITES-TSIDAR_SE", "destination": "LUR_ETHAK-KEL_CENTRE", "modes_declares": "[\"terrestre_caravane\"]", "longueur_km": 71, "km_par_milieu": "{\"terre\": 71}", "km_hors_modes_declares": "{}", "ruptures_de_charge": 0, "duree_jours": 3.8, "altitude_max_m": 2386, "denivele_positif_m": 1286, "cols_franchis": "[\"T'araq-ɨnkh (010, 2400 m)\"]", "mois_ouverts": "mai → oct", "milieux_km": "{\"foret_montagne\": 63}", "facies_km": "{\"hors |'Arin\": 45, \"Hiver Gris\": 25}", "trouees": "[]", "via": "[\"GEO_COL_010\"]", "vol_oiseau_km": 63, "statut": "tracé"}}, {"type": "Feature", "geometry": {"type": "LineString", "coordinates": [[25.204, 16.533], [25.251, 16.533], [25.299, 16.533], [25.347, 16.533], [25.395, 16.533], [25.443, 16.533], [25.49, 16.533], [25.538, 16.533], [25.586, 16.533], [25.634, 16.533], [25.682, 16.533], [25.729, 16.533], [25.777, 16.533], [25.825, 16.533], [25.873, 16.533], [25.921, 16.533], [25.968, 16.533], [26.016, 16.533], [26.064, 16.533], [26.112, 16.487], [26.16, 16.487], [26.207, 16.487], [26.255, 16.487], [26.303, 16.487], [26.351, 16.487], [26.399, 16.487], [26.447, 16.487], [26.494, 16.487], [26.542, 16.487], [26.59, 16.487], [26.638, 16.487], [26.686, 16.487], [26.733, 16.487], [26.781, 16.487], [26.829, 16.487], [26.877, 16.487], [26.925, 16.487], [26.972, 16.487], [27.02, 16.487], [27.068, 16.487], [27.116, 16.487], [27.164, 16.441], [27.211, 16.441], [27.259, 16.441], [27.307, 16.441], [27.355, 16.441], [27.403, 16.441], [27.45, 16.441], [27.498, 16.441], [27.546, 16.441], [27.594, 16.441], [27.642, 16.441], [27.69, 16.441], [27.737, 16.441], [27.785, 16.441], [27.833, 16.441], [27.881, 16.441], [27.929, 16.441], [27.976, 16.441], [28.024, 16.441], [28.072, 16.441], [28.12, 16.441], [28.168, 16.441], [28.215, 16.441], [28.263, 16.441], [28.311, 16.441], [28.359, 16.441], [28.407, 16.441], [28.454, 16.441], [28.502, 16.441], [28.55, 16.441], [28.598, 16.441], [28.646, 16.441], [28.693, 16.441], [28.741, 16.441], [28.789, 16.441], [28.837, 16.441], [28.885, 16.441], [28.932, 16.441], [28.98, 16.441], [29.028, 16.441], [29.076, 16.441], [29.124, 16.441], [29.172, 16.441], [29.219, 16.395], [29.267, 16.349], [29.315, 16.349], [29.363, 16.303], [29.411, 16.303], [29.458, 16.257], [29.506, 16.212], [29.554, 16.166], [29.602, 16.12], [29.65, 16.074], [29.697, 16.028], [29.745, 15.982], [29.793, 15.982], [29.841, 15.936], [29.889, 15.936], [29.936, 15.936], [29.984, 15.936], [30.032, 15.936], [30.08, 15.936], [30.128, 15.936], [30.175, 15.936], [30.223, 15.936], [30.271, 15.89], [30.319, 15.844], [30.367, 15.844], [30.415, 15.844], [30.462, 15.798], [30.51, 15.752], [30.558, 15.752], [30.606, 15.752], [30.654, 15.752], [30.701, 15.752], [30.749, 15.706], [30.797, 15.66], [30.845, 15.66], [30.893, 15.66], [30.94, 15.66], [30.988, 15.66], [31.036, 15.66], [31.084, 15.66], [31.132, 15.66], [31.179, 15.66], [31.227, 15.66], [31.275, 15.66], [31.323, 15.66], [31.371, 15.66], [31.418, 15.66], [31.466, 15.66], [31.514, 15.66], [31.562, 15.66], [31.61, 15.66], [31.658, 15.614], [31.705, 15.614], [31.753, 15.614], [31.801, 15.614], [31.849, 15.614], [31.897, 15.614], [31.944, 15.614], [31.992, 15.614], [32.04, 15.614], [32.088, 15.614], [32.136, 15.614], [32.183, 15.614], [32.231, 15.614], [32.279, 15.614], [32.327, 15.614], [32.375, 15.614], [32.422, 15.614], [32.47, 15.614], [32.518, 15.614], [32.566, 15.614], [32.614, 15.614], [32.661, 15.614], [32.709, 15.614], [32.757, 15.614], [32.805, 15.614], [32.853, 15.614], [32.9, 15.614], [32.948, 15.614], [32.996, 15.614], [33.044, 15.614], [33.092, 15.568], [33.14, 15.568], [33.187, 15.568], [33.235, 15.522], [33.283, 15.522], [33.331, 15.522], [33.379, 15.522], [33.426, 15.522], [33.474, 15.522], [33.522, 15.522], [33.57, 15.522], [33.618, 15.522], [33.665, 15.522], [33.713, 15.476], [33.761, 15.476], [33.809, 15.476], [33.857, 15.476], [33.904, 15.476], [33.952, 15.476], [34.0, 15.476], [34.048, 15.476], [34.096, 15.476], [34.143, 15.476], [34.191, 15.476], [34.239, 15.476], [34.287, 15.476], [34.335, 15.476], [34.383, 15.476], [34.43, 15.476], [34.478, 15.476], [34.526, 15.476], [34.574, 15.476], [34.622, 15.476], [34.669, 15.476], [34.717, 15.476], [34.765, 15.43], [34.813, 15.43], [34.861, 15.43], [34.908, 15.43], [34.956, 15.384], [35.004, 15.384], [35.052, 15.384], [35.1, 15.337], [35.147, 15.337], [35.195, 15.337], [35.243, 15.337], [35.291, 15.291], [35.339, 15.245], [35.386, 15.199], [35.434, 15.153], [35.482, 15.153], [35.53, 15.107], [35.578, 15.061], [35.626, 15.061], [35.673, 15.061], [35.721, 15.014], [35.769, 15.014], [35.817, 15.014], [35.865, 15.014], [35.912, 15.014], [35.96, 14.968], [36.008, 14.922], [36.056, 14.922], [36.104, 14.876], [36.151, 14.83], [36.199, 14.783], [36.247, 14.737], [36.295, 14.691], [36.343, 14.645], [36.39, 14.598], [36.438, 14.552], [36.486, 14.506], [36.534, 14.46], [36.582, 14.413], [36.629, 14.413], [36.677, 14.413], [36.725, 14.413], [36.773, 14.413], [36.821, 14.413], [36.868, 14.413], [36.916, 14.413], [36.964, 14.413], [37.012, 14.413], [37.06, 14.413], [37.108, 14.413], [37.155, 14.413], [37.203, 14.413], [37.251, 14.413], [37.299, 14.413], [37.347, 14.367], [37.394, 14.367], [37.442, 14.321], [37.49, 14.321], [37.538, 14.321], [37.586, 14.274], [37.633, 14.274], [37.681, 14.274], [37.729, 14.228], [37.777, 14.228], [37.825, 14.182], [37.872, 14.135], [37.92, 14.089], [37.968, 14.043], [38.016, 13.996], [38.064, 13.95], [38.111, 13.903], [38.159, 13.857], [38.207, 13.857], [38.255, 13.857], [38.303, 13.857], [38.351, 13.811], [38.398, 13.811], [38.446, 13.764], [38.494, 13.718], [38.542, 13.718], [38.59, 13.718], [38.637, 13.671], [38.685, 13.625], [38.733, 13.578], [38.781, 13.578], [38.829, 13.578], [38.876, 13.578], [38.924, 13.578], [38.972, 13.578], [39.02, 13.578], [39.02, 13.578]]}, "properties": {"route_id": "RT_063", "nom": "Qūrāš-Tanīqa ↔ K'umal-Naqra", "origine": "LUR_QURASH-TANIQA_NE", "destination": "LUR_KUMAL-NAQRA_SE", "modes_declares": "[\"terrestre_caravane\"]", "longueur_km": 1617, "km_par_milieu": "{\"terre\": 1617}", "km_hors_modes_declares": "{}", "ruptures_de_charge": 0, "duree_jours": 56.0, "altitude_max_m": 2284, "denivele_positif_m": 3573, "cols_franchis": "[]", "mois_ouverts": null, "milieux_km": "{\"desert_pierreux\": 1055, \"steppe_piemont\": 429, \"plaine_alluviale\": 127}", "facies_km": "{\"hors |'Arin\": 1460, \"Hiver Jaune\": 157}", "trouees": "[]", "via": "[]", "vol_oiseau_km": 1519, "statut": "tracé"}}, {"type": "Feature", "geometry": {"type": "LineString", "coordinates": [[23.961, 15.337], [23.961, 15.384], [24.008, 15.43], [24.056, 15.476], [24.104, 15.522], [24.104, 15.568], [24.152, 15.614], [24.152, 15.66], [24.152, 15.706], [24.152, 15.752], [24.152, 15.798], [24.152, 15.844], [24.152, 15.89], [24.152, 15.936], [24.152, 15.982], [24.152, 16.028], [24.152, 16.074], [24.152, 16.12], [24.152, 16.166], [24.152, 16.212], [24.152, 16.257], [24.152, 16.303], [24.152, 16.349], [24.152, 16.395], [24.152, 16.441], [24.152, 16.487], [24.152, 16.533], [24.152, 16.578], [24.152, 16.624], [24.152, 16.67], [24.152, 16.716], [24.152, 16.762], [24.152, 16.807], [24.152, 16.853], [24.152, 16.899], [24.152, 16.945], [24.152, 16.99], [24.152, 17.036], [24.152, 17.082], [24.152, 17.127], [24.152, 17.173], [24.152, 17.219], [24.152, 17.264], [24.152, 17.31], [24.152, 17.356], [24.152, 17.401], [24.152, 17.447], [24.152, 17.493], [24.152, 17.538], [24.152, 17.584], [24.152, 17.629], [24.152, 17.675], [24.152, 17.72], [24.152, 17.766], [24.152, 17.812], [24.152, 17.857], [24.152, 17.903], [24.152, 17.948], [24.152, 17.993], [24.152, 18.039], [24.152, 18.084], [24.152, 18.13], [24.152, 18.175], [24.152, 18.221], [24.152, 18.266], [24.152, 18.311], [24.152, 18.357], [24.152, 18.402], [24.152, 18.448], [24.152, 18.493], [24.152, 18.538], [24.152, 18.584], [24.152, 18.629], [24.152, 18.674], [24.152, 18.719], [24.152, 18.765], [24.152, 18.81], [24.152, 18.855], [24.152, 18.9], [24.152, 18.946], [24.152, 18.991], [24.152, 19.036], [24.152, 19.081], [24.152, 19.126], [24.152, 19.172], [24.152, 19.217], [24.152, 19.262], [24.152, 19.307], [24.152, 19.352], [24.152, 19.397], [24.152, 19.442], [24.152, 19.487], [24.152, 19.532], [24.152, 19.578], [24.152, 19.623], [24.152, 19.668], [24.152, 19.713], [24.152, 19.758], [24.152, 19.803], [24.152, 19.848], [24.152, 19.893], [24.152, 19.937], [24.152, 19.982], [24.152, 20.027], [24.152, 20.072], [24.152, 20.117], [24.152, 20.162], [24.152, 20.207], [24.152, 20.252], [24.152, 20.297], [24.152, 20.341], [24.152, 20.386], [24.152, 20.431], [24.152, 20.476], [24.152, 20.521], [24.152, 20.565], [24.152, 20.61], [24.152, 20.655], [24.152, 20.7], [24.152, 20.744], [24.152, 20.789], [24.152, 20.834], [24.152, 20.878], [24.2, 20.923], [24.2, 20.968], [24.2, 21.012], [24.2, 21.057], [24.2, 21.102], [24.2, 21.146], [24.2, 21.191], [24.2, 21.235], [24.2, 21.28], [24.2, 21.324], [24.2, 21.369], [24.2, 21.413], [24.2, 21.458], [24.2, 21.502], [24.2, 21.547], [24.152, 21.591], [24.152, 21.636], [24.152, 21.68], [24.152, 21.725], [24.152, 21.769], [24.152, 21.813], [24.104, 21.858], [24.104, 21.902], [24.104, 21.947], [24.104, 21.991], [24.104, 22.035], [24.104, 22.08], [24.056, 22.124], [24.008, 22.168], [23.961, 22.168], [23.913, 22.168], [23.865, 22.212], [23.817, 22.257], [23.769, 22.301], [23.722, 22.301], [23.674, 22.257], [23.674, 22.257]]}, "properties": {"route_id": "RT_064", "nom": "Abnī-tɨra ↔ Zagakh-TƗr", "origine": "GEO_COL_001", "destination": "LUR_ZAGAKH-TIR_NE", "modes_declares": "[\"col_haute_altitude\"]", "longueur_km": 817, "km_par_milieu": "{\"terre\": 817}", "km_hors_modes_declares": "{}", "ruptures_de_charge": 0, "duree_jours": 43.0, "altitude_max_m": 2515, "denivele_positif_m": 1463, "cols_franchis": "[\"Abnī-tɨra (001, 2800 m)\"]", "mois_ouverts": "juin → oct", "milieux_km": "{\"steppe_piemont\": 554, \"herbage_arbore\": 129, \"foret_montagne\": 106}", "facies_km": "{\"Hiver Gris\": 305, \"Hiver Jaune\": 268, \"hors |'Arin\": 245}", "trouees": "[]", "via": "[]", "vol_oiseau_km": 766, "statut": "tracé"}}, {"type": "Feature", "geometry": {"type": "LineString", "coordinates": [[30.367, 10.728], [30.319, 10.775], [30.271, 10.822], [30.223, 10.822], [30.175, 10.869], [30.128, 10.916], [30.08, 10.963], [30.08, 10.963]]}, "properties": {"route_id": "RT_065", "nom": "Hae Ts'i-K'uré ↔ P'etsul-!ama", "origine": "LUR_HAE-TSI-KURE_SE", "destination": "GEO_COL_013", "modes_declares": "[\"terrestre_caravane\"]", "longueur_km": 42, "km_par_milieu": "{\"terre\": 42}", "km_hors_modes_declares": "{}", "ruptures_de_charge": 0, "duree_jours": 1.9, "altitude_max_m": 2397, "denivele_positif_m": 736, "cols_franchis": "[\"P'etsul-!ama (013, 2600 m)\"]", "mois_ouverts": "mai → oct", "milieux_km": "{\"herbage_arbore\": 22}", "facies_km": "{\"Hiver Gris\": 22}", "trouees": "[]", "via": "[]", "vol_oiseau_km": 40, "statut": "tracé"}}, {"type": "Feature", "geometry": {"type": "LineString", "coordinates": [[-24.994, 16.899], [-24.946, 16.945], [-24.898, 16.99], [-24.851, 17.036], [-24.803, 17.082], [-24.755, 17.127], [-24.707, 17.127], [-24.659, 17.127], [-24.612, 17.127], [-24.564, 17.173], [-24.516, 17.219], [-24.468, 17.264], [-24.42, 17.31], [-24.373, 17.356], [-24.325, 17.401], [-24.277, 17.447], [-24.229, 17.493], [-24.181, 17.538], [-24.134, 17.584], [-24.086, 17.629], [-24.038, 17.675], [-23.99, 17.72], [-23.942, 17.766], [-23.895, 17.812], [-23.847, 17.857], [-23.799, 17.903], [-23.751, 17.948], [-23.703, 17.993], [-23.655, 18.039], [-23.608, 18.084], [-23.56, 18.13], [-23.512, 18.175], [-23.464, 18.221], [-23.416, 18.266], [-23.369, 18.311], [-23.321, 18.357], [-23.273, 18.402], [-23.225, 18.448], [-23.177, 18.493], [-23.13, 18.538], [-23.082, 18.584], [-23.034, 18.629], [-22.986, 18.674], [-22.938, 18.719], [-22.891, 18.765], [-22.843, 18.81], [-22.795, 18.855], [-22.747, 18.9], [-22.699, 18.946], [-22.652, 18.991], [-22.604, 19.036], [-22.556, 19.081], [-22.508, 19.126], [-22.46, 19.172], [-22.412, 19.217], [-22.365, 19.262], [-22.317, 19.307], [-22.269, 19.352], [-22.221, 19.397], [-22.173, 19.442], [-22.126, 19.487], [-22.078, 19.532], [-22.03, 19.578], [-21.982, 19.623], [-21.934, 19.668], [-21.887, 19.713], [-21.839, 19.758], [-21.791, 19.803], [-21.743, 19.848], [-21.695, 19.893], [-21.648, 19.937], [-21.6, 19.982], [-21.552, 20.027], [-21.504, 20.072], [-21.456, 20.117], [-21.409, 20.162], [-21.361, 20.207], [-21.313, 20.252], [-21.265, 20.297], [-21.217, 20.341], [-21.169, 20.386], [-21.122, 20.431], [-21.074, 20.476], [-21.026, 20.521], [-20.978, 20.565], [-20.93, 20.61], [-20.883, 20.655], [-20.835, 20.7], [-20.787, 20.744], [-20.739, 20.789], [-20.691, 20.834], [-20.644, 20.878], [-20.596, 20.923], [-20.548, 20.968], [-20.5, 21.012], [-20.452, 21.057], [-20.405, 21.102], [-20.357, 21.146], [-20.309, 21.191], [-20.261, 21.235], [-20.213, 21.28], [-20.166, 21.324], [-20.118, 21.369], [-20.07, 21.413], [-20.022, 21.458], [-19.974, 21.502], [-19.927, 21.547], [-19.879, 21.591], [-19.831, 21.636], [-19.783, 21.68], [-19.735, 21.725], [-19.687, 21.769], [-19.64, 21.813], [-19.592, 21.858], [-19.544, 21.902], [-19.496, 21.947], [-19.448, 21.991], [-19.401, 22.035], [-19.353, 22.08], [-19.305, 22.124], [-19.257, 22.168], [-19.209, 22.212], [-19.162, 22.257], [-19.114, 22.301], [-19.066, 22.345], [-19.018, 22.389], [-18.97, 22.433], [-18.923, 22.478], [-18.875, 22.522], [-18.827, 22.566], [-18.779, 22.61], [-18.731, 22.654], [-18.684, 22.698], [-18.636, 22.742], [-18.588, 22.787], [-18.54, 22.831], [-18.492, 22.875], [-18.444, 22.919], [-18.397, 22.963], [-18.349, 23.007], [-18.301, 23.051], [-18.253, 23.095], [-18.205, 23.139], [-18.158, 23.183], [-18.11, 23.227], [-18.062, 23.271], [-18.014, 23.314], [-17.966, 23.358], [-17.919, 23.402], [-17.871, 23.446], [-17.823, 23.49], [-17.775, 23.534], [-17.727, 23.578], [-17.68, 23.621], [-17.632, 23.665], [-17.584, 23.709], [-17.536, 23.753], [-17.488, 23.796], [-17.441, 23.84], [-17.393, 23.884], [-17.345, 23.928], [-17.297, 23.971], [-17.249, 24.015], [-17.201, 24.059], [-17.154, 24.102], [-17.106, 24.146], [-17.058, 24.19], [-17.01, 24.233], [-16.962, 24.277], [-16.915, 24.32], [-16.867, 24.364], [-16.819, 24.407], [-16.771, 24.451], [-16.723, 24.494], [-16.676, 24.538], [-16.628, 24.581], [-16.58, 24.625], [-16.532, 24.668], [-16.484, 24.712], [-16.437, 24.755], [-16.389, 24.755], [-16.341, 24.755], [-16.293, 24.755], [-16.245, 24.755], [-16.198, 24.755], [-16.15, 24.755], [-16.102, 24.755], [-16.054, 24.755], [-16.006, 24.755], [-15.959, 24.755], [-15.911, 24.755], [-15.863, 24.755], [-15.815, 24.755], [-15.767, 24.755], [-15.719, 24.755], [-15.672, 24.755], [-15.624, 24.755], [-15.576, 24.755], [-15.528, 24.755], [-15.48, 24.755], [-15.433, 24.755], [-15.385, 24.755], [-15.337, 24.755], [-15.289, 24.755], [-15.241, 24.755], [-15.194, 24.755], [-15.146, 24.755], [-15.098, 24.755], [-15.05, 24.755], [-15.002, 24.712], [-14.955, 24.668], [-14.907, 24.625], [-14.859, 24.625], [-14.811, 24.625], [-14.763, 24.625], [-14.716, 24.625], [-14.668, 24.581], [-14.62, 24.581], [-14.572, 24.581], [-14.524, 24.581], [-14.476, 24.581], [-14.429, 24.581], [-14.381, 24.581], [-14.333, 24.581], [-14.285, 24.581], [-14.237, 24.581], [-14.19, 24.581], [-14.142, 24.581], [-14.094, 24.581], [-14.046, 24.581], [-13.998, 24.581], [-13.951, 24.581], [-13.903, 24.581], [-13.855, 24.581], [-13.807, 24.581], [-13.759, 24.581], [-13.712, 24.581], [-13.664, 24.581], [-13.616, 24.581], [-13.568, 24.581], [-13.52, 24.538], [-13.473, 24.494], [-13.425, 24.494], [-13.377, 24.494], [-13.329, 24.494], [-13.281, 24.494], [-13.233, 24.451], [-13.186, 24.451], [-13.138, 24.451], [-13.09, 24.407], [-13.042, 24.407], [-12.994, 24.407], [-12.947, 24.407], [-12.899, 24.407], [-12.851, 24.364], [-12.803, 24.364], [-12.755, 24.364], [-12.708, 24.364], [-12.66, 24.364], [-12.612, 24.32], [-12.564, 24.277], [-12.516, 24.233], [-12.469, 24.19], [-12.421, 24.19], [-12.373, 24.19], [-12.325, 24.19], [-12.277, 24.146], [-12.23, 24.146], [-12.182, 24.146], [-12.134, 24.146], [-12.086, 24.146], [-12.038, 24.102], [-11.991, 24.102], [-11.943, 24.102], [-11.895, 24.059], [-11.847, 24.015], [-11.799, 23.971], [-11.751, 23.928], [-11.704, 23.884], [-11.656, 23.84], [-11.608, 23.796], [-11.56, 23.753], [-11.512, 23.709], [-11.465, 23.665], [-11.417, 23.621], [-11.369, 23.578], [-11.321, 23.534], [-11.273, 23.49], [-11.226, 23.446], [-11.178, 23.402], [-11.13, 23.358], [-11.082, 23.314], [-11.034, 23.271], [-10.987, 23.227], [-10.939, 23.183], [-10.891, 23.139], [-10.843, 23.095], [-10.795, 23.051], [-10.748, 23.007], [-10.7, 22.963], [-10.652, 22.919], [-10.604, 22.875], [-10.556, 22.831], [-10.508, 22.831], [-10.461, 22.787], [-10.413, 22.787], [-10.365, 22.787], [-10.317, 22.742], [-10.269, 22.742], [-10.222, 22.742], [-10.174, 22.698], [-10.126, 22.654], [-10.078, 22.61], [-10.03, 22.566], [-9.983, 22.522], [-9.935, 22.522], [-9.887, 22.522], [-9.839, 22.478], [-9.791, 22.478], [-9.744, 22.478], [-9.696, 22.478], [-9.648, 22.478], [-9.6, 22.478], [-9.552, 22.433], [-9.505, 22.433], [-9.457, 22.389], [-9.409, 22.389], [-9.361, 22.389], [-9.313, 22.389], [-9.265, 22.389], [-9.218, 22.345], [-9.17, 22.301], [-9.122, 22.301], [-9.122, 22.301]]}, "properties": {"route_id": "RT_066", "nom": "Kot-Skral ↔ Bannaktì", "origine": "LUR_KOT-SKRAL_LARGE", "destination": "LUR_BANNAKTI_NO", "modes_declares": "[\"maritime_hauturier\", \"terrestre_caravane\"]", "longueur_km": 2106, "km_par_milieu": "{\"océan\": 1422, \"terre\": 677}", "km_hors_modes_declares": "{}", "ruptures_de_charge": 2, "duree_jours": 34.0, "altitude_max_m": 1262, "denivele_positif_m": 1493, "cols_franchis": "[]", "mois_ouverts": null, "milieux_km": "{\"steppe_piemont\": 603, \"desert_pierreux\": 69}", "facies_km": "{\"hors |'Arin\": 606, \"Hiver Jaune\": 70}", "trouees": "[]", "note_reglage": "Le corpus précise « accès par Stalomar-Kot et les pistes nord ».", "via": "[]", "vol_oiseau_km": 1770, "statut": "tracé"}}, {"type": "Feature", "geometry": {"type": "LineString", "coordinates": [[-24.994, 16.899], [-24.994, 16.945], [-24.946, 16.99], [-24.898, 17.036], [-24.851, 17.082], [-24.803, 17.127], [-24.755, 17.173], [-24.707, 17.219], [-24.659, 17.264], [-24.612, 17.31], [-24.612, 17.356], [-24.612, 17.401], [-24.612, 17.447], [-24.612, 17.493], [-24.612, 17.538], [-24.612, 17.584], [-24.612, 17.629], [-24.564, 17.675], [-24.516, 17.72], [-24.468, 17.766], [-24.42, 17.812], [-24.373, 17.857], [-24.325, 17.903], [-24.277, 17.948], [-24.229, 17.993], [-24.181, 18.039], [-24.134, 18.084], [-24.086, 18.13], [-24.038, 18.175], [-23.99, 18.221], [-23.942, 18.266], [-23.895, 18.311], [-23.847, 18.357], [-23.799, 18.402], [-23.751, 18.448], [-23.703, 18.493], [-23.655, 18.538], [-23.608, 18.584], [-23.56, 18.629], [-23.512, 18.674], [-23.464, 18.719], [-23.416, 18.765], [-23.369, 18.81], [-23.321, 18.855], [-23.273, 18.9], [-23.225, 18.946], [-23.177, 18.991], [-23.13, 19.036], [-23.082, 19.081], [-23.034, 19.126], [-22.986, 19.172], [-22.938, 19.217], [-22.891, 19.262], [-22.843, 19.307], [-22.795, 19.352], [-22.747, 19.397], [-22.699, 19.442], [-22.652, 19.487], [-22.604, 19.532], [-22.556, 19.578], [-22.508, 19.623], [-22.46, 19.668], [-22.412, 19.713], [-22.365, 19.758], [-22.317, 19.803], [-22.269, 19.848], [-22.221, 19.893], [-22.173, 19.937], [-22.126, 19.982], [-22.078, 20.027], [-22.03, 20.072], [-21.982, 20.117], [-21.934, 20.162], [-21.887, 20.207], [-21.839, 20.252], [-21.791, 20.297], [-21.743, 20.341], [-21.695, 20.386], [-21.648, 20.431], [-21.6, 20.476], [-21.552, 20.521], [-21.504, 20.565], [-21.456, 20.61], [-21.409, 20.655], [-21.361, 20.7], [-21.313, 20.744], [-21.265, 20.789], [-21.217, 20.834], [-21.169, 20.878], [-21.122, 20.923], [-21.074, 20.968], [-21.026, 21.012], [-20.978, 21.057], [-20.93, 21.102], [-20.883, 21.146], [-20.835, 21.191], [-20.787, 21.235], [-20.739, 21.28], [-20.691, 21.324], [-20.644, 21.369], [-20.596, 21.413], [-20.548, 21.458], [-20.5, 21.502], [-20.452, 21.547], [-20.405, 21.591], [-20.357, 21.636], [-20.309, 21.68], [-20.261, 21.725], [-20.213, 21.769], [-20.166, 21.813], [-20.118, 21.858], [-20.07, 21.902], [-20.022, 21.947], [-19.974, 21.991], [-19.927, 22.035], [-19.879, 22.08], [-19.831, 22.124], [-19.783, 22.168], [-19.735, 22.212], [-19.687, 22.257], [-19.64, 22.301], [-19.592, 22.345], [-19.544, 22.389], [-19.496, 22.433], [-19.448, 22.478], [-19.401, 22.522], [-19.353, 22.566], [-19.305, 22.61], [-19.257, 22.654], [-19.209, 22.698], [-19.162, 22.742], [-19.114, 22.787], [-19.066, 22.831], [-19.018, 22.875], [-18.97, 22.919], [-18.923, 22.963], [-18.875, 23.007], [-18.827, 23.051], [-18.779, 23.095], [-18.731, 23.139], [-18.684, 23.183], [-18.636, 23.227], [-18.588, 23.271], [-18.54, 23.314], [-18.492, 23.358], [-18.444, 23.402], [-18.397, 23.446], [-18.349, 23.49], [-18.301, 23.534], [-18.253, 23.578], [-18.205, 23.621], [-18.158, 23.665], [-18.11, 23.709], [-18.062, 23.753], [-18.014, 23.796], [-17.966, 23.84], [-17.919, 23.884], [-17.871, 23.928], [-17.823, 23.971], [-17.775, 24.015], [-17.727, 24.059], [-17.68, 24.102], [-17.632, 24.146], [-17.584, 24.19], [-17.536, 24.233], [-17.488, 24.277], [-17.441, 24.32], [-17.393, 24.364], [-17.345, 24.407], [-17.297, 24.451], [-17.249, 24.494], [-17.201, 24.538], [-17.154, 24.581], [-17.106, 24.625], [-17.058, 24.668], [-17.01, 24.712], [-16.962, 24.755], [-16.915, 24.799], [-16.867, 24.842], [-16.819, 24.885], [-16.771, 24.929], [-16.723, 24.972], [-16.676, 25.015], [-16.628, 25.059], [-16.58, 25.102], [-16.532, 25.145], [-16.484, 25.189], [-16.437, 25.232], [-16.389, 25.275], [-16.341, 25.318], [-16.293, 25.362], [-16.245, 25.405], [-16.198, 25.448], [-16.15, 25.491], [-16.102, 25.534], [-16.054, 25.577], [-16.006, 25.62], [-15.959, 25.664], [-15.911, 25.707], [-15.863, 25.75], [-15.815, 25.793], [-15.767, 25.836], [-15.719, 25.879], [-15.672, 25.922], [-15.624, 25.965], [-15.576, 26.008], [-15.528, 26.051], [-15.48, 26.094], [-15.433, 26.137], [-15.385, 26.18], [-15.337, 26.222], [-15.289, 26.265], [-15.241, 26.308], [-15.194, 26.351], [-15.146, 26.394], [-15.098, 26.437], [-15.05, 26.479], [-15.002, 26.522], [-14.955, 26.565], [-14.907, 26.608], [-14.859, 26.65], [-14.811, 26.693], [-14.763, 26.736], [-14.716, 26.779], [-14.668, 26.821], [-14.62, 26.864], [-14.572, 26.907], [-14.524, 26.949], [-14.476, 26.992], [-14.429, 27.034], [-14.381, 27.077], [-14.333, 27.12], [-14.285, 27.162], [-14.237, 27.205], [-14.19, 27.247], [-14.142, 27.29], [-14.094, 27.332], [-14.046, 27.375], [-13.998, 27.417], [-13.951, 27.459], [-13.903, 27.502], [-13.855, 27.544], [-13.807, 27.587], [-13.759, 27.629], [-13.712, 27.671], [-13.664, 27.714], [-13.616, 27.756], [-13.568, 27.798], [-13.52, 27.841], [-13.473, 27.883], [-13.425, 27.925], [-13.377, 27.967], [-13.329, 28.01], [-13.281, 28.052], [-13.233, 28.094], [-13.186, 28.136], [-13.138, 28.178], [-13.09, 28.22], [-13.042, 28.262], [-12.994, 28.305], [-12.947, 28.347], [-12.899, 28.389], [-12.851, 28.431], [-12.803, 28.473], [-12.755, 28.515], [-12.708, 28.557], [-12.66, 28.599], [-12.612, 28.641], [-12.564, 28.683], [-12.516, 28.725], [-12.469, 28.767], [-12.421, 28.808], [-12.373, 28.85], [-12.325, 28.892], [-12.277, 28.934], [-12.23, 28.976], [-12.182, 29.018], [-12.134, 29.059], [-12.086, 29.101], [-12.038, 29.143], [-11.991, 29.185], [-11.943, 29.227], [-11.895, 29.268], [-11.847, 29.31], [-11.799, 29.31], [-11.751, 29.31], [-11.704, 29.31], [-11.656, 29.31], [-11.608, 29.31], [-11.56, 29.31], [-11.512, 29.31], [-11.465, 29.31], [-11.417, 29.31], [-11.369, 29.31], [-11.321, 29.31], [-11.273, 29.31], [-11.226, 29.31], [-11.178, 29.31], [-11.13, 29.31], [-11.082, 29.31], [-11.034, 29.31], [-10.987, 29.31], [-10.939, 29.31], [-10.891, 29.31], [-10.843, 29.31], [-10.795, 29.31], [-10.748, 29.31], [-10.7, 29.31], [-10.652, 29.31], [-10.604, 29.31], [-10.556, 29.31], [-10.508, 29.31], [-10.461, 29.31], [-10.413, 29.31], [-10.365, 29.31], [-10.317, 29.31], [-10.269, 29.31], [-10.222, 29.31], [-10.174, 29.31], [-10.126, 29.31], [-10.078, 29.31], [-10.03, 29.31], [-9.983, 29.268], [-9.983, 29.227], [-9.935, 29.185], [-9.935, 29.143], [-9.935, 29.101], [-9.935, 29.059], [-9.887, 29.018], [-9.887, 28.976], [-9.887, 28.934], [-9.887, 28.892], [-9.887, 28.85], [-9.887, 28.808], [-9.887, 28.767], [-9.887, 28.725], [-9.887, 28.683], [-9.887, 28.641], [-9.887, 28.599], [-9.887, 28.557], [-9.887, 28.515], [-9.887, 28.473], [-9.887, 28.431], [-9.887, 28.389], [-9.887, 28.347], [-9.887, 28.305], [-9.839, 28.262], [-9.791, 28.22], [-9.791, 28.178], [-9.791, 28.136], [-9.791, 28.094], [-9.791, 28.052], [-9.791, 28.01], [-9.791, 27.967], [-9.791, 27.925], [-9.791, 27.883], [-9.791, 27.841], [-9.791, 27.798], [-9.791, 27.756], [-9.791, 27.714], [-9.791, 27.671], [-9.791, 27.629], [-9.791, 27.587], [-9.791, 27.544], [-9.791, 27.502], [-9.744, 27.459], [-9.744, 27.417], [-9.744, 27.375], [-9.744, 27.332], [-9.744, 27.29], [-9.744, 27.247], [-9.744, 27.205], [-9.744, 27.162], [-9.744, 27.12], [-9.744, 27.077], [-9.744, 27.034], [-9.744, 26.992], [-9.744, 26.949], [-9.744, 26.907], [-9.744, 26.864], [-9.744, 26.821], [-9.744, 26.779], [-9.744, 26.736], [-9.744, 26.693], [-9.744, 26.65], [-9.744, 26.608], [-9.744, 26.565], [-9.744, 26.522], [-9.744, 26.479], [-9.744, 26.437], [-9.744, 26.394], [-9.744, 26.351], [-9.744, 26.308], [-9.744, 26.265], [-9.744, 26.222], [-9.744, 26.18], [-9.744, 26.137], [-9.744, 26.094], [-9.744, 26.051], [-9.744, 26.008], [-9.744, 25.965], [-9.744, 25.922], [-9.744, 25.879], [-9.744, 25.836], [-9.744, 25.793], [-9.744, 25.75], [-9.744, 25.707], [-9.744, 25.664], [-9.744, 25.62], [-9.744, 25.577], [-9.744, 25.534], [-9.744, 25.491], [-9.744, 25.448], [-9.744, 25.405], [-9.744, 25.362], [-9.744, 25.318], [-9.744, 25.275], [-9.744, 25.232], [-9.744, 25.189], [-9.744, 25.145], [-9.744, 25.102], [-9.744, 25.059], [-9.744, 25.015], [-9.744, 24.972], [-9.744, 24.929], [-9.744, 24.885], [-9.744, 24.842], [-9.744, 24.799], [-9.744, 24.755], [-9.744, 24.712], [-9.744, 24.668], [-9.744, 24.625], [-9.744, 24.581], [-9.744, 24.538], [-9.744, 24.494], [-9.744, 24.451], [-9.744, 24.407], [-9.744, 24.364], [-9.744, 24.32], [-9.744, 24.277], [-9.744, 24.233], [-9.744, 24.19], [-9.744, 24.146], [-9.744, 24.102], [-9.744, 24.059], [-9.744, 24.015], [-9.744, 23.971], [-9.744, 23.928], [-9.744, 23.884], [-9.744, 23.84], [-9.744, 23.796], [-9.744, 23.753], [-9.744, 23.709], [-9.744, 23.665], [-9.744, 23.621], [-9.744, 23.578], [-9.744, 23.534], [-9.744, 23.49], [-9.744, 23.446], [-9.744, 23.402], [-9.744, 23.358], [-9.744, 23.314], [-9.744, 23.271], [-9.744, 23.227], [-9.744, 23.183], [-9.696, 23.139], [-9.648, 23.095], [-9.6, 23.051], [-9.552, 23.007], [-9.505, 22.963], [-9.457, 22.919], [-9.457, 22.875], [-9.457, 22.831], [-9.409, 22.787], [-9.409, 22.742], [-9.361, 22.698], [-9.361, 22.654], [-9.361, 22.61], [-9.361, 22.566], [-9.313, 22.522], [-9.265, 22.478], [-9.218, 22.433], [-9.17, 22.389], [-9.17, 22.345], [-9.122, 22.301], [-9.122, 22.301]]}, "properties": {"route_id": "RT_066_variante", "nom": "Kot-Skral ↔ Bannaktì (variante du corpus)", "longueur_km": 2924, "duree_jours": 44.0, "altitude_max_m": 1347, "cols_franchis": "[]"}}, {"type": "Feature", "geometry": {"type": "LineString", "coordinates": [[39.02, 13.578], [39.068, 13.625], [39.115, 13.671], [39.163, 13.718], [39.211, 13.764], [39.259, 13.811], [39.259, 13.857], [39.307, 13.903], [39.307, 13.95], [39.354, 13.996], [39.402, 14.043], [39.45, 14.089], [39.45, 14.135], [39.45, 14.182], [39.498, 14.228], [39.498, 14.274], [39.498, 14.321], [39.546, 14.367], [39.594, 14.413], [39.641, 14.46], [39.689, 14.506], [39.737, 14.552], [39.785, 14.598], [39.833, 14.645], [39.833, 14.691], [39.88, 14.737], [39.928, 14.783], [39.976, 14.83], [40.024, 14.876], [40.072, 14.922], [40.072, 14.968], [40.119, 15.014], [40.119, 15.014]]}, "properties": {"route_id": "RT_067", "nom": "K'umal-Naqra ↔ K'uré-K'ésun", "origine": "LUR_KUMAL-NAQRA_SE", "destination": "LUR_KURE-KESUN_SE", "modes_declares": "[\"col_haute_altitude\"]", "longueur_km": 208, "km_par_milieu": "{\"terre\": 208}", "km_hors_modes_declares": "{}", "ruptures_de_charge": 0, "duree_jours": 11.0, "altitude_max_m": 2472, "denivele_positif_m": 906, "cols_franchis": "[]", "mois_ouverts": null, "milieux_km": "{\"steppe_piemont\": 160, \"desert_pierreux\": 34}", "facies_km": "{\"Hiver Jaune\": 133, \"hors |'Arin\": 76}", "trouees": "[]", "via": "[]", "vol_oiseau_km": 199, "statut": "tracé"}}, {"type": "Feature", "geometry": {"type": "LineString", "coordinates": [[34.335, 8.607], [34.335, 8.654], [34.335, 8.702], [34.335, 8.749], [34.287, 8.796], [34.287, 8.843], [34.287, 8.891], [34.287, 8.938], [34.287, 8.985], [34.287, 9.032], [34.239, 9.08], [34.191, 9.127], [34.143, 9.174], [34.096, 9.221], [34.048, 9.268], [34.0, 9.315], [33.952, 9.363], [33.904, 9.41], [33.857, 9.457], [33.809, 9.504], [33.761, 9.551], [33.713, 9.598], [33.665, 9.646], [33.618, 9.693], [33.57, 9.74], [33.522, 9.787], [33.474, 9.834], [33.426, 9.881], [33.379, 9.928], [33.331, 9.975], [33.283, 10.022], [33.283, 10.069], [33.235, 10.117], [33.187, 10.164], [33.14, 10.211], [33.092, 10.258], [33.044, 10.305], [32.996, 10.352], [32.948, 10.399], [32.9, 10.446], [32.853, 10.446], [32.805, 10.493], [32.757, 10.493], [32.709, 10.493], [32.661, 10.54], [32.614, 10.587], [32.566, 10.587], [32.518, 10.587], [32.47, 10.587], [32.422, 10.587], [32.375, 10.587], [32.327, 10.634], [32.279, 10.681], [32.231, 10.728], [32.183, 10.775], [32.136, 10.775], [32.088, 10.775], [32.04, 10.775], [31.992, 10.775], [31.944, 10.775], [31.897, 10.775], [31.849, 10.775], [31.801, 10.775], [31.753, 10.822], [31.705, 10.822], [31.658, 10.822], [31.61, 10.822], [31.562, 10.822], [31.514, 10.869], [31.466, 10.869], [31.418, 10.869], [31.371, 10.869], [31.323, 10.869], [31.275, 10.869], [31.227, 10.869], [31.179, 10.869], [31.132, 10.869], [31.084, 10.869], [31.036, 10.869], [30.988, 10.869], [30.94, 10.916], [30.893, 10.916], [30.845, 10.916], [30.797, 10.916], [30.749, 10.916], [30.701, 10.916], [30.654, 10.916], [30.606, 10.916], [30.558, 10.916], [30.51, 10.916], [30.462, 10.916], [30.415, 10.916], [30.367, 10.869], [30.319, 10.822], [30.271, 10.822], [30.223, 10.822], [30.175, 10.775], [30.128, 10.728], [30.08, 10.728], [30.032, 10.681], [29.984, 10.681], [29.936, 10.681], [29.889, 10.681], [29.841, 10.634], [29.793, 10.587], [29.745, 10.587], [29.697, 10.587], [29.65, 10.54], [29.602, 10.54], [29.554, 10.54], [29.506, 10.54], [29.458, 10.54], [29.411, 10.54], [29.363, 10.54], [29.315, 10.54], [29.267, 10.54], [29.219, 10.54], [29.172, 10.493], [29.124, 10.446], [29.076, 10.446], [29.028, 10.399], [28.98, 10.352], [28.932, 10.305], [28.885, 10.305], [28.837, 10.305], [28.789, 10.305], [28.741, 10.305], [28.693, 10.305], [28.646, 10.305], [28.598, 10.258], [28.55, 10.211], [28.502, 10.211], [28.454, 10.211], [28.407, 10.211], [28.359, 10.211], [28.311, 10.211], [28.263, 10.211], [28.215, 10.211], [28.168, 10.164], [28.12, 10.164], [28.072, 10.164], [28.024, 10.164], [27.976, 10.164], [27.929, 10.164], [27.881, 10.164], [27.833, 10.164], [27.785, 10.164], [27.737, 10.164], [27.69, 10.164], [27.642, 10.164], [27.594, 10.164], [27.546, 10.117], [27.498, 10.069], [27.45, 10.069], [27.403, 10.069], [27.355, 10.069], [27.307, 10.069], [27.259, 10.069], [27.211, 10.069], [27.164, 10.069], [27.116, 10.069], [27.068, 10.022], [27.02, 9.975], [26.972, 9.975], [26.925, 9.975], [26.877, 9.975], [26.829, 9.975], [26.781, 9.975], [26.733, 9.975], [26.686, 9.975], [26.638, 9.975], [26.59, 9.975], [26.542, 9.975], [26.494, 9.975], [26.447, 9.975], [26.399, 9.975], [26.351, 9.975], [26.303, 9.975], [26.255, 9.975], [26.207, 9.975], [26.16, 9.975], [26.112, 9.975], [26.064, 9.975], [26.016, 9.975], [25.968, 9.975], [25.921, 9.975], [25.873, 9.975], [25.825, 9.975], [25.777, 9.928], [25.729, 9.928], [25.682, 9.928], [25.634, 9.928], [25.586, 9.928], [25.538, 9.928], [25.49, 9.928], [25.443, 9.928], [25.395, 9.928], [25.347, 9.928], [25.299, 9.928], [25.251, 9.928], [25.204, 9.928], [25.156, 9.881], [25.108, 9.834], [25.06, 9.834], [25.012, 9.834], [24.964, 9.787], [24.917, 9.787], [24.869, 9.74], [24.821, 9.693], [24.773, 9.646], [24.725, 9.598], [24.678, 9.598], [24.63, 9.551], [24.582, 9.504], [24.534, 9.457], [24.486, 9.41], [24.439, 9.363], [24.391, 9.315], [24.343, 9.315], [24.295, 9.315], [24.247, 9.315], [24.2, 9.315], [24.152, 9.315], [24.104, 9.315], [24.056, 9.315], [24.008, 9.315], [23.961, 9.315], [23.913, 9.315], [23.865, 9.315], [23.817, 9.268], [23.769, 9.221], [23.722, 9.221], [23.674, 9.221], [23.626, 9.221], [23.578, 9.174], [23.53, 9.127], [23.482, 9.08], [23.435, 9.08], [23.387, 9.032], [23.339, 8.985], [23.291, 8.938], [23.243, 8.891], [23.196, 8.843], [23.148, 8.796], [23.1, 8.749], [23.052, 8.702], [23.004, 8.654], [22.957, 8.607], [22.909, 8.56], [22.861, 8.513], [22.813, 8.465], [22.765, 8.418], [22.718, 8.371], [22.67, 8.323], [22.622, 8.276], [22.574, 8.229], [22.526, 8.181], [22.479, 8.134], [22.431, 8.087], [22.383, 8.039], [22.335, 7.992], [22.287, 7.945], [22.239, 7.897], [22.192, 7.85], [22.144, 7.803], [22.096, 7.755], [22.048, 7.708], [22.0, 7.661], [22.0, 7.613], [21.953, 7.566], [21.905, 7.518], [21.905, 7.471], [21.905, 7.424], [21.905, 7.376], [21.905, 7.329], [21.905, 7.281], [21.905, 7.234], [21.905, 7.187], [21.905, 7.139], [21.905, 7.092], [21.905, 7.044], [21.905, 6.997], [21.905, 6.949], [21.905, 6.902], [21.905, 6.902]]}, "properties": {"route_id": "RT_068", "nom": "Gîtes-Ts'idar ↔ Q'eša-Kɨ́bò", "origine": "LUR_GITES-TSIDAR_SE", "destination": "LUR_KUKIBO_QESHA_SC", "modes_declares": "[\"terrestre_caravane\"]", "longueur_km": 1722, "km_par_milieu": "{\"terre\": 1722}", "km_hors_modes_declares": "{}", "ruptures_de_charge": 0, "duree_jours": 63.0, "altitude_max_m": 1912, "denivele_positif_m": 6043, "cols_franchis": "[\"T'amr-khɨna (017, 2450 m)\"]", "mois_ouverts": "mai → oct", "milieux_km": "{\"herbage_arbore\": 1346, \"foret_montagne\": 222, \"steppe_piemont\": 96, \"foret_tropicale_humide\": 40}", "facies_km": "{\"hors |'Arin\": 1722}", "trouees": "[\"TRO_02\", \"TRO_03\", \"TRO_04\"]", "via": "[]", "vol_oiseau_km": 1386, "statut": "tracé"}}, {"type": "Feature", "geometry": {"type": "LineString", "coordinates": [[23.196, 6.854], [23.243, 6.902], [23.291, 6.949], [23.339, 6.997], [23.291, 7.044], [23.243, 7.092], [23.196, 7.139], [23.148, 7.187], [23.1, 7.234], [23.052, 7.281], [23.004, 7.281], [22.957, 7.281], [22.909, 7.281], [22.861, 7.281], [22.813, 7.329], [22.765, 7.376], [22.718, 7.376], [22.67, 7.376], [22.622, 7.376], [22.574, 7.329], [22.526, 7.281], [22.479, 7.281], [22.431, 7.281], [22.383, 7.281], [22.335, 7.281], [22.287, 7.281], [22.239, 7.234], [22.192, 7.187], [22.144, 7.139], [22.096, 7.092], [22.048, 7.044], [22.0, 6.997], [21.953, 6.949], [21.905, 6.902], [21.905, 6.902]]}, "properties": {"route_id": "RT_069", "nom": "Ku-Pɨla-Mù-Sùkú ↔ Q'eša-Kɨ́bò", "origine": "LUR_KUPILA-MUSUKU_SC", "destination": "LUR_KUKIBO_QESHA_SC", "modes_declares": "[\"lacustre\", \"terrestre_portage\"]", "longueur_km": 220, "km_par_milieu": "{\"lac\": 126, \"terre\": 90}", "km_hors_modes_declares": "{}", "ruptures_de_charge": 1, "duree_jours": 6.6, "altitude_max_m": 1178, "denivele_positif_m": 238, "cols_franchis": "[]", "mois_ouverts": null, "milieux_km": "{\"herbage_arbore\": 93}", "facies_km": "{\"hors |'Arin\": 93}", "trouees": "[]", "via": "[]", "vol_oiseau_km": 143, "statut": "tracé"}}, {"type": "Feature", "geometry": {"type": "LineString", "coordinates": [[6.272, 8.843], [6.32, 8.796], [6.367, 8.749], [6.415, 8.702], [6.463, 8.702], [6.511, 8.702], [6.559, 8.702], [6.607, 8.702], [6.654, 8.702], [6.702, 8.702], [6.75, 8.702], [6.798, 8.702], [6.846, 8.702], [6.893, 8.654], [6.941, 8.654], [6.989, 8.654], [7.037, 8.654], [7.085, 8.607], [7.132, 8.607], [7.18, 8.607], [7.228, 8.607], [7.276, 8.607], [7.324, 8.607], [7.371, 8.607], [7.419, 8.607], [7.467, 8.607], [7.515, 8.607], [7.563, 8.607], [7.61, 8.607], [7.658, 8.607], [7.706, 8.607], [7.754, 8.607], [7.802, 8.607], [7.85, 8.607], [7.897, 8.607], [7.945, 8.607], [7.993, 8.607], [8.041, 8.607], [8.089, 8.607], [8.136, 8.607], [8.184, 8.607], [8.232, 8.607], [8.28, 8.607], [8.328, 8.607], [8.375, 8.607], [8.423, 8.607], [8.471, 8.607], [8.519, 8.607], [8.567, 8.607], [8.614, 8.607], [8.662, 8.607], [8.71, 8.607], [8.758, 8.607], [8.806, 8.607], [8.853, 8.607], [8.901, 8.654], [8.949, 8.654], [8.997, 8.654], [9.045, 8.654], [9.092, 8.654], [9.14, 8.654], [9.188, 8.654], [9.236, 8.654], [9.284, 8.654], [9.332, 8.654], [9.379, 8.654], [9.427, 8.654], [9.475, 8.654], [9.523, 8.654], [9.571, 8.654], [9.618, 8.654], [9.666, 8.654], [9.714, 8.654], [9.762, 8.654], [9.81, 8.654], [9.857, 8.654], [9.905, 8.607], [9.953, 8.607], [10.001, 8.607], [10.049, 8.607], [10.096, 8.607], [10.144, 8.607], [10.192, 8.607], [10.24, 8.607], [10.288, 8.607], [10.335, 8.607], [10.383, 8.607], [10.431, 8.607], [10.479, 8.607], [10.527, 8.607], [10.575, 8.607], [10.622, 8.607], [10.67, 8.607], [10.718, 8.607], [10.766, 8.607], [10.814, 8.607], [10.861, 8.607], [10.909, 8.607], [10.957, 8.607], [11.005, 8.607], [11.053, 8.607], [11.1, 8.56], [11.148, 8.56], [11.196, 8.56], [11.244, 8.56], [11.292, 8.56], [11.339, 8.513], [11.387, 8.513], [11.435, 8.513], [11.483, 8.513], [11.531, 8.513], [11.578, 8.513], [11.626, 8.513], [11.674, 8.513], [11.722, 8.513], [11.77, 8.513], [11.818, 8.513], [11.865, 8.513], [11.913, 8.513], [11.961, 8.513], [12.009, 8.513], [12.057, 8.513], [12.104, 8.513], [12.152, 8.513], [12.2, 8.513], [12.248, 8.513], [12.296, 8.513], [12.343, 8.513], [12.391, 8.513], [12.439, 8.513], [12.487, 8.513], [12.535, 8.513], [12.582, 8.513], [12.63, 8.513], [12.678, 8.513], [12.726, 8.465], [12.774, 8.465], [12.821, 8.465], [12.869, 8.465], [12.917, 8.465], [12.965, 8.465], [13.013, 8.465], [13.06, 8.465], [13.108, 8.465], [13.156, 8.465], [13.204, 8.465], [13.252, 8.465], [13.3, 8.465], [13.347, 8.465], [13.395, 8.465], [13.443, 8.465], [13.491, 8.465], [13.539, 8.465], [13.586, 8.465], [13.634, 8.465], [13.682, 8.465], [13.73, 8.465], [13.778, 8.465], [13.825, 8.465], [13.873, 8.465], [13.921, 8.465], [13.969, 8.465], [14.017, 8.465], [14.064, 8.465], [14.112, 8.465], [14.16, 8.465], [14.208, 8.465], [14.256, 8.465], [14.303, 8.465], [14.351, 8.465], [14.399, 8.465], [14.447, 8.465], [14.495, 8.465], [14.543, 8.465], [14.59, 8.465], [14.638, 8.465], [14.686, 8.465], [14.734, 8.465], [14.782, 8.465], [14.829, 8.465], [14.877, 8.465], [14.925, 8.465], [14.973, 8.465], [15.021, 8.465], [15.068, 8.465], [15.116, 8.465], [15.164, 8.465], [15.212, 8.465], [15.26, 8.465], [15.307, 8.465], [15.355, 8.465], [15.403, 8.465], [15.451, 8.465], [15.499, 8.418], [15.546, 8.418], [15.594, 8.418], [15.642, 8.418], [15.69, 8.418], [15.738, 8.418], [15.786, 8.418], [15.833, 8.418], [15.881, 8.418], [15.929, 8.371], [15.977, 8.371], [16.025, 8.371], [16.072, 8.371], [16.12, 8.371], [16.168, 8.371], [16.216, 8.371], [16.264, 8.371], [16.311, 8.371], [16.359, 8.371], [16.407, 8.371], [16.455, 8.371], [16.503, 8.371], [16.55, 8.371], [16.598, 8.371], [16.646, 8.371], [16.694, 8.371], [16.742, 8.371], [16.789, 8.371], [16.837, 8.371], [16.885, 8.371], [16.933, 8.323], [16.981, 8.323], [17.028, 8.323], [17.076, 8.323], [17.124, 8.323], [17.172, 8.323], [17.22, 8.323], [17.268, 8.323], [17.315, 8.323], [17.363, 8.323], [17.411, 8.323], [17.459, 8.323], [17.507, 8.323], [17.554, 8.323], [17.602, 8.323], [17.65, 8.323], [17.698, 8.323], [17.746, 8.323], [17.793, 8.276], [17.841, 8.276], [17.889, 8.276], [17.937, 8.229], [17.985, 8.229], [18.032, 8.229], [18.08, 8.229], [18.128, 8.229], [18.176, 8.229], [18.224, 8.229], [18.271, 8.229], [18.319, 8.229], [18.367, 8.229], [18.415, 8.181], [18.463, 8.134], [18.511, 8.087], [18.558, 8.087], [18.606, 8.087], [18.654, 8.087], [18.702, 8.087], [18.75, 8.087], [18.797, 8.087], [18.845, 8.039], [18.893, 8.039], [18.941, 8.039], [18.989, 8.039], [19.036, 8.039], [19.084, 8.039], [19.132, 8.039], [19.18, 8.039], [19.228, 8.039], [19.275, 8.039], [19.323, 8.039], [19.371, 7.992], [19.419, 7.992], [19.467, 7.992], [19.514, 7.992], [19.562, 7.992], [19.61, 7.945], [19.658, 7.945], [19.706, 7.945], [19.754, 7.897], [19.801, 7.897], [19.849, 7.897], [19.897, 7.85], [19.945, 7.85], [19.993, 7.85], [20.04, 7.85], [20.088, 7.85], [20.136, 7.85], [20.184, 7.85], [20.232, 7.85], [20.279, 7.85], [20.327, 7.85], [20.375, 7.803], [20.423, 7.803], [20.471, 7.803], [20.518, 7.755], [20.566, 7.755], [20.614, 7.708], [20.662, 7.661], [20.71, 7.613], [20.757, 7.566], [20.805, 7.518], [20.853, 7.518], [20.901, 7.471], [20.949, 7.471], [20.996, 7.471], [21.044, 7.471], [21.092, 7.471], [21.14, 7.424], [21.188, 7.424], [21.236, 7.376], [21.283, 7.329], [21.331, 7.281], [21.379, 7.281], [21.427, 7.281], [21.475, 7.234], [21.522, 7.234], [21.57, 7.187], [21.618, 7.139], [21.666, 7.092], [21.714, 7.044], [21.761, 6.997], [21.809, 6.997], [21.857, 6.949], [21.905, 6.902], [21.905, 6.902]]}, "properties": {"route_id": "RT_070", "nom": "Lisières Ba-lóngó ↔ Q'eša-Kɨ́bò", "origine": "AUX_LISIERES_BALONGO", "destination": "LUR_KUKIBO_QESHA_SC", "modes_declares": "[\"terrestre_caravane\"]", "longueur_km": 1815, "km_par_milieu": "{\"terre\": 1815}", "km_hors_modes_declares": "{}", "ruptures_de_charge": 0, "duree_jours": 62.0, "altitude_max_m": 1178, "denivele_positif_m": 3665, "cols_franchis": "[]", "mois_ouverts": null, "milieux_km": "{\"herbage_arbore\": 1012, \"steppe_piemont\": 780}", "facies_km": "{\"hors |'Arin\": 1815}", "trouees": "[]", "via": "[]", "vol_oiseau_km": 1735, "statut": "tracé"}}, {"type": "Feature", "geometry": {"type": "LineString", "coordinates": [[30.701, 27.629], [30.654, 27.629], [30.606, 27.629], [30.558, 27.629], [30.51, 27.587], [30.462, 27.587], [30.415, 27.629], [30.367, 27.671], [30.319, 27.714], [30.271, 27.714], [30.223, 27.714], [30.175, 27.714], [30.128, 27.714], [30.08, 27.714], [30.032, 27.671], [29.984, 27.671], [29.936, 27.671], [29.889, 27.671], [29.841, 27.671], [29.793, 27.671], [29.745, 27.629], [29.697, 27.629], [29.65, 27.629], [29.602, 27.587], [29.554, 27.544], [29.506, 27.587], [29.458, 27.587], [29.411, 27.587], [29.363, 27.587], [29.315, 27.587], [29.267, 27.587], [29.219, 27.544], [29.172, 27.587], [29.124, 27.587], [29.076, 27.629], [29.028, 27.629], [28.98, 27.629], [28.932, 27.587], [28.885, 27.629], [28.837, 27.587], [28.789, 27.587], [28.741, 27.587], [28.693, 27.587], [28.646, 27.587], [28.598, 27.587], [28.55, 27.629], [28.502, 27.629], [28.454, 27.629], [28.407, 27.629], [28.359, 27.671], [28.359, 27.671]]}, "properties": {"route_id": "RT_071", "nom": "Šālim ↔ Abnīqa", "origine": "ZRS_SHALIM_NE", "destination": "LUR_ABNIQA_NE", "modes_declares": "[\"fluvial\"]", "longueur_km": 264, "km_par_milieu": "{\"fleuve (aval)\": 221, \"fleuve (amont)\": 30, \"terre\": 13}", "km_hors_modes_declares": "{\"terre\": 13}", "ruptures_de_charge": 0, "duree_jours": 5.5, "altitude_max_m": 30, "denivele_positif_m": 64, "cols_franchis": "[]", "mois_ouverts": null, "milieux_km": "{\"plaine_alluviale\": 264}", "facies_km": "{\"Hiver Jaune\": 202, \"Hiver de Vapeur\": 62}", "trouees": "[]", "via": "[]", "vol_oiseau_km": 233, "statut": "tracé"}}, {"type": "Feature", "geometry": {"type": "LineString", "coordinates": [[24.104, 6.949], [24.295, 7.139], [24.486, 7.329], [24.678, 7.518], [24.869, 7.566], [25.06, 7.566], [25.251, 7.566], [25.443, 7.566], [25.634, 7.566], [25.825, 7.566], [26.016, 7.566], [26.207, 7.566], [26.399, 7.566], [26.59, 7.566], [26.781, 7.566], [26.972, 7.566], [27.164, 7.471], [27.355, 7.471], [27.546, 7.376], [27.737, 7.376], [27.929, 7.518], [28.024, 7.708], [28.024, 7.897], [28.072, 8.087], [28.215, 8.276], [28.407, 8.323], [28.598, 8.323], [28.789, 8.323], [28.98, 8.465], [29.172, 8.56], [29.363, 8.702], [29.506, 8.843], [29.697, 9.032], [29.889, 9.174], [30.08, 9.268], [30.271, 9.315], [30.462, 9.41], [30.558, 9.551], [30.749, 9.551], [30.94, 9.41], [31.132, 9.457], [31.323, 9.551], [31.514, 9.41], [31.705, 9.457], [31.897, 9.315], [32.088, 9.315], [32.279, 9.457], [32.327, 9.646], [32.422, 9.834], [32.566, 10.022], [32.709, 10.211], [32.9, 10.399], [33.044, 10.587], [33.092, 10.775], [33.092, 10.963], [32.9, 11.056], [32.853, 11.244], [32.9, 11.432], [32.9, 11.619], [32.757, 11.806], [32.757, 11.993], [32.757, 12.18], [32.757, 12.367], [32.805, 12.554], [32.805, 12.74], [32.805, 12.927], [32.757, 13.113], [32.661, 13.299], [32.614, 13.485], [32.518, 13.671], [32.375, 13.857], [32.327, 14.043], [32.231, 14.228], [32.183, 14.413], [32.183, 14.598], [32.231, 14.783], [32.422, 14.968], [32.422, 15.153], [32.47, 15.337], [32.47, 15.522], [32.518, 15.706], [32.566, 15.89], [32.518, 16.074], [32.614, 16.257], [32.805, 16.441], [32.996, 16.533], [33.187, 16.578], [33.379, 16.67], [33.57, 16.762], [33.713, 16.945], [33.713, 17.127], [33.761, 17.31], [33.904, 17.493], [34.0, 17.675], [34.0, 17.857], [33.952, 18.039], [33.904, 18.221], [33.809, 18.402], [33.761, 18.584], [33.57, 18.765], [33.57, 18.946], [33.57, 19.126], [33.426, 19.307], [33.283, 19.487], [33.092, 19.532], [32.9, 19.442], [32.709, 19.262], [32.566, 19.172], [32.375, 18.991], [32.231, 18.9], [32.04, 18.81], [32.04, 18.629], [31.849, 18.493], [31.705, 18.311], [31.562, 18.13], [31.371, 18.039], [31.179, 17.993], [30.988, 18.039], [30.797, 18.175], [30.701, 18.357], [30.654, 18.538], [30.558, 18.719], [30.462, 18.9], [30.51, 19.081], [30.462, 19.262], [30.462, 19.442], [30.367, 19.623], [30.367, 19.803], [30.462, 19.937], [30.558, 20.072], [30.558, 20.252], [30.415, 20.341], [30.319, 20.521], [30.367, 20.7], [30.462, 20.834], [30.558, 20.968], [30.701, 21.146], [30.845, 21.28], [30.988, 21.458], [31.132, 21.636], [31.227, 21.813], [31.371, 21.991], [31.466, 22.168], [31.658, 22.345], [31.849, 22.478], [31.992, 22.654], [32.183, 22.742], [32.375, 22.654], [32.566, 22.787], [32.661, 22.963], [32.757, 23.139], [32.948, 23.314], [32.9, 23.49], [32.9, 23.665], [32.9, 23.84], [32.9, 24.015], [32.9, 24.19], [32.9, 24.364], [32.9, 24.538], [32.948, 24.712], [32.9, 24.885], [32.853, 25.059], [32.661, 25.232], [32.566, 25.362], [32.518, 25.534], [32.614, 25.707], [32.757, 25.879], [32.757, 26.051], [32.614, 26.137], [32.422, 26.094], [32.231, 26.094], [32.04, 26.265], [31.849, 26.394], [31.753, 26.565], [31.61, 26.736], [31.514, 26.907], [31.323, 27.077], [31.132, 27.247], [30.94, 27.375], [30.893, 27.544], [30.893, 27.714], [30.845, 27.883], [30.845, 28.052], [30.749, 28.22], [30.749, 28.389], [30.845, 28.557], [30.845, 28.725], [30.94, 28.892], [31.084, 29.059], [31.227, 29.227], [31.227, 29.393], [31.275, 29.56], [31.275, 29.726], [31.275, 29.892], [31.227, 30.058], [31.084, 30.223], [30.94, 30.347], [30.845, 30.512], [30.797, 30.676], [30.797, 30.841], [30.701, 31.005], [30.558, 31.168], [30.462, 31.332], [30.271, 31.413], [30.08, 31.413], [29.889, 31.413], [29.697, 31.413], [29.506, 31.373], [29.315, 31.25], [29.124, 31.168], [28.932, 31.25], [28.741, 31.332], [28.55, 31.373], [28.359, 31.373], [28.168, 31.413], [27.976, 31.495], [27.785, 31.495], [27.594, 31.577], [27.403, 31.658], [27.211, 31.739], [27.02, 31.78], [26.829, 31.78], [26.638, 31.821], [26.447, 31.861], [26.255, 31.902], [26.064, 31.902], [25.873, 31.902], [25.682, 31.902], [25.49, 31.902], [25.299, 32.064], [25.108, 32.226], [24.917, 32.307], [24.725, 32.307], [24.534, 32.307], [24.343, 32.307], [24.152, 32.388], [23.961, 32.468], [23.769, 32.468], [23.578, 32.509], [23.387, 32.67], [23.196, 32.831], [23.004, 32.911], [22.813, 32.911], [22.622, 32.911], [22.431, 32.911], [22.239, 32.911], [22.048, 32.911], [21.857, 32.911], [21.666, 32.911], [21.475, 32.911], [21.283, 32.911], [21.092, 32.911], [20.901, 32.911], [20.71, 32.911], [20.518, 32.911], [20.327, 33.071], [20.136, 33.231], [19.945, 33.391], [19.754, 33.551], [19.562, 33.71], [19.371, 33.869], [19.18, 34.027], [18.989, 34.186], [18.797, 34.344], [18.606, 34.502], [18.415, 34.659], [18.224, 34.816], [18.032, 34.973], [17.841, 35.13], [17.65, 35.286], [17.459, 35.442], [17.268, 35.597], [17.076, 35.753], [16.885, 35.908], [16.694, 36.063], [16.503, 36.217], [16.311, 36.371], [16.12, 36.525], [15.929, 36.678], [15.738, 36.717], [15.546, 36.717], [15.355, 36.717], [15.164, 36.717], [14.973, 36.717], [14.782, 36.717], [14.59, 36.717], [14.399, 36.717], [14.208, 36.717], [14.017, 36.717], [13.825, 36.717], [13.634, 36.717], [13.443, 36.717], [13.252, 36.717], [13.06, 36.717], [12.869, 36.717], [12.678, 36.717], [12.487, 36.717], [12.296, 36.717], [12.104, 36.717], [11.913, 36.717], [11.722, 36.717], [11.531, 36.832], [11.339, 36.985], [11.148, 37.137], [10.957, 37.289], [10.766, 37.327], [10.575, 37.365], [10.383, 37.365], [10.192, 37.365], [10.001, 37.365], [9.81, 37.365], [9.618, 37.365], [9.427, 37.365], [9.236, 37.365], [9.045, 37.365], [8.853, 37.365], [8.662, 37.365], [8.471, 37.251], [8.28, 37.251], [8.089, 37.213], [7.897, 37.175], [7.706, 37.175], [7.515, 37.175], [7.324, 37.175], [7.132, 37.175], [6.941, 37.175], [6.75, 37.175], [6.559, 37.175], [6.367, 37.175], [6.176, 37.175], [5.985, 37.175], [5.794, 37.137], [5.603, 37.099], [5.411, 37.023], [5.22, 36.985], [5.029, 36.985], [4.838, 36.985], [4.646, 36.985], [4.455, 36.985], [4.264, 36.985], [4.073, 36.985], [3.882, 36.985], [3.69, 36.985], [3.499, 36.985], [3.308, 36.985], [3.117, 36.985], [2.925, 36.985], [2.734, 36.985], [2.543, 36.946], [2.352, 36.908], [2.16, 36.908], [1.969, 36.87], [1.778, 36.87], [1.587, 36.832], [1.396, 36.832], [1.204, 36.832], [1.013, 36.793], [0.822, 36.717], [0.631, 36.64], [0.439, 36.563], [0.248, 36.486], [0.057, 36.41], [-0.134, 36.256], [-0.326, 36.14], [-0.517, 36.14], [-0.708, 36.101], [-0.899, 36.024], [-1.09, 35.946], [-1.282, 35.869], [-1.473, 35.714], [-1.664, 35.559], [-1.855, 35.481], [-2.047, 35.403], [-2.238, 35.403], [-2.429, 35.403], [-2.62, 35.442], [-2.812, 35.442], [-3.003, 35.442], [-3.194, 35.442], [-3.385, 35.442], [-3.576, 35.442], [-3.768, 35.442], [-3.959, 35.442], [-4.15, 35.442], [-4.341, 35.442], [-4.533, 35.481], [-4.724, 35.636], [-4.915, 35.792], [-5.106, 35.83], [-5.297, 35.83], [-5.489, 35.83], [-5.68, 35.83], [-5.871, 35.675], [-6.062, 35.52], [-6.254, 35.364], [-6.445, 35.208], [-6.588, 35.051], [-6.636, 34.895], [-6.732, 34.738], [-6.827, 34.58], [-6.923, 34.423], [-7.019, 34.265], [-7.114, 34.107], [-7.305, 33.988], [-7.497, 33.909], [-7.688, 33.75], [-7.879, 33.59], [-8.07, 33.431], [-8.262, 33.271], [-8.453, 33.111], [-8.644, 32.951], [-8.835, 32.79], [-9.026, 32.629], [-9.218, 32.468], [-9.409, 32.307], [-9.6, 32.145], [-9.744, 31.983], [-9.887, 31.821], [-9.983, 31.658], [-9.983, 31.495], [-9.983, 31.332], [-9.983, 31.168], [-9.983, 31.005], [-9.983, 30.841], [-9.983, 30.676], [-9.983, 30.512], [-9.983, 30.347], [-9.983, 30.182], [-9.983, 30.016], [-10.03, 29.85], [-10.03, 29.684], [-10.03, 29.518], [-10.03, 29.352], [-10.03, 29.31]]}, "properties": {"route_id": "RT_072", "nom": "Sa-nùbè yì Mù-Sùkú ↔ Talom-ak", "origine": "AUX_SANUBE-MUSUKU", "destination": "LUR_STALOMAR-KOT_NO", "modes_declares": "[\"fluvial\", \"maritime_cabotage\"]", "longueur_km": 9368, "km_par_milieu": "{\"océan\": 4580, \"lac\": 387, \"fleuve (aval)\": 4079, \"fleuve (amont)\": 122, \"terre\": 184}", "km_hors_modes_declares": "{\"terre\": 167}", "ruptures_de_charge": 5, "duree_jours": 156.0, "altitude_max_m": 1529, "denivele_positif_m": 1315, "cols_franchis": "[]", "mois_ouverts": null, "milieux_km": "{\"plaine_alluviale\": 2834, \"foret_tropicale_humide\": 789, \"steppe_piemont\": 278, \"desert_pierreux\": 270, \"foret_berge\": 89, \"foret_montagne\": 67, \"herbage_arbore\": 35, \"desert_sableux\": 20}", "facies_km": "{\"hors |'Arin\": 3605, \"Hiver Jaune\": 523, \"hiver pluvieux tempéré\": 192, \"Hiver Gris\": 66}", "trouees": "[\"TRO_03\"]", "via": "[]", "vol_oiseau_km": 4347, "statut": "tracé"}}, {"type": "Feature", "geometry": {"type": "LineString", "coordinates": [[37.872, 10.634], [37.872, 10.681], [37.825, 10.728], [37.825, 10.775], [37.825, 10.822], [37.825, 10.869], [37.825, 10.916], [37.825, 10.963], [37.825, 11.009], [37.825, 11.056], [37.825, 11.103], [37.825, 11.15], [37.825, 11.197], [37.825, 11.244], [37.777, 11.291], [37.729, 11.338], [37.681, 11.385], [37.633, 11.432], [37.586, 11.478], [37.538, 11.525], [37.49, 11.572], [37.442, 11.619], [37.394, 11.666], [37.394, 11.713], [37.394, 11.759], [37.394, 11.806], [37.394, 11.853], [37.347, 11.9], [37.347, 11.946], [37.299, 11.993], [37.251, 12.04], [37.203, 12.087], [37.155, 12.134], [37.108, 12.18], [37.06, 12.227], [37.012, 12.274], [37.012, 12.32], [36.964, 12.367], [36.916, 12.414], [36.916, 12.46], [36.868, 12.507], [36.821, 12.554], [36.773, 12.6], [36.725, 12.647], [36.677, 12.694], [36.629, 12.74], [36.629, 12.787], [36.582, 12.834], [36.534, 12.88], [36.534, 12.927], [36.534, 12.973], [36.486, 13.02], [36.438, 13.067], [36.39, 13.113], [36.39, 13.16], [36.343, 13.206], [36.343, 13.253], [36.343, 13.299], [36.343, 13.346], [36.343, 13.392], [36.343, 13.439], [36.343, 13.485], [36.343, 13.532], [36.343, 13.578], [36.295, 13.625], [36.295, 13.671], [36.247, 13.718], [36.199, 13.764], [36.151, 13.811], [36.151, 13.857], [36.104, 13.903], [36.056, 13.95], [36.056, 13.996], [36.008, 14.043], [35.96, 14.089], [35.96, 14.135], [35.912, 14.182], [35.912, 14.228], [35.912, 14.274], [35.865, 14.321], [35.817, 14.367], [35.817, 14.413], [35.817, 14.46], [35.817, 14.506], [35.817, 14.552], [35.817, 14.598], [35.817, 14.645], [35.817, 14.691], [35.817, 14.737], [35.817, 14.783], [35.817, 14.83], [35.817, 14.876], [35.817, 14.922], [35.817, 14.968], [35.817, 15.014], [35.817, 15.061], [35.817, 15.107], [35.817, 15.153], [35.817, 15.199], [35.817, 15.245], [35.817, 15.291], [35.769, 15.337], [35.769, 15.384], [35.769, 15.43], [35.721, 15.476], [35.673, 15.522], [35.673, 15.568], [35.626, 15.614], [35.626, 15.66], [35.626, 15.706], [35.626, 15.752], [35.626, 15.798], [35.578, 15.844], [35.578, 15.89], [35.578, 15.936], [35.578, 15.982], [35.578, 16.028], [35.578, 16.074], [35.578, 16.12], [35.578, 16.166], [35.578, 16.212], [35.578, 16.257], [35.578, 16.303], [35.578, 16.349], [35.578, 16.395], [35.578, 16.441], [35.578, 16.487], [35.578, 16.533], [35.578, 16.578], [35.578, 16.624], [35.578, 16.67], [35.578, 16.716], [35.578, 16.762], [35.578, 16.807], [35.578, 16.853], [35.53, 16.899], [35.53, 16.945], [35.53, 16.99], [35.53, 17.036], [35.53, 17.082], [35.482, 17.127], [35.434, 17.173], [35.434, 17.219], [35.434, 17.264], [35.386, 17.31], [35.386, 17.356], [35.386, 17.401], [35.386, 17.447], [35.386, 17.493], [35.386, 17.538], [35.386, 17.584], [35.386, 17.629], [35.339, 17.675], [35.291, 17.72], [35.291, 17.766], [35.291, 17.812], [35.291, 17.857], [35.243, 17.903], [35.243, 17.948], [35.243, 17.993], [35.195, 18.039], [35.195, 18.084], [35.147, 18.13], [35.1, 18.175], [35.052, 18.221], [35.004, 18.266], [34.956, 18.311], [34.956, 18.357], [34.956, 18.402], [34.956, 18.448], [34.956, 18.493], [34.908, 18.538], [34.861, 18.584], [34.861, 18.629], [34.813, 18.674], [34.765, 18.719], [34.717, 18.765], [34.717, 18.81], [34.717, 18.855], [34.717, 18.9], [34.669, 18.946], [34.622, 18.991], [34.574, 19.036], [34.526, 19.081], [34.478, 19.126], [34.43, 19.172], [34.383, 19.217], [34.335, 19.262], [34.287, 19.307], [34.239, 19.352], [34.191, 19.397], [34.143, 19.442], [34.143, 19.487], [34.096, 19.532], [34.048, 19.578], [34.0, 19.623], [33.952, 19.668], [33.904, 19.713], [33.904, 19.758], [33.904, 19.803], [33.904, 19.848], [33.857, 19.893], [33.809, 19.937], [33.761, 19.982], [33.713, 20.027], [33.713, 20.072], [33.665, 20.117], [33.618, 20.162], [33.57, 20.207], [33.522, 20.252], [33.474, 20.297], [33.426, 20.341], [33.379, 20.386], [33.331, 20.431], [33.331, 20.476], [33.331, 20.521], [33.331, 20.565], [33.331, 20.61], [33.331, 20.655], [33.283, 20.7], [33.283, 20.744], [33.283, 20.789], [33.283, 20.834], [33.283, 20.878], [33.283, 20.923], [33.283, 20.968], [33.283, 21.012], [33.283, 21.057], [33.283, 21.102], [33.283, 21.146], [33.283, 21.191], [33.283, 21.235], [33.283, 21.28], [33.283, 21.324], [33.283, 21.369], [33.283, 21.413], [33.283, 21.458], [33.283, 21.502], [33.235, 21.547], [33.235, 21.591], [33.235, 21.636], [33.187, 21.68], [33.14, 21.725], [33.092, 21.769], [33.092, 21.813], [33.092, 21.858], [33.092, 21.902], [33.044, 21.947], [33.044, 21.991], [33.044, 22.035], [33.044, 22.08], [33.044, 22.124], [33.044, 22.168], [33.044, 22.212], [33.044, 22.257], [32.996, 22.301], [32.996, 22.345], [32.996, 22.389], [32.996, 22.433], [32.948, 22.478], [32.9, 22.522], [32.853, 22.566], [32.853, 22.61], [32.853, 22.654], [32.805, 22.698], [32.757, 22.742], [32.709, 22.787], [32.661, 22.831], [32.661, 22.875], [32.661, 22.919], [32.614, 22.963], [32.614, 23.007], [32.614, 23.051], [32.614, 23.095], [32.614, 23.139], [32.614, 23.183], [32.566, 23.227], [32.518, 23.271], [32.518, 23.314], [32.47, 23.358], [32.422, 23.402], [32.375, 23.446], [32.327, 23.49], [32.279, 23.534], [32.231, 23.578], [32.183, 23.621], [32.136, 23.665], [32.088, 23.709], [32.04, 23.753], [31.992, 23.796], [31.992, 23.84], [31.944, 23.884], [31.897, 23.928], [31.849, 23.971], [31.801, 24.015], [31.753, 24.059], [31.705, 24.102], [31.658, 24.146], [31.658, 24.19], [31.658, 24.233], [31.658, 24.277], [31.61, 24.32], [31.562, 24.364], [31.514, 24.407], [31.466, 24.451], [31.418, 24.494], [31.371, 24.538], [31.323, 24.581], [31.275, 24.625], [31.227, 24.668], [31.179, 24.712], [31.132, 24.755], [31.084, 24.799], [31.036, 24.842], [30.988, 24.885], [30.94, 24.929], [30.893, 24.972], [30.845, 25.015], [30.797, 25.059], [30.749, 25.102], [30.701, 25.145], [30.654, 25.189], [30.606, 25.232], [30.558, 25.275], [30.558, 25.318], [30.51, 25.362], [30.462, 25.405], [30.415, 25.448], [30.367, 25.491], [30.319, 25.534], [30.319, 25.577], [30.271, 25.62], [30.223, 25.664], [30.223, 25.707], [30.223, 25.75], [30.223, 25.793], [30.175, 25.836], [30.175, 25.879], [30.128, 25.922], [30.08, 25.965], [30.08, 26.008], [30.032, 26.051], [29.984, 26.094], [29.936, 26.137], [29.889, 26.18], [29.841, 26.222], [29.793, 26.265], [29.745, 26.308], [29.697, 26.351], [29.65, 26.394], [29.602, 26.437], [29.554, 26.479], [29.506, 26.522], [29.458, 26.565], [29.411, 26.608], [29.363, 26.65], [29.315, 26.693], [29.267, 26.736], [29.219, 26.779], [29.172, 26.821], [29.172, 26.864], [29.124, 26.907], [29.076, 26.949], [29.028, 26.992], [28.98, 27.034], [28.932, 27.077], [28.885, 27.12], [28.837, 27.162], [28.789, 27.205], [28.741, 27.247], [28.693, 27.29], [28.646, 27.332], [28.646, 27.375], [28.598, 27.417], [28.598, 27.459], [28.55, 27.502], [28.502, 27.544], [28.454, 27.587], [28.407, 27.629], [28.359, 27.671], [28.359, 27.671]]}, "properties": {"route_id": "RT_073", "nom": "|'Urum-‖Sek ↔ Ḥamūqaš", "origine": "LUR_UKH-SEK_CENTRE", "destination": "AUX_HAMUQAS", "modes_declares": "[\"col_haute_altitude\", \"terrestre_caravane\"]", "longueur_km": 2297, "km_par_milieu": "{\"terre\": 2297}", "km_hors_modes_declares": "{}", "ruptures_de_charge": 0, "duree_jours": 78.0, "altitude_max_m": 3216, "denivele_positif_m": 1736, "cols_franchis": "[]", "mois_ouverts": null, "milieux_km": "{\"desert_pierreux\": 1493, \"steppe_piemont\": 335, \"plaine_alluviale\": 283, \"herbage_arbore\": 118, \"prairie_altitude\": 28, \"depression_saline\": 25}", "facies_km": "{\"hors |'Arin\": 1662, \"Hiver Jaune\": 473, \"Hiver de Vapeur\": 89, \"Hiver Gris\": 72}", "trouees": "[]", "via": "[]", "vol_oiseau_km": 2129, "statut": "tracé"}}, {"type": "Feature", "geometry": {"type": "LineString", "coordinates": [[38.781, 13.299], [38.924, 13.439], [39.02, 13.578], [39.163, 13.718], [39.259, 13.857], [39.307, 13.996], [39.307, 14.135], [39.354, 14.274], [39.45, 14.413], [39.498, 14.552], [39.594, 14.691], [39.737, 14.83], [39.737, 14.968], [39.785, 15.107], [39.785, 15.245], [39.785, 15.384], [39.785, 15.522], [39.785, 15.66], [39.785, 15.798], [39.737, 15.936], [39.594, 16.074], [39.594, 16.212], [39.546, 16.349], [39.546, 16.487], [39.546, 16.624], [39.498, 16.762], [39.45, 16.899], [39.402, 17.036], [39.354, 17.173], [39.307, 17.31], [39.259, 17.447], [39.211, 17.584], [39.115, 17.72], [38.972, 17.857], [38.829, 17.993], [38.685, 18.13], [38.542, 18.266], [38.398, 18.402], [38.255, 18.538], [38.111, 18.674], [37.968, 18.81], [37.825, 18.946], [37.729, 19.081], [37.681, 19.217], [37.633, 19.352], [37.633, 19.487], [37.586, 19.623], [37.586, 19.758], [37.586, 19.893], [37.586, 20.027], [37.538, 20.162], [37.538, 20.297], [37.538, 20.431], [37.538, 20.565], [37.538, 20.7], [37.538, 20.834], [37.394, 20.968], [37.299, 21.102], [37.251, 21.235], [37.251, 21.369], [37.251, 21.502], [37.251, 21.636], [37.203, 21.769], [37.108, 21.902], [37.06, 22.035], [36.964, 22.168], [36.916, 22.301], [36.773, 22.433], [36.629, 22.566], [36.486, 22.698], [36.343, 22.831], [36.199, 22.963], [36.056, 23.095], [35.96, 23.227], [35.912, 23.358], [35.912, 23.49], [35.912, 23.621], [35.912, 23.753], [35.912, 23.884], [35.912, 24.015], [35.912, 24.146], [35.865, 24.277], [35.721, 24.407], [35.626, 24.538], [35.53, 24.668], [35.482, 24.799], [35.386, 24.929], [35.339, 25.059], [35.291, 25.189], [35.195, 25.318], [35.147, 25.448], [35.052, 25.577], [35.004, 25.707], [34.956, 25.836], [34.861, 25.965], [34.765, 26.094], [34.669, 26.222], [34.622, 26.351], [34.526, 26.479], [34.478, 26.608], [34.383, 26.736], [34.335, 26.864], [34.287, 26.992], [34.287, 27.12], [34.239, 27.247], [34.191, 27.375], [34.191, 27.502], [34.191, 27.629], [34.048, 27.756], [33.904, 27.883], [33.761, 28.01], [33.665, 28.136], [33.522, 28.262], [33.379, 28.389], [33.235, 28.515], [33.187, 28.641], [33.187, 28.767], [33.14, 28.892], [33.092, 29.018], [32.948, 29.143], [32.853, 29.268], [32.757, 29.393], [32.709, 29.518], [32.661, 29.643], [32.614, 29.767], [32.614, 29.892], [32.566, 30.016], [32.566, 30.14], [32.566, 30.264], [32.566, 30.388], [32.566, 30.512], [32.566, 30.635], [32.566, 30.758], [32.566, 30.882], [32.566, 31.005], [32.518, 31.127], [32.375, 31.25], [32.231, 31.373], [32.088, 31.495], [31.944, 31.577], [31.801, 31.577], [31.658, 31.577], [31.514, 31.577], [31.371, 31.577], [31.227, 31.577], [31.084, 31.577], [30.94, 31.577], [30.797, 31.577], [30.654, 31.577], [30.51, 31.577], [30.367, 31.577], [30.223, 31.577], [30.08, 31.577], [29.936, 31.577], [29.793, 31.536], [29.65, 31.454], [29.506, 31.373], [29.363, 31.291], [29.219, 31.209], [29.076, 31.209], [28.932, 31.25], [28.789, 31.332], [28.646, 31.332], [28.502, 31.373], [28.359, 31.373], [28.215, 31.373], [28.072, 31.454], [27.929, 31.495], [27.785, 31.495], [27.642, 31.577], [27.498, 31.658], [27.355, 31.699], [27.211, 31.739], [27.068, 31.739], [26.925, 31.78], [26.781, 31.78], [26.638, 31.821], [26.494, 31.821], [26.351, 31.861], [26.207, 31.902], [26.064, 31.902], [25.921, 31.902], [25.777, 31.902], [25.634, 31.902], [25.49, 31.902], [25.347, 32.023], [25.204, 32.145], [25.06, 32.266], [24.917, 32.307], [24.773, 32.307], [24.63, 32.307], [24.486, 32.307], [24.343, 32.307], [24.2, 32.347], [24.056, 32.428], [23.913, 32.468], [23.769, 32.468], [23.626, 32.468], [23.482, 32.589], [23.339, 32.71], [23.196, 32.831], [23.052, 32.911], [22.909, 32.911], [22.765, 32.911], [22.622, 32.911], [22.479, 32.911], [22.335, 32.911], [22.192, 32.911], [22.048, 32.911], [21.905, 32.911], [21.761, 32.911], [21.618, 32.911], [21.475, 32.911], [21.331, 32.911], [21.188, 32.911], [21.044, 32.911], [20.901, 32.911], [20.757, 32.911], [20.614, 32.911], [20.471, 32.951], [20.327, 33.071], [20.184, 33.191], [20.04, 33.311], [19.897, 33.431], [19.754, 33.551], [19.61, 33.67], [19.467, 33.789], [19.323, 33.909], [19.18, 34.027], [19.036, 34.146], [18.893, 34.265], [18.75, 34.383], [18.606, 34.502], [18.463, 34.62], [18.319, 34.738], [18.176, 34.855], [18.032, 34.973], [17.889, 35.09], [17.746, 35.208], [17.602, 35.325], [17.459, 35.442], [17.315, 35.559], [17.172, 35.675], [17.028, 35.792], [16.885, 35.908], [16.742, 36.024], [16.598, 36.14], [16.455, 36.256], [16.311, 36.371], [16.168, 36.486], [16.025, 36.602], [15.881, 36.717], [15.738, 36.717], [15.594, 36.717], [15.451, 36.717], [15.307, 36.717], [15.164, 36.717], [15.021, 36.717], [14.877, 36.717], [14.734, 36.717], [14.59, 36.717], [14.447, 36.717], [14.303, 36.717], [14.16, 36.717], [14.017, 36.717], [13.873, 36.717], [13.73, 36.717], [13.586, 36.717], [13.443, 36.717], [13.3, 36.717], [13.156, 36.717], [13.013, 36.717], [12.869, 36.717], [12.726, 36.717], [12.582, 36.717], [12.439, 36.717], [12.296, 36.717], [12.152, 36.717], [12.009, 36.717], [11.865, 36.717], [11.722, 36.717], [11.578, 36.793], [11.435, 36.908], [11.292, 37.023], [11.148, 37.137], [11.005, 37.251], [10.861, 37.327], [10.718, 37.327], [10.575, 37.365], [10.431, 37.365], [10.288, 37.365], [10.144, 37.365], [10.001, 37.365], [9.857, 37.365], [9.714, 37.365], [9.571, 37.365], [9.427, 37.365], [9.284, 37.365], [9.14, 37.365], [8.997, 37.365], [8.853, 37.365], [8.71, 37.365], [8.567, 37.289], [8.423, 37.251], [8.28, 37.251], [8.136, 37.213], [7.993, 37.175], [7.85, 37.175], [7.706, 37.175], [7.563, 37.175], [7.419, 37.175], [7.276, 37.175], [7.132, 37.175], [6.989, 37.175], [6.846, 37.175], [6.702, 37.175], [6.559, 37.175], [6.415, 37.175], [6.272, 37.175], [6.128, 37.175], [5.985, 37.175], [5.842, 37.137], [5.698, 37.099], [5.555, 37.061], [5.411, 37.023], [5.268, 36.985], [5.124, 36.985], [4.981, 36.985], [4.838, 36.985], [4.694, 36.985], [4.551, 36.985], [4.407, 36.985], [4.264, 36.985], [4.121, 36.985], [3.977, 36.985], [3.834, 36.985], [3.69, 36.985], [3.547, 36.985], [3.403, 36.985], [3.26, 36.985], [3.117, 36.985], [2.973, 36.985], [2.83, 36.985], [2.686, 36.985], [2.543, 36.946], [2.399, 36.908], [2.256, 36.908], [2.113, 36.908], [1.969, 36.87], [1.826, 36.87], [1.682, 36.87], [1.539, 36.832], [1.396, 36.832], [1.252, 36.832], [1.109, 36.793], [0.965, 36.755], [0.822, 36.717], [0.678, 36.678], [0.535, 36.602], [0.392, 36.563], [0.248, 36.486], [0.105, 36.448], [-0.039, 36.333], [-0.182, 36.217], [-0.326, 36.14], [-0.469, 36.14], [-0.612, 36.14], [-0.756, 36.101], [-0.899, 36.024], [-1.043, 35.985], [-1.186, 35.908], [-1.329, 35.83], [-1.473, 35.714], [-1.616, 35.597], [-1.76, 35.52], [-1.903, 35.442], [-2.047, 35.403], [-2.19, 35.403], [-2.333, 35.403], [-2.477, 35.442], [-2.62, 35.442], [-2.764, 35.442], [-2.907, 35.442], [-3.051, 35.442], [-3.194, 35.442], [-3.337, 35.442], [-3.481, 35.442], [-3.624, 35.442], [-3.768, 35.442], [-3.911, 35.442], [-4.055, 35.442], [-4.198, 35.442], [-4.341, 35.442], [-4.485, 35.481], [-4.628, 35.559], [-4.772, 35.675], [-4.915, 35.792], [-5.058, 35.83], [-5.202, 35.83], [-5.345, 35.83], [-5.489, 35.83], [-5.632, 35.83], [-5.776, 35.753], [-5.919, 35.636], [-6.062, 35.52], [-6.206, 35.403], [-6.349, 35.286], [-6.493, 35.169], [-6.588, 35.051], [-6.636, 34.934], [-6.684, 34.816], [-6.732, 34.698], [-6.827, 34.58], [-6.875, 34.462], [-6.971, 34.344], [-7.019, 34.225], [-7.114, 34.107], [-7.258, 34.027], [-7.401, 33.948], [-7.544, 33.869], [-7.688, 33.75], [-7.831, 33.63], [-7.975, 33.511], [-8.118, 33.391], [-8.262, 33.271], [-8.405, 33.151], [-8.548, 33.031], [-8.692, 32.911], [-8.835, 32.79], [-8.979, 32.67], [-9.122, 32.549], [-9.265, 32.428], [-9.409, 32.307], [-9.552, 32.185], [-9.696, 32.064], [-9.791, 31.942], [-9.887, 31.821], [-9.983, 31.699], [-9.983, 31.577], [-9.983, 31.454], [-9.983, 31.332], [-9.983, 31.209], [-9.983, 31.087], [-9.983, 30.964], [-9.983, 30.841], [-9.983, 30.717], [-9.983, 30.594], [-9.983, 30.47], [-9.983, 30.347], [-9.983, 30.223], [-9.983, 30.099], [-10.03, 29.975], [-10.03, 29.85], [-10.03, 29.726], [-10.03, 29.601], [-10.03, 29.477], [-10.03, 29.352], [-10.03, 29.31]]}, "properties": {"route_id": "RT_074", "nom": "Hae K'umel ↔ Talom-ak", "origine": "AUX_HAE-KUMEL", "destination": "LUR_STALOMAR-KOT_NO", "modes_declares": "[\"maritime_cabotage\"]", "longueur_km": 7149, "km_par_milieu": "{\"océan\": 6774, \"terre\": 363}", "km_hors_modes_declares": "{\"terre\": 352}", "ruptures_de_charge": 4, "duree_jours": 104.0, "altitude_max_m": 2369, "denivele_positif_m": 1110, "cols_franchis": "[\"ʿUbayl-t'iq (044, 2000 m)\"]", "mois_ouverts": "avr → nov", "milieux_km": "{\"steppe_piemont\": 206, \"fourre_cotier_sec\": 119, \"desert_pierreux\": 27}", "facies_km": "{\"Hiver Jaune\": 205, \"Hiver Gris\": 64, \"hiver pluvieux tempéré\": 59, \"hors |'Arin\": 33}", "trouees": "[]", "via": "[]", "vol_oiseau_km": 5324, "statut": "tracé"}}]}