{"type": "FeatureCollection", "name": "beliet_geographie", "features": [{"type": "Feature", "geometry": {"type": "MultiPolygon", "coordinates": [[[[-9.4009, 26.8853], [-9.385, 26.8568], [-9.3691, 26.8568], [-9.3691, 26.871], [-9.3372, 26.8568], [-9.3372, 26.9279], [-9.3691, 26.9279], [-9.3691, 26.9137], [-9.4009, 26.9279], [-9.4009, 26.9137], [-9.4169, 26.9137], [-9.4169, 26.8853], [-9.4009, 26.8853]]], [[[-9.3053, 26.9137], [-9.3213, 26.9137], [-9.3213, 26.8568], [-9.2894, 26.8568], [-9.2735, 26.8853], [-9.3053, 26.8853], [-9.3053, 26.9137]]], [[[-8.891, 26.9137], [-8.9229, 26.9137], [-8.9229, 26.8995], [-8.9069, 26.8995], [-8.9069, 26.8568], [-8.891, 26.8568], [-8.891, 26.9137]]], [[[-11.0583, 26.6291], [-11.0583, 26.6434], [-11.0742, 26.6434], [-11.0742, 26.6149], [-11.0583, 26.6149], [-11.0583, 26.6006], [-11.0423, 26.6006], [-11.0423, 26.6149], [-11.0105, 26.6149], [-11.0105, 26.6006], [-10.9626, 26.6006], [-10.9626, 26.6291], [-10.9467, 26.6291], [-10.9467, 26.6719], [-10.9786, 26.6719], [-10.9786, 26.6576], [-10.9945, 26.6576], [-10.9945, 26.6291], [-11.0583, 26.6291]]], [[[-10.8989, 26.5008], [-10.9467, 26.5008], [-10.9467, 26.4723], [-10.9308, 26.4723], [-10.9308, 26.4866], [-10.8989, 26.4866], [-10.8989, 26.5008]]], [[[-10.8989, 26.2867], [-10.883, 26.2867], [-10.883, 26.2439], [-10.8989, 26.2439], [-10.8989, 26.2296], [-10.8192, 26.2296], [-10.8192, 26.2724], [-10.8033, 26.2724], [-10.8033, 26.2867], [-10.8192, 26.2867], [-10.8192, 26.3153], [-10.7874, 26.3296], [-10.7874, 26.3439], [-10.8033, 26.3439], [-10.8033, 26.3581], [-10.8352, 26.3724], [-10.8352, 26.4152], [-10.8511, 26.4152], [-10.8511, 26.3581], [-10.8352, 26.3581], [-10.8352, 26.3296], [-10.8989, 26.301], [-10.8989, 26.2867]]], [[[-10.6439, 25.843], [-10.6439, 25.8716], [-10.6599, 25.8716], [-10.6599, 25.8573], [-10.6758, 25.8573], [-10.6758, 25.8286], [-10.6439, 25.843]]], [[[-9.9906, 25.1958], [-10.0065, 25.1958], [-10.0065, 25.1814], [-10.0224, 25.1814], [-10.0224, 25.1525], [-9.9906, 25.167], [-9.9906, 25.1958]]], [[[-8.9069, 24.748], [-8.9229, 24.748], [-8.9229, 24.7335], [-8.9388, 24.7335], [-8.9388, 24.7046], [-8.9069, 24.7046], [-8.9069, 24.748]]], [[[-8.9707, 24.6756], [-8.9547, 24.6756], [-8.9388, 24.7046], [-8.9707, 24.719], [-8.9707, 24.6756]]], [[[-8.891, 24.6177], [-8.8273, 24.6177], [-8.8273, 24.6322], [-8.891, 24.6322], [-8.891, 24.6177]]], [[[-8.891, 24.5597], [-8.8591, 24.5597], [-8.8591, 24.5887], [-8.891, 24.5887], [-8.891, 24.5597]]], [[[-9.5603, 24.5742], [-9.5284, 24.5742], [-9.5284, 24.5452], [-9.4966, 24.5452], [-9.4966, 24.5162], [-9.4806, 24.5162], [-9.4806, 24.5017], [-9.4647, 24.5017], [-9.4647, 24.4872], [-9.4328, 24.4727], [-9.4328, 24.4872], [-9.4169, 24.4872], [-9.4169, 24.5307], [-9.4009, 24.5307], [-9.4169, 24.5597], [-9.385, 24.5597], [-9.385, 24.5452], [-9.3372, 24.5452], [-9.3372, 24.5742], [-9.3213, 24.5742], [-9.3213, 24.5887], [-9.3531, 24.5887], [-9.3531, 24.5742], [-9.3691, 24.5742], [-9.385, 24.6032], [-9.4169, 24.6032], [-9.4169, 24.6322], [-9.4647, 24.6322], [-9.4806, 24.6032], [-9.5125, 24.6032], [-9.5125, 24.5887], [-9.5603, 24.5887], [-9.5603, 24.5742]]], [[[-8.8751, 24.4872], [-8.8751, 24.5017], [-8.9229, 24.5017], [-8.9229, 24.4727], [-8.891, 24.4727], [-8.891, 24.4872], [-8.8751, 24.4872]]], [[[17.3711, 27.4241], [17.3552, 27.4241], [17.3552, 27.4099], [17.387, 27.4099], [17.387, 27.4382], [17.403, 27.4382], [17.403, 27.4523], [17.4508, 27.4523], [17.4508, 27.4806], [17.4189, 27.4948], [17.4349, 27.5513], [17.3711, 27.5513], [17.3711, 27.5372], [17.3392, 27.523], [17.3392, 27.5089], [17.3711, 27.4948], [17.3711, 27.4241]]], [[[17.403, 27.3675], [17.4349, 27.3533], [17.4349, 27.3958], [17.403, 27.3958], [17.403, 27.3675]]], [[[17.4986, 27.3675], [17.4667, 27.3675], [17.4667, 27.3108], [17.5145, 27.3108], [17.5145, 27.325], [17.4986, 27.325], [17.4986, 27.3675]]], [[[15.4588, 27.1692], [15.4907, 27.1692], [15.4907, 27.1975], [15.4588, 27.1975], [15.4588, 27.1692]]], [[[-8.5882, 26.8995], [-8.5563, 26.8995], [-8.5563, 26.9137], [-8.5882, 26.9137], [-8.5882, 26.9279], [-8.6042, 26.9279], [-8.6042, 26.9137], [-8.636, 26.9137], [-8.6201, 26.8568], [-8.5882, 26.871], [-8.5882, 26.8995]]], [[[-8.6838, 26.8568], [-8.6998, 26.8568], [-8.6998, 26.8426], [-8.7157, 26.8426], [-8.7157, 26.8142], [-8.6838, 26.8284], [-8.6838, 26.8568]]], [[[27.4744, 26.7288], [27.4584, 26.7003], [27.5381, 26.7003], [27.5381, 26.7288], [27.4744, 26.7288]]], [[[19.8093, 28.7735], [19.7933, 28.7735], [19.7933, 28.7596], [19.7774, 28.7596], [19.7774, 28.7456], [19.7615, 28.7456], [19.7455, 28.7176], [19.7137, 28.7176], [19.7137, 28.7037], [19.6659, 28.7037], [19.6659, 28.6897], [19.6499, 28.6897], [19.6499, 28.6617], [19.634, 28.6617], [19.6499, 28.6058], [19.5862, 28.6198], [19.5862, 28.5778], [19.634, 28.5778], [19.634, 28.5358], [19.5384, 28.5358], [19.5384, 28.5218], [19.5065, 28.5358], [19.5065, 28.5078], [19.4746, 28.5078], [19.4746, 28.4938], [19.4428, 28.4798], [19.4428, 28.4518], [19.4587, 28.4518], [19.4746, 28.4237], [19.5065, 28.4237], [19.5065, 28.4097], [19.5224, 28.4097], [19.5224, 28.3957], [19.5543, 28.3817], [19.5543, 28.3396], [19.5862, 28.3396], [19.5862, 28.3256], [19.6021, 28.3256], [19.6021, 28.3116], [19.634, 28.3116], [19.634, 28.2975], [19.7296, 28.2975], [19.7296, 28.3116], [19.7455, 28.3116], [19.7455, 28.3256], [19.7296, 28.3256], [19.7296, 28.3536], [19.6818, 28.3536], [19.6818, 28.3677], [19.7774, 28.3677], [19.7774, 28.3536], [19.7933, 28.3536], [19.7933, 28.3116], [19.8093, 28.3116], [19.8093, 28.2835], [19.8252, 28.2835], [19.8252, 28.2695], [19.8571, 28.2695], [19.8571, 28.2554], [19.873, 28.2554], [19.873, 28.2414], [19.889, 28.2414], [19.9049, 28.2133], [19.9368, 28.2133], [19.9368, 28.1993], [19.9527, 28.1993], [19.9527, 28.1712], [19.9846, 28.1712], [19.9846, 28.1431], [20.0005, 28.1431], [20.0005, 28.129], [20.0164, 28.129], [20.0164, 28.115], [20.0324, 28.115], [20.0483, 28.0869], [20.0961, 28.0869], [20.0961, 28.0728], [20.1121, 28.0728], [20.1121, 28.0306], [20.128, 28.0306], [20.128, 28.0165], [20.1121, 28.0165], [20.1121, 28.0025], [20.0802, 27.9884], [20.0802, 27.9321], [20.0961, 27.9321], [20.0961, 27.8899], [20.1121, 27.8899], [20.1121, 27.8758], [20.128, 27.8758], [20.1439, 27.8476], [20.0961, 27.8476], [20.0961, 27.8617], [20.0802, 27.8617], [20.0802, 27.8476], [20.0483, 27.8476], [20.0483, 27.8335], [20.0324, 27.8335], [20.0483, 27.8053], [19.9208, 27.8053], [19.9208, 27.8194], [19.873, 27.8194], [19.873, 27.7912], [19.8252, 27.7912], [19.8252, 27.7771], [19.7933, 27.7771], [19.7933, 27.7912], [19.7774, 27.7912], [19.7774, 27.8335], [19.7615, 27.8335], [19.7455, 27.8617], [19.6818, 27.8617], [19.6818, 27.8758], [19.634, 27.8758], [19.634, 27.9039], [19.5702, 27.9321], [19.5702, 27.9603], [19.6021, 27.9743], [19.6021, 28.0025], [19.5702, 28.0165], [19.5702, 28.0728], [19.5543, 28.0728], [19.5543, 28.0869], [19.5065, 28.0869], [19.5065, 28.1712], [19.4746, 28.1712], [19.4746, 28.1571], [19.4587, 28.1571], [19.4587, 28.1712], [19.395, 28.1712], [19.395, 28.129], [19.4268, 28.129], [19.4268, 28.115], [19.4428, 28.115], [19.4428, 28.0869], [19.3631, 28.0869], [19.3631, 28.0587], [19.379, 28.0587], [19.3631, 28.0306], [19.3312, 28.0306], [19.3153, 28.0025], [19.2993, 28.0025], [19.2993, 28.0306], [19.2834, 28.0306], [19.2834, 28.0165], [19.2515, 28.0165], [19.2515, 28.0025], [19.2197, 28.0025], [19.2037, 27.9743], [19.1719, 27.9743], [19.1719, 27.9462], [19.1559, 27.9462], [19.1559, 27.918], [19.14, 27.918], [19.124, 27.8899], [19.0762, 27.8899], [19.0762, 27.8617], [19.0603, 27.8617], [19.0603, 27.8194], [19.0444, 27.8194], [19.0444, 27.7912], [19.0284, 27.7912], [19.0284, 27.763], [19.0603, 27.7489], [19.0444, 27.7207], [18.9966, 27.7207], [18.9966, 27.7348], [18.9169, 27.7348], [18.9169, 27.7207], [18.8691, 27.7207], [18.8691, 27.7489], [18.8372, 27.7489], [18.8372, 27.7771], [18.8531, 27.7771], [18.8531, 27.8194], [18.8372, 27.8194], [18.8372, 27.8476], [18.8213, 27.8476], [18.8053, 27.8758], [18.7735, 27.8758], [18.7735, 27.9039], [18.8053, 27.9039], [18.8053, 27.918], [18.9169, 27.918], [18.9169, 27.9039], [18.9488, 27.9039], [18.9488, 27.8899], [18.9647, 27.8899], [18.9647, 27.918], [18.9488, 27.918], [18.9328, 27.9743], [18.9169, 27.9743], [18.9169, 27.9603], [18.885, 27.9603], [18.885, 27.9743], [18.8531, 27.9743], [18.8531, 27.9884], [18.8372, 27.9884], [18.8372, 28.0447], [18.8053, 28.0587], [18.8053, 28.1009], [18.7894, 28.1009], [18.7735, 28.129], [18.7097, 28.129], [18.7097, 28.1009], [18.6938, 28.1009], [18.6938, 28.0869], [18.6778, 28.0869], [18.6778, 28.115], [18.646, 28.115], [18.646, 28.129], [18.5822, 28.129], [18.5822, 28.115], [18.5504, 28.1009], [18.5663, 28.0447], [18.646, 28.0447], [18.646, 28.0306], [18.63, 28.0306], [18.63, 27.9743], [18.6141, 27.9743], [18.6141, 27.9462], [18.5982, 27.9462], [18.5982, 27.918], [18.5822, 27.918], [18.5822, 27.8899], [18.5982, 27.8899], [18.5982, 27.8758], [18.6619, 27.8758], [18.6619, 27.8476], [18.646, 27.8476], [18.646, 27.8194], [18.63, 27.8194], [18.63, 27.8053], [18.5982, 27.8053], [18.5982, 27.8335], [18.5504, 27.8335], [18.5504, 27.8476], [18.5025, 27.8476], [18.5025, 27.8335], [18.4388, 27.8335], [18.4388, 27.8053], [18.4069, 27.7912], [18.4069, 27.763], [18.391, 27.763], [18.391, 27.7489], [18.3591, 27.7348], [18.3751, 27.7066], [18.3273, 27.7066], [18.3273, 27.7207], [18.2954, 27.7207], [18.2794, 27.7489], [18.2476, 27.7489], [18.2476, 27.7207], [18.1838, 27.6925], [18.1838, 27.7066], [18.152, 27.7066], [18.152, 27.7207], [18.136, 27.7207], [18.152, 27.7489], [18.0882, 27.7771], [18.0882, 27.8194], [18.0563, 27.8194], [18.0563, 27.7912], [18.0245, 27.7912], [18.0245, 27.7771], [18.0085, 27.7771], [18.0085, 27.7066], [17.9767, 27.7066], [17.9607, 27.6784], [17.9448, 27.6784], [17.9448, 27.6925], [17.8811, 27.6925], [17.8811, 27.6784], [17.8492, 27.6784], [17.8492, 27.6925], [17.8332, 27.6925], [17.8332, 27.6784], [17.7854, 27.6784], [17.7854, 27.5937], [17.7376, 27.5937], [17.7058, 27.5372], [17.6261, 27.5372], [17.6261, 27.5513], [17.5783, 27.5513], [17.5623, 27.523], [17.5305, 27.523], [17.5305, 27.4948], [17.5464, 27.4948], [17.5464, 27.4806], [17.5623, 27.4806], [17.5623, 27.4948], [17.5942, 27.4948], [17.5942, 27.523], [17.6261, 27.523], [17.6261, 27.4948], [17.6101, 27.4948], [17.5942, 27.4382], [17.5305, 27.4099], [17.5305, 27.3958], [17.5623, 27.3816], [17.5623, 27.3533], [17.5464, 27.3533], [17.5464, 27.3392], [17.5623, 27.3392], [17.5623, 27.2259], [17.5305, 27.2259], [17.5305, 27.2117], [17.4667, 27.2117], [17.4667, 27.2259], [17.4349, 27.24], [17.4349, 27.1975], [17.4508, 27.1975], [17.4349, 27.1692], [17.3711, 27.1833], [17.3711, 27.2117], [17.387, 27.2117], [17.387, 27.2825], [17.3552, 27.2967], [17.3552, 27.3392], [17.3392, 27.3392], [17.3392, 27.3675], [17.3552, 27.3675], [17.3552, 27.4099], [17.3392, 27.4099], [17.3392, 27.4241], [17.2914, 27.4241], [17.2914, 27.4382], [17.2755, 27.4382], [17.2755, 27.4665], [17.2596, 27.4665], [17.2596, 27.4806], [17.2118, 27.4806], [17.2118, 27.5089], [17.1958, 27.5089], [17.1958, 27.5795], [17.1799, 27.5795], [17.1639, 27.6643], [17.1321, 27.6784], [17.1321, 27.6925], [17.1639, 27.7066], [17.148, 27.7348], [17.1321, 27.7348], [17.1321, 27.7207], [17.0683, 27.7207], [17.0683, 27.6501], [17.0843, 27.6501], [17.0843, 27.6219], [17.0683, 27.6219], [17.0683, 27.6078], [17.0365, 27.5937], [17.0046, 27.6501], [16.9249, 27.6501], [16.9249, 27.6784], [16.909, 27.6784], [16.909, 27.7207], [16.893, 27.7207], [16.893, 27.7348], [16.8612, 27.7348], [16.8612, 27.7489], [16.8452, 27.7489], [16.8452, 27.7348], [16.7974, 27.7348], [16.7974, 27.7489], [16.7815, 27.7489], [16.7656, 27.7771], [16.7337, 27.7771], [16.7337, 27.7348], [16.7018, 27.7348], [16.6859, 27.7066], [16.5903, 27.7207], [16.6062, 27.6925], [16.5743, 27.6925], [16.5743, 27.6784], [16.5584, 27.6784], [16.5425, 27.7066], [16.4787, 27.7066], [16.4787, 27.7207], [16.415, 27.7207], [16.415, 27.6925], [16.399, 27.6925], [16.399, 27.6784], [16.3831, 27.6784], [16.3831, 27.6925], [16.3353, 27.6925], [16.3353, 27.6643], [16.2715, 27.6643], [16.2715, 27.6501], [16.2397, 27.6501], [16.2237, 27.6784], [16.1281, 27.6784], [16.1281, 27.6643], [16.0963, 27.6501], [16.0963, 27.636], [16.1122, 27.636], [16.1122, 27.6219], [16.0963, 27.6219], [16.0963, 27.5937], [16.0325, 27.5937], [16.0325, 27.5513], [16.0006, 27.5372], [16.0006, 27.4948], [16.0325, 27.4806], [16.0325, 27.4523], [16.0006, 27.4523], [16.0006, 27.4665], [15.9369, 27.4665], [15.9369, 27.4523], [15.9688, 27.4523], [15.9688, 27.4382], [15.9528, 27.4382], [15.9528, 27.4241], [15.921, 27.4241], [15.921, 27.3675], [15.9369, 27.3675], [15.9369, 27.3533], [15.9688, 27.3533], [15.9688, 27.3108], [15.9528, 27.3108], [15.9528, 27.325], [15.921, 27.3392], [15.921, 27.3108], [15.905, 27.3108], [15.905, 27.2967], [15.8891, 27.2967], [15.8732, 27.2684], [15.8413, 27.2684], [15.8413, 27.2825], [15.8253, 27.2825], [15.8253, 27.2684], [15.7616, 27.2684], [15.7616, 27.2117], [15.7297, 27.2117], [15.7297, 27.1975], [15.7616, 27.1975], [15.7616, 27.1833], [15.7775, 27.1833], [15.7775, 27.1408], [15.7297, 27.1408], [15.7297, 27.1124], [15.7138, 27.1124], [15.7138, 27.0699], [15.6819, 27.0699], [15.6819, 27.0557], [15.666, 27.0557], [15.666, 26.9989], [15.6501, 26.9989], [15.6501, 27.0131], [15.6182, 27.0131], [15.6182, 27.0273], [15.6022, 27.0273], [15.6022, 27.0131], [15.5385, 27.0131], [15.5385, 27.0273], [15.5226, 27.0273], [15.5226, 27.0982], [15.5066, 27.0982], [15.5066, 27.1124], [15.4588, 27.1124], [15.4588, 27.1692], [15.427, 27.1833], [15.427, 27.2117], [15.4429, 27.2117], [15.4429, 27.2542], [15.3791, 27.2542], [15.3791, 27.2117], [15.3951, 27.2117], [15.3951, 27.155], [15.3632, 27.155], [15.3632, 27.1833], [15.3473, 27.1833], [15.3473, 27.2259], [15.3632, 27.2259], [15.3632, 27.2967], [15.3473, 27.2967], [15.3473, 27.3108], [15.3154, 27.3108], [15.3154, 27.325], [15.2995, 27.325], [15.2995, 27.3108], [15.2517, 27.3108], [15.2517, 27.3392], [15.2357, 27.3392], [15.2517, 27.3958], [15.2995, 27.3958], [15.2995, 27.4099], [15.3313, 27.4099], [15.3313, 27.4241], [15.3632, 27.4382], [15.3632, 27.4665], [15.3791, 27.4665], [15.3791, 27.4806], [15.3632, 27.4806], [15.3632, 27.5089], [15.3154, 27.5089], [15.3154, 27.5372], [15.2995, 27.5372], [15.2995, 27.5513], [15.2676, 27.5654], [15.2676, 27.5937], [15.2517, 27.5937], [15.2517, 27.6078], [15.2039, 27.6078], [15.2039, 27.5937], [15.1879, 27.5937], [15.1879, 27.5513], [15.1242, 27.5513], [15.1242, 27.5654], [15.1082, 27.5654], [15.1082, 27.5937], [15.1401, 27.6078], [15.1242, 27.636], [15.0923, 27.636], [15.0923, 27.6501], [15.0764, 27.6501], [15.0604, 27.6219], [15.0286, 27.6219], [15.0286, 27.6925], [15.0126, 27.6925], [15.0126, 27.7207], [14.9967, 27.7207], [14.9967, 27.7489], [14.9807, 27.7489], [14.9807, 27.7912], [14.9648, 27.7912], [14.9648, 27.8053], [14.8692, 27.8053], [14.8692, 27.8194], [14.8055, 27.8194], [14.8055, 27.8617], [14.7736, 27.8617], [14.7736, 27.8476], [14.7258, 27.8476], [14.7258, 27.8335], [14.6939, 27.8335], [14.6939, 27.8617], [14.662, 27.8617], [14.662, 27.8335], [14.6461, 27.8335], [14.6461, 27.8476], [14.5983, 27.8476], [14.5983, 27.8194], [14.6142, 27.8194], [14.6142, 27.7771], [14.5664, 27.7771], [14.5664, 27.763], [14.5505, 27.763], [14.5664, 27.7066], [14.5027, 27.7066], [14.5027, 27.7348], [14.4867, 27.7348], [14.4867, 27.7489], [14.4389, 27.7489], [14.4389, 27.7348], [14.423, 27.7348], [14.423, 27.7207], [14.3911, 27.7066], [14.3911, 27.6643], [14.423, 27.6784], [14.423, 27.7066], [14.4549, 27.7066], [14.4549, 27.6219], [14.4867, 27.6219], [14.4867, 27.6078], [14.4708, 27.6078], [14.4708, 27.5937], [14.4389, 27.5937], [14.4389, 27.6078], [14.3911, 27.6078], [14.3911, 27.6219], [14.3593, 27.636], [14.3593, 27.6219], [14.3433, 27.6219], [14.3433, 27.6078], [14.3114, 27.5937], [14.3114, 27.6078], [14.2636, 27.6078], [14.2636, 27.636], [14.2477, 27.636], [14.2477, 27.6643], [14.2636, 27.6643], [14.2636, 27.6925], [14.2796, 27.6925], [14.2796, 27.7207], [14.2477, 27.7348], [14.2477, 27.7771], [14.2158, 27.7771], [14.1999, 27.8053], [14.168, 27.8053], [14.168, 27.7771], [14.1362, 27.763], [14.1362, 27.7771], [14.1202, 27.7771], [14.1202, 27.7912], [14.1362, 27.7912], [14.1362, 27.8899], [14.1043, 27.8899], [14.1043, 27.9039], [14.0724, 27.9039], [14.0724, 27.918], [14.0405, 27.9321], [14.0405, 27.918], [14.0246, 27.918], [14.0246, 27.8335], [14.0087, 27.8335], [14.0087, 27.8194], [14.0405, 27.8194], [14.0405, 27.8476], [14.0565, 27.8476], [14.0565, 27.8335], [14.0724, 27.8335], [14.0724, 27.7771], [13.9927, 27.7771], [13.9927, 27.7912], [13.9609, 27.7912], [13.9449, 27.763], [13.8971, 27.763], [13.8971, 27.7489], [13.8334, 27.7348], [13.8334, 27.6078], [13.8015, 27.5937], [13.8015, 27.5795], [13.8652, 27.5795], [13.8652, 27.5654], [13.9131, 27.5654], [13.9131, 27.5513], [13.9927, 27.5513], [13.9927, 27.5089], [13.9131, 27.5089], [13.9131, 27.4948], [13.8493, 27.4948], [13.8493, 27.4523], [13.7856, 27.4241], [13.7856, 27.3675], [13.7218, 27.3392], [13.7218, 27.2825], [13.7059, 27.2825], [13.7059, 27.2542], [13.69, 27.2542], [13.69, 27.24], [13.674, 27.24], [13.674, 27.2542], [13.6421, 27.2542], [13.6421, 27.24], [13.5465, 27.24], [13.5465, 27.2259], [13.4509, 27.24], [13.4509, 27.2259], [13.435, 27.2259], [13.419, 27.1975], [13.3872, 27.1975], [13.3872, 27.1833], [13.3553, 27.1833], [13.3553, 27.1692], [13.3394, 27.1692], [13.3394, 27.1266], [13.3553, 27.1266], [13.3553, 27.0982], [13.3394, 27.0982], [13.3394, 27.0841], [13.2916, 27.0841], [13.2916, 27.0982], [13.2597, 27.0982], [13.2597, 27.1266], [13.2438, 27.1266], [13.2438, 27.1408], [13.18, 27.1266], [13.1641, 27.155], [13.1163, 27.155], [13.1163, 27.1266], [13.1003, 27.1266], [13.1003, 27.1124], [13.0047, 27.1266], [12.9888, 27.0982], [12.8932, 27.0982], [12.8932, 27.1124], [12.8454, 27.1124], [12.8294, 27.1408], [12.7976, 27.1408], [12.7976, 27.155], [12.7338, 27.1692], [12.7338, 27.155], [12.7019, 27.155], [12.7019, 27.1408], [12.6382, 27.1408], [12.6223, 27.1124], [12.5904, 27.1124], [12.5904, 27.1266], [12.5745, 27.1266], [12.5745, 27.1833], [12.5585, 27.1833], [12.5426, 27.2117], [12.4788, 27.2117], [12.4788, 27.2259], [12.4629, 27.2259], [12.4629, 27.24], [12.431, 27.2542], [12.431, 27.2825], [12.3673, 27.3108], [12.3673, 27.4523], [12.3354, 27.4665], [12.3354, 27.5513], [12.3673, 27.5654], [12.3673, 27.6784], [12.3992, 27.6784], [12.3992, 27.7066], [12.3832, 27.7066], [12.3673, 27.7348], [12.3035, 27.7348], [12.3035, 27.7489], [12.2876, 27.7489], [12.2717, 27.7771], [12.2398, 27.7771], [12.2398, 27.8053], [12.1761, 27.8053], [12.1761, 27.8194], [12.1601, 27.8194], [12.1601, 27.8335], [12.1283, 27.8476], [12.1283, 27.8335], [12.0486, 27.8335], [12.0486, 27.8194], [11.9848, 27.8194], [11.9848, 27.7912], [12.0486, 27.7912], [12.0486, 27.7771], [12.0326, 27.7771], [12.0326, 27.763], [12.0008, 27.763], [12.0008, 27.7207], [11.9689, 27.7066], [11.9689, 27.6925], [11.9848, 27.6925], [11.9848, 27.6643], [11.953, 27.6643], [11.953, 27.6501], [11.8892, 27.6643], [11.8892, 27.6501], [11.9052, 27.6501], [11.9052, 27.5937], [11.9211, 27.5937], [11.937, 27.5654], [11.9689, 27.5654], [11.9689, 27.5513], [12.0008, 27.5513], [12.0008, 27.5372], [12.0167, 27.5372], [12.0167, 27.523], [12.0008, 27.523], [12.0008, 27.4806], [12.0486, 27.4806], [12.0486, 27.523], [12.0964, 27.523], [12.0964, 27.5089], [12.1601, 27.5089], [12.1601, 27.4806], [12.1761, 27.4806], [12.1761, 27.4665], [12.1601, 27.4665], [12.1601, 27.4523], [12.0964, 27.4523], [12.0964, 27.4382], [12.0486, 27.4382], [12.0486, 27.4523], [12.0326, 27.4523], [12.0326, 27.4382], [12.0008, 27.4382], [12.0008, 27.3816], [11.9689, 27.3816], [11.953, 27.4099], [11.9211, 27.4099], [11.9211, 27.3958], [11.9052, 27.3958], [11.9052, 27.3392], [11.9211, 27.3392], [11.9211, 27.3533], [11.953, 27.3533], [11.953, 27.3108], [11.8733, 27.3108], [11.8733, 27.2825], [11.8892, 27.2825], [11.8892, 27.2117], [11.8733, 27.2117], [11.8733, 27.1975], [11.8892, 27.1975], [11.8892, 27.155], [11.8733, 27.155], [11.8733, 27.1408], [11.8414, 27.1408], [11.8414, 27.0841], [11.8255, 27.0841], [11.8255, 27.0557], [11.7936, 27.0415], [11.8095, 27.0131], [11.8414, 27.0131], [11.8414, 26.9989], [11.8255, 26.9989], [11.8255, 26.9421], [11.8095, 26.9421], [11.8255, 26.9137], [11.8095, 26.9137], [11.7936, 26.8853], [11.8255, 26.8853], [11.8255, 26.8995], [11.8573, 26.9137], [11.8573, 26.9421], [11.8733, 26.9421], [11.8733, 26.9279], [11.8892, 26.9279], [11.8892, 26.8995], [11.9052, 26.8995], [11.9052, 26.871], [11.8892, 26.871], [11.8892, 26.8284], [11.937, 26.8284], [11.937, 26.7999], [11.9689, 26.7999], [11.9689, 26.7857], [11.9211, 26.7857], [11.9211, 26.7573], [11.9052, 26.7573], [11.9052, 26.743], [11.9211, 26.743], [11.937, 26.7146], [11.953, 26.7146], [11.953, 26.743], [12.0008, 26.743], [12.0008, 26.7146], [12.0167, 26.7146], [12.0167, 26.7003], [12.0486, 26.7003], [12.0486, 26.7573], [12.0645, 26.7573], [12.0645, 26.743], [12.0804, 26.743], [12.0804, 26.7146], [12.1123, 26.7146], [12.1123, 26.7288], [12.1442, 26.7146], [12.1442, 26.6719], [12.1601, 26.6719], [12.1601, 26.6861], [12.1761, 26.6861], [12.192, 26.7146], [12.2239, 26.7146], [12.2239, 26.7003], [12.2557, 26.6861], [12.2557, 26.6434], [12.2398, 26.6434], [12.2239, 26.6149], [12.1761, 26.6149], [12.1761, 26.6291], [12.1601, 26.6291], [12.1442, 26.6576], [12.0486, 26.6576], [12.0486, 26.6291], [12.0804, 26.6291], [12.0804, 26.6149], [12.1123, 26.6149], [12.1123, 26.6006], [12.1283, 26.6006], [12.1283, 26.5864], [12.0964, 26.5721], [12.0964, 26.5436], [12.0486, 26.5436], [12.0486, 26.5721], [12.0804, 26.5721], [12.0804, 26.6006], [12.0486, 26.6006], [12.0486, 26.5864], [12.0008, 26.5864], [12.0008, 26.5721], [11.953, 26.5721], [11.953, 26.6149], [11.937, 26.6149], [11.937, 26.6006], [11.8733, 26.6149], [11.8573, 26.5864], [11.8095, 26.5864], [11.8414, 26.7003], [11.8255, 26.7003], [11.8255, 26.6861], [11.7936, 26.6861], [11.7936, 26.7003], [11.7299, 26.7146], [11.7299, 26.7288], [11.7139, 26.7288], [11.698, 26.7573], [11.6502, 26.7573], [11.6502, 26.743], [11.6183, 26.743], [11.6183, 26.7573], [11.5705, 26.7573], [11.5546, 26.7288], [11.5386, 26.7288], [11.5386, 26.743], [11.5068, 26.743], [11.5068, 26.7288], [11.4749, 26.7288], [11.4749, 26.7146], [11.4589, 26.7146], [11.4589, 26.7288], [11.4271, 26.7288], [11.4271, 26.743], [11.4111, 26.743], [11.4111, 26.7715], [11.3793, 26.7715], [11.3793, 26.7857], [11.3474, 26.7999], [11.3474, 26.8426], [11.3633, 26.8426], [11.3633, 26.8568], [11.2677, 26.8568], [11.2518, 26.8284], [11.1562, 26.8284], [11.1562, 26.8426], [11.1243, 26.8426], [11.1243, 26.8568], [11.1402, 26.8568], [11.1562, 26.8853], [11.1402, 26.8853], [11.1402, 26.8995], [11.1084, 26.8995], [11.1084, 26.9421], [11.0924, 26.9421], [11.0924, 26.9705], [11.0765, 26.9705], [11.0606, 26.9989], [11.0287, 26.9989], [11.0287, 27.0131], [11.0127, 27.0131], [11.0127, 27.0273], [10.9968, 27.0273], [10.9809, 27.0557], [10.949, 27.0557], [10.949, 27.0415], [10.9171, 27.0273], [10.9171, 27.0699], [10.9012, 27.0699], [10.9012, 27.0841], [10.8693, 27.0982], [10.8693, 27.155], [10.9012, 27.155], [10.9012, 27.1975], [10.8693, 27.1975], [10.8693, 27.2117], [10.8056, 27.2117], [10.8056, 27.2542], [10.7418, 27.2542], [10.7418, 27.24], [10.694, 27.24], [10.694, 27.2259], [10.6462, 27.2259], [10.6303, 27.2542], [10.5984, 27.2542], [10.5984, 27.24], [10.5825, 27.24], [10.5665, 27.2117], [10.5506, 27.2117], [10.5347, 27.24], [10.5028, 27.2259], [10.5028, 27.2117], [10.5187, 27.2117], [10.5187, 27.1692], [10.5028, 27.1692], [10.5028, 27.1833], [10.455, 27.1833], [10.455, 27.1692], [10.4231, 27.1692], [10.4231, 27.0841], [10.4391, 27.0841], [10.455, 27.0557], [10.4709, 27.0557], [10.4709, 27.0699], [10.5187, 27.0699], [10.5187, 27.0557], [10.5347, 27.0557], [10.5347, 27.0273], [10.5187, 27.0273], [10.5028, 26.9705], [10.5187, 26.9705], [10.5187, 26.9563], [10.5347, 26.9563], [10.5506, 26.9279], [10.5825, 26.9279], [10.5825, 26.9137], [10.6144, 26.9137], [10.6144, 26.9279], [10.694, 26.9279], [10.694, 26.9137], [10.71, 26.9137], [10.71, 26.8995], [10.7259, 26.8995], [10.7418, 26.871], [10.7896, 26.871], [10.7896, 26.8284], [10.7737, 26.8284], [10.7737, 26.7715], [10.7896, 26.7715], [10.7896, 26.7288], [10.7737, 26.7288], [10.7737, 26.7146], [10.7896, 26.7146], [10.7896, 26.6861], [10.7737, 26.6861], [10.7737, 26.6291], [10.7578, 26.6291], [10.7578, 26.6149], [10.7259, 26.6149], [10.7259, 26.5721], [10.6781, 26.5721], [10.6781, 26.5864], [10.6144, 26.5864], [10.6144, 26.5721], [10.5984, 26.5721], [10.5825, 26.5436], [10.5506, 26.5436], [10.5506, 26.5294], [10.4869, 26.5294], [10.4869, 26.5579], [10.4709, 26.5579], [10.4709, 26.5721], [10.4391, 26.5721], [10.4391, 26.5579], [10.3594, 26.5579], [10.3594, 26.5864], [10.3434, 26.5864], [10.3434, 26.6291], [10.2797, 26.6434], [10.2797, 26.6861], [10.2956, 26.6861], [10.2956, 26.7146], [10.2797, 26.7146], [10.2797, 26.7288], [10.216, 26.7146], [10.216, 26.7288], [10.1522, 26.7288], [10.1522, 26.743], [10.1203, 26.743], [10.1203, 26.7146], [10.0885, 26.7003], [10.0885, 26.6149], [10.0566, 26.6149], [10.0566, 26.6006], [10.0407, 26.6006], [10.0407, 26.6149], [10.0247, 26.6149], [10.0088, 26.6434], [9.961, 26.6434], [9.961, 26.6291], [9.9451, 26.6291], [9.9451, 26.5721], [9.9291, 26.5721], [9.9291, 26.5579], [9.8813, 26.5579], [9.8813, 26.5436], [9.8176, 26.5436], [9.8176, 26.5151], [9.8016, 26.5151], [9.8176, 26.458], [9.7857, 26.4438], [9.7857, 26.4152], [9.8016, 26.4152], [9.8016, 26.3724], [9.7538, 26.3724], [9.7538, 26.3581], [9.722, 26.3581], [9.722, 26.3439], [9.706, 26.3439], [9.706, 26.3581], [9.6741, 26.3581], [9.6741, 26.3724], [9.6582, 26.3724], [9.6582, 26.4152], [9.6423, 26.4152], [9.6423, 26.4438], [9.6104, 26.4438], [9.5945, 26.4152], [9.5307, 26.4152], [9.5307, 26.4295], [9.5148, 26.4295], [9.5307, 26.5151], [9.5148, 26.5151], [9.5148, 26.5436], [9.4989, 26.5436], [9.4989, 26.5579], [9.3395, 26.5721], [9.3395, 26.5579], [9.2758, 26.5579], [9.2758, 26.5294], [9.2917, 26.5294], [9.2917, 26.4866], [9.2439, 26.4866], [9.2439, 26.4723], [9.2279, 26.4723], [9.2279, 26.401], [9.212, 26.401], [9.212, 26.3867], [9.1801, 26.3724], [9.1801, 26.3296], [9.1642, 26.3296], [9.1642, 26.3439], [9.1323, 26.3439], [9.1323, 26.3724], [9.1164, 26.3724], [9.1164, 26.3581], [9.1005, 26.3581], [9.1005, 26.3296], [9.0845, 26.3296], [9.0845, 26.3153], [9.0686, 26.3153], [9.0527, 26.2867], [9.0208, 26.2867], [9.0208, 26.2581], [8.9889, 26.2439], [8.9889, 26.2153], [8.973, 26.2153], [8.973, 26.201], [8.9411, 26.1867], [8.9411, 26.2296], [8.8933, 26.2296], [8.8933, 26.2439], [8.8774, 26.2439], [8.8774, 26.2867], [8.8614, 26.2867], [8.8614, 26.301], [8.8296, 26.301], [8.8296, 26.3153], [8.7817, 26.3153], [8.7817, 26.2867], [8.7339, 26.2867], [8.7339, 26.301], [8.7499, 26.301], [8.7658, 26.3296], [8.7499, 26.3296], [8.7499, 26.3439], [8.6861, 26.3439], [8.6861, 26.3724], [8.7021, 26.3724], [8.6861, 26.4295], [8.6224, 26.4438], [8.6224, 26.3724], [8.6065, 26.3724], [8.5905, 26.4295], [8.5746, 26.4295], [8.5746, 26.4438], [8.5427, 26.4438], [8.5427, 26.4723], [8.5586, 26.4723], [8.5586, 26.4866], [8.5427, 26.4866], [8.5427, 26.5008], [8.5268, 26.5008], [8.5268, 26.5151], [8.5108, 26.5151], [8.4949, 26.5436], [8.479, 26.5436], [8.479, 26.5294], [8.4471, 26.5294], [8.4471, 26.5579], [8.4152, 26.5579], [8.4152, 26.5436], [8.3834, 26.5436], [8.3834, 26.5579], [8.3674, 26.5579], [8.3674, 26.5864], [8.3834, 26.5864], [8.3993, 26.6149], [8.4949, 26.6149], [8.4949, 26.6434], [8.479, 26.6434], [8.479, 26.7003], [8.4949, 26.7003], [8.4949, 26.7288], [8.5108, 26.7288], [8.5268, 26.7573], [8.479, 26.7573], [8.479, 26.7288], [8.463, 26.7288], [8.463, 26.7146], [8.3993, 26.7288], [8.3993, 26.6861], [8.4152, 26.6861], [8.4152, 26.6719], [8.3993, 26.6719], [8.3993, 26.6576], [8.3674, 26.6576], [8.3674, 26.6719], [8.3355, 26.6719], [8.3515, 26.7288], [8.3196, 26.7288], [8.3196, 26.743], [8.3355, 26.743], [8.3355, 26.7857], [8.3037, 26.7857], [8.3037, 26.7715], [8.2877, 26.7715], [8.2877, 26.6719], [8.2718, 26.6719], [8.2718, 26.6434], [8.2081, 26.6434], [8.2081, 26.6291], [8.1602, 26.6291], [8.1602, 26.6434], [8.0965, 26.6434], [8.0965, 26.6576], [8.0646, 26.6576], [8.0646, 26.6861], [8.0965, 26.6861], [8.0965, 26.7003], [8.1602, 26.6861], [8.1602, 26.7146], [8.1443, 26.7146], [8.1443, 26.7573], [8.1284, 26.7573], [8.1284, 26.7857], [8.0965, 26.7857], [8.0806, 26.7573], [8.0487, 26.7573], [8.0168, 26.8142], [7.969, 26.8142], [7.969, 26.8426], [7.9053, 26.8426], [7.9053, 26.8284], [7.8575, 26.8284], [7.8415, 26.7715], [7.7937, 26.7715], [7.7937, 26.7857], [7.73, 26.7857], [7.73, 26.7715], [7.7459, 26.7715], [7.7459, 26.743], [7.7619, 26.743], [7.7619, 26.7288], [7.7937, 26.7288], [7.7937, 26.7146], [7.7778, 26.7146], [7.7778, 26.6719], [7.6662, 26.6719], [7.6662, 26.6291], [7.6981, 26.6291], [7.6981, 26.6149], [7.714, 26.6149], [7.714, 26.5721], [7.6981, 26.5721], [7.6981, 26.5436], [7.6822, 26.5436], [7.6822, 26.5294], [7.6344, 26.5294], [7.6344, 26.5151], [7.6184, 26.5151], [7.6184, 26.4723], [7.6025, 26.4723], [7.5866, 26.4438], [7.5069, 26.4438], [7.5069, 26.4295], [7.4591, 26.4295], [7.4591, 26.4152], [7.4113, 26.4152], [7.4113, 26.4295], [7.3475, 26.4295], [7.3475, 26.4152], [7.3316, 26.4152], [7.3316, 26.3724], [7.3794, 26.3724], [7.3794, 26.3439], [7.3157, 26.3439], [7.3157, 26.3296], [7.22, 26.3296], [7.22, 26.3724], [7.1563, 26.3581], [7.1563, 26.3867], [7.1404, 26.3867], [7.1404, 26.3581], [7.1244, 26.3581], [7.1244, 26.3439], [7.0766, 26.3439], [7.0766, 26.3581], [7.0607, 26.3581], [7.0607, 26.3439], [6.9969, 26.3439], [6.981, 26.3724], [6.9332, 26.3724], [6.9332, 26.3439], [6.8695, 26.3439], [6.8695, 26.3581], [6.8535, 26.3581], [6.8535, 26.3724], [6.8695, 26.3724], [6.8695, 26.4152], [6.8057, 26.401], [6.8057, 26.4295], [6.7738, 26.4295], [6.7579, 26.458], [6.742, 26.458], [6.726, 26.4295], [6.6942, 26.4295], [6.6942, 26.4438], [6.6782, 26.4438], [6.6782, 26.5436], [6.6145, 26.5436], [6.6145, 26.5579], [6.5985, 26.5579], [6.5826, 26.5864], [6.5507, 26.5864], [6.5507, 26.6006], [6.5189, 26.6006], [6.5189, 26.6149], [6.4711, 26.6149], [6.4711, 26.6291], [6.4392, 26.6291], [6.4392, 26.6149], [6.3595, 26.6149], [6.3595, 26.6291], [6.2639, 26.6291], [6.2639, 26.6861], [6.232, 26.7003], [6.2161, 26.6719], [6.1842, 26.6719], [6.1842, 26.6149], [6.1683, 26.6149], [6.1523, 26.5864], [6.1205, 26.5864], [6.1205, 26.6006], [6.1045, 26.6006], [6.1045, 26.6149], [6.0727, 26.6291], [6.0727, 26.5864], [6.0886, 26.5864], [6.0886, 26.5721], [6.0727, 26.5721], [6.0567, 26.5436], [6.0249, 26.5436], [6.0249, 26.5294], [6.0089, 26.5294], [6.0089, 26.4866], [5.993, 26.4866], [5.993, 26.4723], [5.9611, 26.4723], [5.9611, 26.401], [5.9292, 26.401], [5.9292, 26.4152], [5.9452, 26.4152], [5.9452, 26.4438], [5.9292, 26.4438], [5.9292, 26.4723], [5.8974, 26.4723], [5.8974, 26.401], [5.8814, 26.401], [5.8814, 26.3867], [5.8655, 26.3867], [5.8655, 26.401], [5.8177, 26.401], [5.8177, 26.3867], [5.8018, 26.3867], [5.8018, 26.3439], [5.7699, 26.3296], [5.7699, 26.2724], [5.738, 26.2724], [5.738, 26.2296], [5.754, 26.2296], [5.754, 26.2153], [5.7858, 26.2153], [5.7858, 26.201], [5.8177, 26.201], [5.8177, 26.1438], [5.8018, 26.1438], [5.8018, 26.1295], [5.7699, 26.1295], [5.7699, 26.1151], [5.738, 26.1151], [5.738, 26.1008], [5.7061, 26.0865], [5.7061, 26.0579], [5.7221, 26.0579], [5.7221, 26.0006], [5.6902, 26.0006], [5.6902, 25.9863], [5.6583, 25.972], [5.6583, 25.929], [5.6424, 25.929], [5.6424, 25.9146], [5.6105, 25.9146], [5.6105, 25.9003], [5.5627, 25.9003], [5.5627, 25.8716], [5.5309, 25.8716], [5.5309, 25.8573], [5.5149, 25.8573], [5.5149, 25.8286], [5.499, 25.8286], [5.499, 25.8143], [5.4671, 25.8143], [5.4512, 25.7856], [5.4034, 25.7856], [5.4034, 25.8143], [5.3715, 25.8286], [5.3715, 25.9003], [5.3556, 25.9003], [5.3556, 25.9433], [5.3396, 25.9433], [5.3396, 25.9576], [5.3237, 25.9576], [5.3237, 25.972], [5.2918, 25.9863], [5.2918, 26.0293], [5.2759, 26.0293], [5.2759, 26.1008], [5.244, 26.1008], [5.244, 26.1151], [5.2281, 26.1151], [5.2281, 26.201], [5.244, 26.201], [5.244, 26.2296], [5.2121, 26.2296], [5.2121, 26.2581], [5.1803, 26.2581], [5.1803, 26.2724], [5.1325, 26.2724], [5.1165, 26.3296], [5.0528, 26.3296], [5.0528, 26.301], [5.0368, 26.301], [5.0368, 26.2867], [5.005, 26.2867], [5.005, 26.301], [4.989, 26.301], [4.989, 26.2724], [4.9412, 26.2724], [4.9412, 26.3296], [4.9253, 26.3296], [4.9253, 26.3439], [4.8616, 26.3439], [4.8616, 26.3296], [4.8456, 26.3296], [4.8456, 26.3153], [4.8616, 26.3153], [4.8456, 26.2867], [4.8297, 26.2867], [4.8297, 26.301], [4.7659, 26.301], [4.7659, 26.2724], [4.75, 26.2724], [4.7341, 26.2439], [4.7022, 26.2439], [4.7022, 26.2867], [4.6703, 26.2867], [4.6544, 26.3153], [4.6225, 26.3153], [4.6225, 26.3296], [4.6066, 26.3296], [4.6066, 26.3581], [4.5906, 26.3581], [4.5906, 26.3724], [4.5588, 26.3724], [4.5588, 26.3581], [4.5428, 26.3581], [4.5428, 26.3153], [4.5588, 26.3153], [4.5588, 26.301], [4.5269, 26.301], [4.5269, 26.3153], [4.4791, 26.3153], [4.4791, 26.301], [4.4632, 26.301], [4.4632, 26.2439], [4.4791, 26.2439], [4.4632, 26.2153], [4.4313, 26.2153], [4.4313, 26.201], [4.3835, 26.201], [4.3835, 26.2153], [4.3675, 26.2153], [4.3675, 26.2439], [4.3516, 26.2439], [4.3516, 26.2581], [4.3197, 26.2581], [4.3197, 26.2439], [4.3038, 26.2439], [4.3038, 26.201], [4.2719, 26.201], [4.2719, 26.1867], [4.256, 26.1867], [4.2401, 26.1581], [4.2082, 26.1581], [4.1922, 26.1295], [4.1763, 26.1295], [4.1763, 26.1581], [4.1444, 26.1724], [4.1444, 26.1867], [4.1763, 26.201], [4.1763, 26.2581], [4.1604, 26.2581], [4.1604, 26.2867], [4.1285, 26.301], [4.1285, 26.3581], [4.1126, 26.3581], [4.1126, 26.3867], [4.0966, 26.3867], [4.0966, 26.401], [4.0648, 26.401], [4.0648, 26.3724], [4.0807, 26.3724], [4.0807, 26.3581], [3.9851, 26.3439], [3.9851, 26.3153], [3.9691, 26.3153], [3.9691, 26.3296], [3.9373, 26.3296], [3.9373, 26.3153], [3.9054, 26.3153], [3.9054, 26.301], [3.8735, 26.301], [3.8735, 26.2867], [3.7779, 26.2867], [3.7779, 26.2724], [3.762, 26.2724], [3.762, 26.2581], [3.7779, 26.2581], [3.7779, 26.2296], [3.746, 26.2296], [3.746, 26.2153], [3.7301, 26.2153], [3.7301, 26.1581], [3.7142, 26.1581], [3.7142, 26.1438], [3.6504, 26.1438], [3.6504, 26.1581], [3.6186, 26.1581], [3.6186, 26.1724], [3.6026, 26.1724], [3.5867, 26.201], [3.5389, 26.201], [3.5389, 26.2296], [3.5229, 26.2296], [3.5229, 26.2439], [3.4751, 26.2439], [3.4751, 26.2153], [3.4592, 26.2153], [3.4592, 26.201], [3.3955, 26.201], [3.3795, 26.2296], [3.2839, 26.2153], [3.2839, 26.2439], [3.268, 26.2439], [3.268, 26.2867], [3.252, 26.2867], [3.252, 26.301], [3.2202, 26.301], [3.2202, 26.3296], [3.2361, 26.3296], [3.2361, 26.3439], [3.252, 26.3439], [3.252, 26.3581], [3.2839, 26.3724], [3.2839, 26.401], [3.2998, 26.401], [3.2998, 26.458], [3.3317, 26.458], [3.3317, 26.5436], [3.3636, 26.5436], [3.3636, 26.5579], [3.4751, 26.5579], [3.4751, 26.5721], [3.4911, 26.5721], [3.4911, 26.6006], [3.507, 26.6006], [3.507, 26.6149], [3.5229, 26.6149], [3.5229, 26.6291], [3.5548, 26.6434], [3.5548, 26.6576], [3.5389, 26.6576], [3.5389, 26.6861], [3.5548, 26.6861], [3.5548, 26.7146], [3.5708, 26.7146], [3.5708, 26.7573], [3.6186, 26.7573], [3.6186, 26.7999], [3.6504, 26.8142], [3.6504, 26.8853], [3.6186, 26.8853], [3.6186, 26.9137], [3.6664, 26.9137], [3.6664, 26.9279], [3.6504, 26.9279], [3.6504, 26.9421], [3.6345, 26.9421], [3.6186, 26.9705], [3.6026, 26.9705], [3.6026, 26.9279], [3.5548, 26.9279], [3.5548, 26.9563], [3.5229, 26.9563], [3.5229, 26.9705], [3.507, 26.9705], [3.507, 26.9989], [3.5229, 26.9989], [3.507, 27.0273], [3.4911, 27.0273], [3.4911, 27.0131], [3.3477, 27.0131], [3.3477, 26.9989], [3.3317, 26.9989], [3.3317, 26.9563], [3.2998, 26.9421], [3.2998, 26.8853], [3.268, 26.8853], [3.252, 26.8568], [3.1883, 26.8568], [3.1883, 26.871], [3.1246, 26.871], [3.1246, 26.8568], [3.0927, 26.8568], [3.1086, 26.9137], [3.0767, 26.9137], [3.0608, 26.8853], [3.013, 26.8853], [3.013, 26.871], [2.9971, 26.871], [2.9971, 26.8142], [3.013, 26.8142], [3.013, 26.7288], [2.9811, 26.7288], [2.9652, 26.7573], [2.9174, 26.7573], [2.9174, 26.743], [2.9015, 26.743], [2.9015, 26.7288], [2.8855, 26.7288], [2.8696, 26.7003], [2.8536, 26.7003], [2.8536, 26.7146], [2.8218, 26.7146], [2.8218, 26.6719], [2.8377, 26.6719], [2.8377, 26.6434], [2.8536, 26.6434], [2.8536, 26.6149], [2.8218, 26.6006], [2.8218, 26.5436], [2.8536, 26.5294], [2.8536, 26.4723], [2.8855, 26.4723], [2.8855, 26.4866], [2.9015, 26.4866], [2.9015, 26.458], [2.8855, 26.458], [2.8855, 26.3867], [2.8696, 26.3867], [2.8696, 26.3724], [2.8218, 26.3724], [2.8218, 26.3296], [2.8377, 26.3296], [2.8377, 26.3153], [2.8696, 26.301], [2.8696, 26.2724], [2.8058, 26.2724], [2.8058, 26.2867], [2.774, 26.2867], [2.774, 26.2153], [2.6624, 26.2153], [2.6624, 26.201], [2.6305, 26.201], [2.6305, 26.1867], [2.6146, 26.1867], [2.6146, 26.1724], [2.6305, 26.1724], [2.6305, 26.0865], [2.5827, 26.0865], [2.5668, 26.0579], [2.519, 26.0579], [2.519, 26.0436], [2.4553, 26.0436], [2.4553, 26.0293], [2.4234, 26.0293], [2.4234, 26.0149], [2.3596, 26.0149], [2.3596, 26.0006], [2.3278, 26.0006], [2.3118, 25.972], [2.28, 25.972], [2.28, 25.9576], [2.2481, 25.9576], [2.2481, 25.9433], [2.2322, 25.9433], [2.2322, 25.9576], [2.1843, 25.9576], [2.1843, 25.972], [2.1525, 25.972], [2.1525, 25.9576], [2.1206, 25.9433], [2.1206, 25.9576], [2.1047, 25.9576], [2.1047, 25.972], [2.0728, 25.9863], [2.0728, 25.972], [2.025, 25.972], [2.025, 25.9146], [1.9612, 25.9146], [1.9612, 25.929], [1.9294, 25.929], [1.9294, 25.972], [1.9453, 25.972], [1.9453, 26.0006], [1.9612, 26.0006], [1.9612, 26.0436], [1.9294, 26.0436], [1.9294, 26.0722], [1.8975, 26.0722], [1.8975, 26.0865], [1.8816, 26.0865], [1.8816, 26.1008], [1.8497, 26.1151], [1.8497, 26.201], [1.8338, 26.201], [1.8338, 26.2296], [1.8656, 26.2296], [1.8656, 26.2581], [1.7381, 26.2581], [1.7381, 26.2724], [1.6903, 26.2724], [1.6903, 26.2581], [1.5947, 26.2439], [1.5947, 26.2581], [1.5629, 26.2581], [1.5629, 26.2724], [1.4832, 26.2724], [1.4832, 26.301], [1.515, 26.301], [1.531, 26.3296], [1.4672, 26.3296], [1.4513, 26.3581], [1.4194, 26.3581], [1.4194, 26.3296], [1.3079, 26.3296], [1.3079, 26.3153], [1.276, 26.3153], [1.276, 26.3296], [1.2601, 26.3296], [1.2441, 26.301], [1.1963, 26.301], [1.1963, 26.2724], [1.1804, 26.2724], [1.1804, 26.2296], [1.1326, 26.2296], [1.1326, 26.2153], [1.1007, 26.2153], [1.1007, 26.2296], [1.0848, 26.2296], [1.0848, 26.2153], [1.0529, 26.2153], [1.0529, 26.1867], [1.0688, 26.1867], [1.0688, 26.1724], [1.0529, 26.1724], [1.0529, 26.1438], [1.0688, 26.1438], [1.0688, 26.1295], [1.0529, 26.1295], [1.0529, 26.1151], [1.021, 26.1151], [1.0051, 26.0865], [0.9414, 26.0722], [0.9414, 26.0579], [0.9254, 26.0579], [0.9095, 26.0293], [0.8617, 26.0293], [0.8617, 26.0149], [0.8298, 26.0149], [0.8298, 25.9863], [0.8617, 25.9863], [0.8617, 25.972], [0.8776, 25.972], [0.8776, 25.9433], [0.8457, 25.9433], [0.8457, 25.929], [0.8139, 25.929], [0.8139, 25.9576], [0.8298, 25.9576], [0.8298, 25.972], [0.782, 25.972], [0.782, 25.9433], [0.7661, 25.9433], [0.7661, 25.929], [0.7023, 25.9433], [0.7023, 25.9576], [0.6864, 25.9576], [0.6704, 25.9863], [0.6386, 25.9863], [0.6386, 26.0006], [0.6067, 26.0149], [0.6067, 26.0579], [0.5908, 26.0579], [0.5748, 26.0865], [0.543, 26.0865], [0.543, 26.1008], [0.527, 26.1008], [0.527, 26.1295], [0.4952, 26.1295], [0.4952, 26.1438], [0.4473, 26.1438], [0.4473, 26.1581], [0.3836, 26.1581], [0.3677, 26.1867], [0.3358, 26.1867], [0.3358, 26.1295], [0.2561, 26.1295], [0.2561, 26.1438], [0.2242, 26.1438], [0.2242, 26.1295], [0.2083, 26.1295], [0.2083, 26.1008], [0.1764, 26.1151], [0.1764, 26.1008], [0.1446, 26.1008], [0.1446, 26.0865], [0.0808, 26.0865], [0.0808, 26.0293], [0.049, 26.0149], [0.049, 25.9863], [0.0808, 25.9863], [0.0808, 25.972], [0.0649, 25.972], [0.0649, 25.9576], [0.049, 25.9576], [0.049, 25.9433], [0.033, 25.9433], [0.0171, 25.9146], [-0.0307, 25.9146], [-0.0307, 25.929], [-0.0945, 25.9146], [-0.0945, 25.929], [-0.1263, 25.929], [-0.1423, 25.8716], [-0.1741, 25.8573], [-0.1741, 25.8143], [-0.1901, 25.8143], [-0.1901, 25.8286], [-0.222, 25.8286], [-0.222, 25.8143], [-0.2379, 25.8143], [-0.2379, 25.7856], [-0.2538, 25.7856], [-0.2538, 25.7569], [-0.3016, 25.7569], [-0.3016, 25.7282], [-0.3176, 25.7282], [-0.3176, 25.6707], [-0.3335, 25.6707], [-0.3494, 25.6995], [-0.3972, 25.6995], [-0.3972, 25.6851], [-0.4132, 25.6851], [-0.4132, 25.6564], [-0.3972, 25.6564], [-0.3972, 25.6133], [-0.4132, 25.6133], [-0.4132, 25.5989], [-0.4291, 25.5989], [-0.4451, 25.6276], [-0.5247, 25.6276], [-0.5247, 25.5989], [-0.5725, 25.5989], [-0.5725, 25.5558], [-0.5247, 25.5558], [-0.5247, 25.5414], [-0.5088, 25.5414], [-0.5088, 25.4982], [-0.5247, 25.4982], [-0.5407, 25.4695], [-0.5566, 25.4695], [-0.5566, 25.4982], [-0.6044, 25.4982], [-0.6044, 25.4839], [-0.6203, 25.4839], [-0.6203, 25.4695], [-0.6522, 25.4551], [-0.6522, 25.4407], [-0.5725, 25.4407], [-0.5725, 25.4263], [-0.5566, 25.4263], [-0.5566, 25.3687], [-0.5725, 25.3687], [-0.5725, 25.3399], [-0.5885, 25.3399], [-0.6044, 25.3111], [-0.6682, 25.3111], [-0.6682, 25.2967], [-0.7319, 25.2967], [-0.7319, 25.2823], [-0.7478, 25.2823], [-0.7478, 25.2967], [-0.8434, 25.2967], [-0.8434, 25.3255], [-0.8275, 25.3255], [-0.8116, 25.3543], [-0.8913, 25.3543], [-0.9072, 25.3255], [-0.955, 25.3255], [-0.955, 25.3399], [-1.0028, 25.3399], [-1.0028, 25.3543], [-1.0506, 25.3543], [-1.0506, 25.3687], [-1.1462, 25.3687], [-1.1462, 25.3543], [-1.1781, 25.3543], [-1.1781, 25.3399], [-1.194, 25.3399], [-1.194, 25.3543], [-1.2259, 25.3543], [-1.2418, 25.3831], [-1.3056, 25.3831], [-1.3056, 25.3975], [-1.3215, 25.3975], [-1.3215, 25.4119], [-1.3375, 25.4119], [-1.3534, 25.4407], [-1.4171, 25.4263], [-1.4171, 25.4119], [-1.4331, 25.4119], [-1.4331, 25.3255], [-1.4012, 25.3111], [-1.4012, 25.2823], [-1.4171, 25.2823], [-1.4171, 25.2679], [-1.4331, 25.2679], [-1.4331, 25.2391], [-1.4649, 25.2247], [-1.4649, 25.1093], [-1.3693, 25.1093], [-1.3693, 25.0227], [-1.3534, 25.0227], [-1.3534, 25.0082], [-1.3853, 25.0082], [-1.3853, 24.9649], [-1.4171, 24.9649], [-1.4331, 24.9938], [-1.449, 24.9938], [-1.4649, 24.9649], [-1.5287, 24.9649], [-1.5287, 24.9504], [-1.5446, 24.9504], [-1.5446, 24.936], [-1.5765, 24.936], [-1.5924, 24.9071], [-1.5606, 24.9071], [-1.5606, 24.8926], [-1.5287, 24.8926], [-1.5287, 24.8782], [-1.4809, 24.8782], [-1.4809, 24.8637], [-1.4171, 24.8637], [-1.4171, 24.8493], [-1.3693, 24.8493], [-1.3693, 24.8348], [-1.3375, 24.8348], [-1.3375, 24.8493], [-1.3056, 24.8348], [-1.3056, 24.7914], [-1.2896, 24.7914], [-1.2896, 24.7625], [-1.3056, 24.7625], [-1.3056, 24.748], [-1.2896, 24.748], [-1.2896, 24.7046], [-1.2737, 24.7046], [-1.2737, 24.6611], [-1.2578, 24.6611], [-1.2578, 24.6466], [-1.2737, 24.6466], [-1.2737, 24.6177], [-1.2259, 24.6177], [-1.2259, 24.6032], [-1.21, 24.6032], [-1.21, 24.5887], [-1.2418, 24.5887], [-1.2418, 24.5742], [-1.2259, 24.5742], [-1.2259, 24.5597], [-1.194, 24.5597], [-1.194, 24.5452], [-1.1781, 24.5452], [-1.1781, 24.5162], [-1.1144, 24.5162], [-1.1144, 24.5017], [-1.0825, 24.5017], [-1.0825, 24.4872], [-1.0187, 24.4872], [-1.0187, 24.4727], [-0.9709, 24.4727], [-0.9869, 24.3857], [-0.9231, 24.4002], [-0.9231, 24.3566], [-0.9709, 24.3566], [-0.9709, 24.284], [-0.955, 24.284], [-0.955, 24.255], [-0.9391, 24.255], [-0.9391, 24.2404], [-0.9231, 24.2404], [-0.9231, 24.2259], [-0.9072, 24.2259], [-0.9072, 24.2114], [-0.8913, 24.2114], [-0.8913, 24.1968], [-0.8753, 24.1968], [-0.8594, 24.1678], [-0.8116, 24.1678], [-0.8116, 24.1532], [-0.7956, 24.1532], [-0.7956, 24.1241], [-0.7797, 24.1241], [-0.7797, 24.1387], [-0.7638, 24.1387], [-0.7638, 24.1678], [-0.7478, 24.1678], [-0.7478, 24.1823], [-0.7319, 24.1823], [-0.7319, 24.1968], [-0.7, 24.2114], [-0.7, 24.2404], [-0.6522, 24.2404], [-0.6363, 24.2695], [-0.6044, 24.255], [-0.6044, 24.2695], [-0.5725, 24.2695], [-0.5725, 24.284], [-0.5088, 24.284], [-0.5088, 24.3131], [-0.5407, 24.3131], [-0.5407, 24.3566], [-0.5247, 24.3566], [-0.5247, 24.3711], [-0.4929, 24.3711], [-0.4929, 24.3857], [-0.461, 24.4002], [-0.461, 24.4147], [-0.4769, 24.4147], [-0.4769, 24.4437], [-0.461, 24.4437], [-0.461, 24.4582], [-0.4291, 24.4727], [-0.4291, 24.5017], [-0.3654, 24.5017], [-0.3654, 24.4872], [-0.3494, 24.4872], [-0.3494, 24.4437], [-0.3176, 24.4582], [-0.3016, 24.3421], [-0.3176, 24.3421], [-0.3176, 24.3711], [-0.3335, 24.3711], [-0.3335, 24.3421], [-0.3494, 24.3421], [-0.3494, 24.3276], [-0.3813, 24.3276], [-0.3972, 24.2985], [-0.3654, 24.2985], [-0.3654, 24.284], [-0.3335, 24.284], [-0.3335, 24.2985], [-0.3016, 24.2985], [-0.3016, 24.284], [-0.222, 24.284], [-0.222, 24.2404], [-0.1741, 24.2404], [-0.1741, 24.2259], [-0.0785, 24.2259], [-0.0785, 24.1823], [-0.0626, 24.1823], [-0.0626, 24.1678], [-0.0307, 24.1678], [-0.0307, 24.1823], [0.033, 24.1823], [0.049, 24.1532], [0.1127, 24.1532], [0.1127, 24.1387], [0.1286, 24.1387], [0.1286, 24.1096], [0.0808, 24.1096], [0.0808, 24.066], [0.0968, 24.066], [0.1127, 24.0368], [0.1605, 24.0368], [0.1605, 24.0514], [0.1924, 24.066], [0.1924, 24.0514], [0.2083, 24.0514], [0.2083, 24.0223], [0.2402, 24.0223], [0.2402, 24.0077], [0.2561, 24.0077], [0.2721, 23.9786], [0.3836, 23.9786], [0.3995, 23.9495], [0.3836, 23.9495], [0.3677, 23.8912], [0.3039, 23.9058], [0.3039, 23.9349], [0.288, 23.9349], [0.288, 23.9495], [0.2561, 23.9641], [0.2561, 23.9495], [0.2402, 23.9495], [0.2402, 23.9204], [0.2561, 23.9204], [0.2561, 23.9058], [0.2242, 23.8912], [0.2242, 23.8621], [0.2402, 23.8621], [0.2402, 23.8475], [0.2721, 23.8475], [0.288, 23.8184], [0.3358, 23.8184], [0.3358, 23.8329], [0.3677, 23.8329], [0.3677, 23.8184], [0.3836, 23.8184], [0.3836, 23.7892], [0.3995, 23.7892], [0.4155, 23.76], [0.4473, 23.76], [0.4473, 23.7454], [0.4792, 23.7454], [0.4952, 23.7746], [0.5589, 23.7746], [0.5589, 23.7892], [0.5748, 23.7892], [0.5748, 23.8038], [0.6067, 23.8038], [0.6067, 23.8184], [0.6226, 23.8184], [0.6386, 23.7892], [0.6704, 23.7892], [0.6704, 23.7746], [0.6864, 23.7746], [0.6864, 23.7892], [0.7501, 23.7892], [0.7501, 23.8329], [0.782, 23.8475], [0.7661, 23.9058], [0.7979, 23.9058], [0.8139, 23.9349], [0.8617, 23.9349], [0.8617, 23.9495], [0.8776, 23.9495], [0.8617, 24.0077], [0.9095, 24.0077], [0.9095, 24.0223], [0.9892, 24.0223], [0.9892, 24.0077], [1.037, 24.0077], [1.037, 23.9786], [1.0848, 23.9786], [1.0848, 23.9932], [1.1326, 23.9932], [1.1326, 23.9786], [1.2123, 23.9786], [1.2123, 23.9641], [1.2282, 23.9641], [1.2282, 23.9495], [1.2601, 23.9495], [1.2601, 23.9349], [1.3079, 23.9349], [1.3079, 23.9786], [1.3876, 23.9786], [1.3876, 24.0223], [1.4194, 24.0223], [1.4194, 23.9786], [1.4513, 23.9786], [1.4513, 23.9495], [1.515, 23.9349], [1.531, 23.9641], [1.5629, 23.9641], [1.5629, 23.9495], [1.5947, 23.9495], [1.5947, 23.9349], [1.6107, 23.9349], [1.6266, 23.9058], [1.6585, 23.9058], [1.6585, 23.8621], [1.6744, 23.8621], [1.6744, 23.8475], [1.7222, 23.8475], [1.7222, 23.8621], [1.7541, 23.8621], [1.7541, 23.8475], [1.8019, 23.8475], [1.8019, 23.8621], [1.8338, 23.8621], [1.8338, 23.8475], [1.8497, 23.8475], [1.8497, 23.8621], [1.8656, 23.8621], [1.8656, 23.8767], [1.8975, 23.8767], [1.8975, 23.9058], [1.9294, 23.9204], [1.9294, 23.9349], [1.8975, 23.9495], [1.8975, 23.9786], [1.8816, 23.9786], [1.8816, 23.9932], [1.8497, 23.9932], [1.8497, 24.0223], [1.8656, 24.0223], [1.8656, 24.0514], [1.8816, 24.0514], [1.8975, 24.1096], [1.9294, 24.1096], [1.9294, 24.1241], [1.9612, 24.1241], [1.9612, 24.1096], [1.9772, 24.1096], [1.9772, 24.066], [1.9612, 24.066], [1.9612, 24.0368], [1.9772, 24.0368], [1.9931, 24.0077], [2.0409, 24.0077], [2.0409, 23.9932], [2.1047, 23.9932], [2.1206, 23.9641], [2.1047, 23.9641], [2.0887, 23.9349], [2.1047, 23.9349], [2.1047, 23.9204], [2.1525, 23.9204], [2.1525, 23.8912], [2.1684, 23.8912], [2.1684, 23.8767], [2.1843, 23.8767], [2.1843, 23.8912], [2.2162, 23.8912], [2.2162, 23.8767], [2.2481, 23.8621], [2.2481, 23.8912], [2.28, 23.8912], [2.28, 23.8621], [2.2481, 23.8475], [2.2481, 23.8038], [2.264, 23.8038], [2.264, 23.7892], [2.2959, 23.7892], [2.2959, 23.7746], [2.3278, 23.7746], [2.3278, 23.76], [2.4712, 23.76], [2.4712, 23.7746], [2.5031, 23.7746], [2.5031, 23.76], [2.5509, 23.76], [2.5668, 23.7892], [2.6146, 23.7892], [2.6146, 23.7746], [2.6305, 23.7746], [2.6305, 23.8184], [2.6465, 23.8184], [2.6465, 23.8329], [2.6624, 23.8329], [2.6624, 23.8475], [2.6784, 23.8475], [2.6943, 23.8767], [2.7421, 23.8767], [2.7421, 23.8621], [2.758, 23.8621], [2.774, 23.8912], [2.7899, 23.8912], [2.7899, 23.8767], [2.8218, 23.8767], [2.8218, 23.8475], [2.8058, 23.8475], [2.8058, 23.8329], [2.8377, 23.8329], [2.8377, 23.8621], [2.8536, 23.8621], [2.8536, 23.8767], [2.9652, 23.8767], [2.9652, 23.8475], [2.9971, 23.8475], [2.9971, 23.8184], [3.0449, 23.8184], [3.0449, 23.8329], [3.0927, 23.8329], [3.0927, 23.8475], [3.1086, 23.8475], [3.1086, 23.8767], [3.1246, 23.8767], [3.1405, 23.9058], [3.2042, 23.9058], [3.2042, 23.9204], [3.2361, 23.9204], [3.2361, 23.9058], [3.252, 23.9058], [3.252, 23.9204], [3.2839, 23.9204], [3.2839, 23.9349], [3.3158, 23.9495], [3.3158, 23.9786], [3.3317, 23.9786], [3.3317, 23.9932], [3.3477, 23.9932], [3.3636, 24.0223], [3.4273, 24.0223], [3.4273, 24.0368], [3.4433, 24.0368], [3.4433, 24.066], [3.4273, 24.066], [3.4114, 24.095], [3.4273, 24.095], [3.4433, 24.1241], [3.4751, 24.1241], [3.4751, 24.1387], [3.4911, 24.1387], [3.4911, 24.095], [3.5229, 24.095], [3.5229, 24.1387], [3.5389, 24.1387], [3.5389, 24.1532], [3.5548, 24.1532], [3.5708, 24.1823], [3.6026, 24.1823], [3.6026, 24.1968], [3.6186, 24.1968], [3.6186, 24.2259], [3.6345, 24.2259], [3.6504, 24.255], [3.6823, 24.255], [3.6823, 24.2404], [3.6982, 24.2404], [3.6982, 24.2259], [3.7301, 24.2259], [3.7301, 24.2114], [3.7779, 24.2114], [3.7939, 24.2404], [3.8417, 24.2404], [3.8417, 24.2114], [3.8576, 24.2114], [3.8576, 24.1968], [3.8735, 24.1968], [3.8735, 24.2404], [3.9054, 24.2404], [3.9054, 24.255], [3.9213, 24.255], [3.9213, 24.2404], [3.9373, 24.2404], [3.9373, 24.2114], [3.9532, 24.2114], [3.9532, 24.1968], [3.9851, 24.1968], [3.9851, 24.1823], [3.9691, 24.1823], [3.9532, 24.1532], [3.9213, 24.1532], [3.9373, 24.1241], [3.9851, 24.1241], [3.9851, 24.1387], [4.001, 24.1387], [4.001, 24.1096], [3.9532, 24.1096], [3.9532, 24.095], [3.9373, 24.095], [3.9373, 24.0223], [3.9532, 24.0223], [3.9532, 23.9641], [3.9851, 23.9495], [3.9851, 23.9349], [3.9691, 23.9349], [3.9691, 23.8912], [4.001, 23.8767], [4.001, 23.8475], [3.9691, 23.8329], [3.9691, 23.8038], [3.9373, 23.7892], [3.9373, 23.76], [3.9532, 23.76], [3.9532, 23.7454], [3.9851, 23.76], [4.001, 23.7309], [4.0329, 23.7309], [4.0329, 23.6871], [4.0488, 23.6871], [4.0488, 23.6725], [4.0648, 23.6725], [4.0807, 23.6433], [4.1285, 23.6433], [4.1285, 23.6287], [4.1444, 23.6287], [4.1444, 23.6433], [4.1763, 23.6433], [4.1763, 23.6579], [4.2082, 23.6579], [4.2082, 23.6725], [4.1922, 23.6725], [4.1763, 23.7017], [4.2241, 23.7017], [4.2241, 23.6871], [4.2719, 23.6871], [4.2719, 23.7017], [4.3038, 23.7017], [4.3038, 23.6871], [4.3357, 23.6871], [4.3357, 23.7017], [4.3994, 23.7017], [4.3994, 23.7163], [4.4313, 23.7309], [4.4313, 23.7454], [4.4153, 23.7454], [4.4153, 23.7892], [4.495, 23.7892], [4.495, 23.7746], [4.5588, 23.7746], [4.5588, 23.7892], [4.6384, 23.7892], [4.6384, 23.8038], [4.6544, 23.8038], [4.6544, 23.7746], [4.7181, 23.7746], [4.7181, 23.76], [4.7978, 23.76], [4.7978, 23.7746], [4.8616, 23.7746], [4.8616, 23.7309], [4.8934, 23.7309], [4.8934, 23.7017], [4.9094, 23.7017], [4.9253, 23.6725], [4.9412, 23.6725], [4.9412, 23.6871], [4.989, 23.6871], [4.989, 23.7017], [5.0687, 23.7017], [5.0687, 23.6871], [5.1006, 23.6871], [5.1006, 23.7017], [5.1484, 23.7017], [5.1484, 23.6725], [5.2281, 23.6725], [5.244, 23.7017], [5.2759, 23.7017], [5.3078, 23.6433], [5.3237, 23.6433], [5.3237, 23.6579], [5.3556, 23.6579], [5.3556, 23.6725], [5.3874, 23.6725], [5.3874, 23.6579], [5.4193, 23.6433], [5.4352, 23.5557], [5.499, 23.5557], [5.499, 23.5411], [5.5309, 23.5411], [5.5309, 23.5265], [5.5468, 23.5265], [5.5468, 23.5411], [5.6105, 23.5411], [5.6265, 23.5118], [5.738, 23.5118], [5.738, 23.5265], [5.7699, 23.5265], [5.7699, 23.5411], [5.8655, 23.5411], [5.8814, 23.5118], [5.9292, 23.5118], [5.9292, 23.5411], [5.9452, 23.5411], [5.9452, 23.5557], [5.9611, 23.5557], [5.9611, 23.5411], [5.9771, 23.5411], [5.9771, 23.5557], [6.0249, 23.5557], [6.0249, 23.5411], [6.1205, 23.5411], [6.1205, 23.5557], [6.1523, 23.5703], [6.1364, 23.6287], [6.1683, 23.6287], [6.1683, 23.6433], [6.1523, 23.6433], [6.1523, 23.6725], [6.1683, 23.6725], [6.1683, 23.7017], [6.2002, 23.7163], [6.2002, 23.7454], [6.248, 23.7454], [6.248, 23.76], [6.2798, 23.76], [6.2798, 23.7746], [6.3276, 23.7746], [6.3276, 23.8184], [6.3754, 23.8184], [6.3914, 23.7892], [6.4392, 23.7892], [6.4392, 23.7017], [6.4551, 23.7017], [6.4711, 23.6725], [6.5029, 23.6725], [6.5029, 23.6579], [6.5189, 23.6579], [6.5189, 23.6725], [6.5985, 23.6725], [6.5985, 23.6287], [6.5826, 23.6287], [6.5826, 23.5849], [6.5985, 23.5849], [6.5985, 23.5557], [6.5826, 23.5557], [6.5826, 23.5265], [6.5985, 23.5265], [6.5985, 23.4826], [6.6304, 23.4826], [6.6304, 23.468], [6.6464, 23.468], [6.6464, 23.4241], [6.6942, 23.4241], [6.6942, 23.3656], [6.726, 23.3656], [6.726, 23.351], [6.7738, 23.351], [6.7898, 23.3217], [6.8057, 23.3217], [6.8057, 23.3364], [6.8535, 23.3364], [6.8535, 23.3217], [6.8695, 23.3217], [6.8695, 23.2925], [6.8854, 23.2925], [6.8854, 23.2339], [6.9013, 23.2339], [6.9013, 23.2193], [6.9173, 23.2193], [6.9173, 23.2046], [6.9491, 23.19], [6.9491, 23.1607], [6.9651, 23.1607], [6.9651, 23.146], [6.9969, 23.146], [6.9969, 23.1314], [7.0288, 23.1314], [7.0288, 23.1167], [7.0447, 23.1167], [7.0288, 23.0581], [7.0447, 23.0581], [7.0447, 23.0434], [7.0607, 23.0434], [7.0607, 23.0287], [7.0766, 23.0287], [7.0766, 23.0141], [7.0926, 23.0141], [7.1085, 22.9847], [7.1404, 22.9847], [7.1404, 22.9701], [7.1563, 22.9701], [7.1563, 22.9554], [7.1722, 22.9554], [7.1722, 22.9407], [7.1882, 22.9407], [7.2041, 22.9114], [7.236, 22.9114], [7.236, 22.8967], [7.2519, 22.8967], [7.2678, 22.8673], [7.3635, 22.882], [7.3635, 22.8526], [7.4272, 22.8526], [7.4272, 22.8673], [7.4431, 22.8673], [7.4431, 22.8526], [7.475, 22.8526], [7.475, 22.882], [7.5069, 22.882], [7.5069, 22.8526], [7.5228, 22.8526], [7.5228, 22.8233], [7.5388, 22.8233], [7.5388, 22.8086], [7.5866, 22.8086], [7.5866, 22.8233], [7.6025, 22.8233], [7.6025, 22.838], [7.5866, 22.838], [7.5866, 22.8673], [7.6184, 22.8673], [7.6184, 22.882], [7.6662, 22.882], [7.6662, 22.8967], [7.6822, 22.8967], [7.6822, 22.9114], [7.6981, 22.9114], [7.714, 22.9407], [7.7459, 22.9407], [7.7459, 22.9554], [7.7778, 22.9554], [7.7778, 22.9701], [7.8097, 22.9701], [7.8097, 22.9554], [7.8256, 22.9554], [7.8256, 22.9407], [7.8575, 22.9407], [7.8575, 22.926], [7.9053, 22.926], [7.9053, 22.9407], [8.0168, 22.9407], [8.0168, 22.926], [8.0806, 22.9114], [8.0806, 22.9407], [8.0487, 22.9407], [8.0487, 22.9554], [8.0646, 22.9554], [8.0646, 22.9701], [8.1124, 22.9701], [8.1284, 22.9994], [8.1762, 22.9994], [8.1762, 23.0141], [8.1921, 23.0141], [8.2081, 23.0434], [8.2399, 23.0434], [8.2399, 23.0581], [8.3355, 23.0434], [8.3355, 23.0581], [8.3834, 23.0581], [8.3834, 23.0727], [8.4471, 23.0727], [8.463, 23.1021], [8.4949, 23.1021], [8.4949, 23.0874], [8.5108, 23.0874], [8.5268, 23.1167], [8.5746, 23.1167], [8.5746, 23.1314], [8.5905, 23.1314], [8.5905, 23.19], [8.6065, 23.19], [8.6065, 23.2046], [8.7021, 23.19], [8.7021, 23.1753], [8.7339, 23.1607], [8.7339, 23.1753], [8.7658, 23.1753], [8.7658, 23.19], [8.7817, 23.19], [8.7817, 23.2046], [8.7499, 23.2046], [8.7499, 23.2339], [8.7817, 23.2339], [8.7817, 23.2193], [8.8136, 23.2193], [8.8136, 23.2339], [8.8296, 23.2339], [8.8296, 23.2193], [8.8614, 23.2046], [8.8614, 23.1607], [8.9092, 23.1607], [8.9092, 23.1753], [8.9252, 23.1753], [8.9252, 23.2193], [8.9411, 23.2193], [8.9411, 23.2486], [8.973, 23.2486], [8.973, 23.2046], [8.9889, 23.2046], [8.9889, 23.1753], [9.0208, 23.1753], [9.0208, 23.2339], [9.0686, 23.2339], [9.0686, 23.2925], [9.1005, 23.2925], [9.1164, 23.2632], [9.1801, 23.2632], [9.1801, 23.2778], [9.2598, 23.2778], [9.2598, 23.2925], [9.2758, 23.2925], [9.2758, 23.2486], [9.3076, 23.2486], [9.3076, 23.2925], [9.3395, 23.2925], [9.3554, 23.2632], [9.467, 23.2632], [9.467, 23.2486], [9.5307, 23.2486], [9.5467, 23.2778], [9.6423, 23.2925], [9.6423, 23.3364], [9.6263, 23.3364], [9.6263, 23.351], [9.6423, 23.351], [9.6423, 23.3656], [9.6582, 23.3656], [9.6582, 23.351], [9.6901, 23.351], [9.6901, 23.4095], [9.706, 23.4095], [9.706, 23.4241], [9.7698, 23.4241], [9.7698, 23.4388], [9.8016, 23.4388], [9.8016, 23.4534], [9.8335, 23.4534], [9.8335, 23.4388], [9.8813, 23.4388], [9.8813, 23.4534], [9.9451, 23.4534], [9.9451, 23.3949], [9.961, 23.3949], [9.961, 23.4241], [10.0088, 23.4241], [10.0088, 23.4095], [10.0725, 23.4095], [10.0725, 23.3949], [10.0885, 23.3949], [10.0885, 23.3803], [10.1044, 23.3803], [10.1203, 23.351], [10.2, 23.351], [10.2, 23.3364], [10.2478, 23.3364], [10.2478, 23.3217], [10.2797, 23.3217], [10.2797, 23.3071], [10.3116, 23.3071], [10.3116, 23.2925], [10.3753, 23.2925], [10.3753, 23.3071], [10.4231, 23.3071], [10.4231, 23.2925], [10.5028, 23.2925], [10.5028, 23.3071], [10.5984, 23.3071], [10.5984, 23.3217], [10.6303, 23.3217], [10.6303, 23.3364], [10.7259, 23.3364], [10.7259, 23.3217], [10.7737, 23.3217], [10.7737, 23.3364], [10.8375, 23.3217], [10.8375, 23.3364], [10.8693, 23.3364], [10.8693, 23.3217], [10.8853, 23.3217], [10.8853, 23.3071], [10.9012, 23.3071], [10.9171, 23.2778], [10.9331, 23.2778], [10.9331, 23.2925], [10.9649, 23.2925], [10.9649, 23.2778], [11.0606, 23.2925], [11.0606, 23.2778], [11.1402, 23.2778], [11.1402, 23.2632], [11.204, 23.2632], [11.2199, 23.2925], [11.2358, 23.2925], [11.2518, 23.2632], [11.3793, 23.2778], [11.3952, 23.2486], [11.4589, 23.2339], [11.4589, 23.2193], [11.443, 23.2193], [11.443, 23.19], [11.4749, 23.19], [11.4749, 23.2046], [11.5068, 23.2046], [11.5068, 23.2193], [11.5386, 23.2193], [11.5386, 23.2046], [11.6024, 23.2046], [11.6024, 23.2193], [11.6183, 23.2193], [11.6342, 23.2486], [11.6502, 23.2486], [11.6502, 23.2339], [11.7139, 23.2339], [11.7139, 23.2632], [11.7299, 23.2632], [11.7299, 23.2778], [11.7617, 23.2778], [11.7777, 23.3071], [11.8095, 23.3071], [11.8095, 23.3217], [11.8733, 23.3071], [11.8733, 23.3217], [11.8892, 23.3217], [11.9052, 23.2925], [11.953, 23.2925], [11.953, 23.2778], [12.0008, 23.2778], [12.0008, 23.2632], [12.0326, 23.2632], [12.0326, 23.2778], [12.0804, 23.2778], [12.0804, 23.2632], [12.1442, 23.2632], [12.1442, 23.2339], [12.1601, 23.2339], [12.1601, 23.2193], [12.1761, 23.2193], [12.1761, 23.2339], [12.2079, 23.2486], [12.2079, 23.2339], [12.2398, 23.2339], [12.2398, 23.2193], [12.2557, 23.2193], [12.2557, 23.1753], [12.2717, 23.1753], [12.2717, 23.1607], [12.3514, 23.1607], [12.3992, 23.0727], [12.4629, 23.0727], [12.4629, 23.0581], [12.5426, 23.0581], [12.5426, 23.0727], [12.5107, 23.0727], [12.5107, 23.0874], [12.447, 23.1021], [12.447, 23.1167], [12.431, 23.1167], [12.431, 23.146], [12.4151, 23.146], [12.4151, 23.1753], [12.3992, 23.1753], [12.3992, 23.2632], [12.4151, 23.2632], [12.4151, 23.2925], [12.447, 23.2925], [12.447, 23.2632], [12.4629, 23.2632], [12.4629, 23.2193], [12.4948, 23.2046], [12.4948, 23.1753], [12.5107, 23.1753], [12.5107, 23.146], [12.5266, 23.146], [12.5266, 23.1314], [12.6063, 23.1314], [12.6063, 23.1167], [12.6382, 23.1167], [12.6541, 23.0874], [12.6701, 23.0874], [12.6701, 23.1021], [12.7179, 23.1021], [12.7179, 23.0874], [12.7497, 23.0874], [12.7657, 23.0581], [12.8294, 23.0434], [12.8454, 23.0141], [12.8932, 23.0141], [12.8932, 22.9994], [12.9569, 22.9994], [12.9569, 22.9847], [13.0207, 22.9701], [13.0366, 22.9407], [13.1003, 22.9407], [13.1003, 22.926], [13.1481, 22.926], [13.1481, 22.9114], [13.2119, 22.9114], [13.2119, 22.8967], [13.2278, 22.8967], [13.2438, 22.8673], [13.2756, 22.8673], [13.2916, 22.838], [13.4031, 22.838], [13.4031, 22.8233], [13.435, 22.8086], [13.435, 22.838], [13.4509, 22.838], [13.4509, 22.8526], [13.5465, 22.8526], [13.5465, 22.838], [13.5784, 22.8526], [13.5784, 22.838], [13.6262, 22.838], [13.6421, 22.8673], [13.674, 22.8673], [13.69, 22.838], [13.7059, 22.838], [13.7059, 22.8526], [13.7537, 22.8526], [13.7537, 22.838], [13.7696, 22.838], [13.7856, 22.8086], [13.8334, 22.8086], [13.8334, 22.838], [13.8652, 22.838], [13.8652, 22.8233], [13.8493, 22.8233], [13.8493, 22.7939], [13.8812, 22.7939], [13.8971, 22.8233], [13.929, 22.8233], [13.929, 22.8086], [13.9449, 22.8086], [13.9449, 22.7939], [13.9768, 22.7792], [13.9768, 22.7498], [14.0087, 22.7498], [14.0246, 22.7204], [14.0724, 22.7204], [14.0724, 22.7498], [14.0565, 22.7498], [14.0565, 22.7792], [14.0405, 22.7792], [14.0405, 22.7939], [14.0565, 22.7939], [14.0565, 22.8526], [13.9768, 22.8526], [13.9768, 22.8673], [13.8493, 22.8673], [13.8493, 22.882], [13.8015, 22.882], [13.7856, 22.9114], [13.7537, 22.9114], [13.7537, 22.926], [13.69, 22.926], [13.69, 22.9407], [13.674, 22.9407], [13.6581, 22.9701], [13.6103, 22.9701], [13.6103, 22.9847], [13.5465, 22.9994], [13.5465, 23.0141], [13.5306, 23.0141], [13.5306, 23.0434], [13.4987, 23.0434], [13.4987, 23.0581], [13.4669, 23.0581], [13.4669, 23.0727], [13.435, 23.0727], [13.435, 23.0874], [13.3712, 23.0874], [13.3712, 23.1167], [13.3234, 23.1167], [13.3234, 23.1314], [13.2597, 23.146], [13.2597, 23.1607], [13.2438, 23.1607], [13.2278, 23.19], [13.18, 23.19], [13.18, 23.1753], [13.1481, 23.1753], [13.1481, 23.19], [13.1322, 23.19], [13.1163, 23.2193], [13.0685, 23.2193], [13.0525, 23.2486], [13.0047, 23.2486], [13.0047, 23.2632], [12.9091, 23.2778], [12.9091, 23.2925], [12.8772, 23.2925], [12.8772, 23.3071], [12.8454, 23.3071], [12.8454, 23.3217], [12.8135, 23.3217], [12.8135, 23.3364], [12.7657, 23.3364], [12.7657, 23.351], [12.7338, 23.351], [12.7179, 23.3803], [12.7497, 23.3803], [12.7497, 23.3949], [12.7816, 23.3949], [12.7816, 23.4095], [12.8294, 23.4095], [12.8294, 23.4241], [12.9091, 23.4241], [12.9091, 23.4388], [12.8613, 23.4388], [12.8613, 23.4972], [12.8294, 23.5118], [12.8294, 23.5557], [12.8613, 23.5557], [12.8613, 23.5703], [12.8772, 23.5703], [12.8772, 23.5849], [12.8294, 23.5849], [12.8294, 23.5995], [12.8454, 23.5995], [12.8454, 23.6287], [12.8294, 23.6287], [12.8294, 23.6579], [12.8454, 23.6579], [12.8454, 23.6725], [12.8772, 23.6725], [12.8772, 23.6433], [12.8932, 23.6433], [12.9091, 23.6141], [12.9728, 23.6141], [12.9728, 23.5849], [12.9888, 23.5849], [12.9888, 23.6433], [13.0047, 23.6433], [13.0047, 23.6141], [13.0207, 23.6141], [13.0207, 23.5995], [13.0525, 23.5995], [13.0366, 23.5411], [13.0207, 23.5411], [13.0207, 23.5265], [12.9888, 23.5265], [12.9888, 23.4972], [13.0207, 23.4972], [13.0207, 23.4826], [13.0685, 23.4826], [13.0685, 23.468], [13.1003, 23.468], [13.1003, 23.4826], [13.2119, 23.4826], [13.2278, 23.5118], [13.2597, 23.5118], [13.2597, 23.4972], [13.2756, 23.4972], [13.2756, 23.4388], [13.2916, 23.4388], [13.2916, 23.5265], [13.2756, 23.5265], [13.2756, 23.5411], [13.3075, 23.5557], [13.3075, 23.6141], [13.3234, 23.6141], [13.3234, 23.6287], [13.435, 23.6287], [13.435, 23.6433], [13.5147, 23.6433], [13.5147, 23.6287], [13.5465, 23.6287], [13.5465, 23.5995], [13.5784, 23.5849], [13.5784, 23.5995], [13.5943, 23.5995], [13.5943, 23.6433], [13.6103, 23.6433], [13.6103, 23.6725], [13.6262, 23.6725], [13.6262, 23.6579], [13.6581, 23.6433], [13.6581, 23.7017], [13.674, 23.7017], [13.674, 23.7163], [13.69, 23.7163], [13.69, 23.6579], [13.7059, 23.6579], [13.7059, 23.6433], [13.7378, 23.6433], [13.7378, 23.6287], [13.7537, 23.6287], [13.7537, 23.6433], [13.7696, 23.6433], [13.7856, 23.6725], [13.8652, 23.6725], [13.8652, 23.7017], [13.8971, 23.7017], [13.9131, 23.6725], [13.9449, 23.6725], [13.9449, 23.6871], [13.9609, 23.6871], [13.9609, 23.7017], [13.9927, 23.7017], [13.9927, 23.7163], [14.0405, 23.7163], [14.0405, 23.7017], [14.1043, 23.7017], [14.1043, 23.7309], [14.1362, 23.7454], [14.1362, 23.7746], [14.1521, 23.7746], [14.1521, 23.7892], [14.2158, 23.7892], [14.2158, 23.7746], [14.2318, 23.7746], [14.2318, 23.7892], [14.2796, 23.7892], [14.2796, 23.8038], [14.2955, 23.8038], [14.2955, 23.8184], [14.2796, 23.8184], [14.2796, 23.8475], [14.2955, 23.8475], [14.2955, 23.8621], [14.3114, 23.8621], [14.3114, 23.8767], [14.3274, 23.8767], [14.3433, 23.9058], [14.3911, 23.9058], [14.3911, 23.9204], [14.4071, 23.9204], [14.4071, 23.8767], [14.3911, 23.8767], [14.3911, 23.8475], [14.423, 23.8475], [14.423, 23.8184], [14.5027, 23.8184], [14.5027, 23.8038], [14.5186, 23.8038], [14.5186, 23.8184], [14.5505, 23.8329], [14.5505, 23.8184], [14.5824, 23.8038], [14.5824, 23.76], [14.5983, 23.76], [14.5983, 23.7454], [14.662, 23.7454], [14.662, 23.76], [14.6939, 23.76], [14.6939, 23.7746], [14.7576, 23.76], [14.7576, 23.7309], [14.7098, 23.7309], [14.7098, 23.7163], [14.7258, 23.7163], [14.7258, 23.7017], [14.7576, 23.7163], [14.7576, 23.7017], [14.7736, 23.7017], [14.7736, 23.6725], [14.7895, 23.6725], [14.8055, 23.6433], [14.8214, 23.6433], [14.8214, 23.6579], [14.8692, 23.6579], [14.8692, 23.6287], [14.8533, 23.6287], [14.8533, 23.5849], [14.8692, 23.5849], [14.8692, 23.5118], [14.917, 23.5118], [14.917, 23.5265], [14.9967, 23.5265], [14.9967, 23.5411], [15.0445, 23.5411], [15.0445, 23.5557], [15.1242, 23.5557], [15.1242, 23.5849], [15.0764, 23.5849], [15.0764, 23.6141], [15.0604, 23.6141], [15.0764, 23.6433], [15.1242, 23.6433], [15.1401, 23.6725], [15.172, 23.6725], [15.172, 23.6579], [15.2676, 23.6579], [15.2517, 23.6871], [15.3154, 23.7163], [15.3154, 23.7017], [15.3313, 23.7017], [15.3473, 23.6725], [15.3951, 23.6725], [15.3951, 23.6287], [15.3791, 23.6287], [15.3791, 23.5995], [15.4429, 23.5995], [15.4429, 23.6141], [15.4907, 23.6141], [15.4907, 23.5849], [15.4748, 23.5849], [15.4748, 23.5411], [15.5544, 23.5411], [15.5544, 23.5265], [15.5704, 23.5265], [15.5704, 23.4826], [15.6501, 23.4826], [15.6501, 23.468], [15.6182, 23.4534], [15.6182, 23.4095], [15.666, 23.4095], [15.666, 23.3949], [15.6979, 23.3949], [15.6979, 23.4095], [15.7297, 23.4095], [15.7297, 23.4388], [15.7138, 23.4388], [15.7297, 23.468], [15.7616, 23.468], [15.7616, 23.4534], [15.7775, 23.4534], [15.7775, 23.4388], [15.7616, 23.4388], [15.7616, 23.4241], [15.7775, 23.4241], [15.7775, 23.4095], [15.7616, 23.4095], [15.7775, 23.3803], [15.7138, 23.351], [15.7138, 23.3071], [15.7457, 23.3071], [15.7457, 23.3217], [15.7775, 23.3364], [15.7775, 23.3656], [15.7935, 23.3656], [15.7935, 23.3803], [15.8253, 23.3656], [15.8094, 23.3364], [15.8413, 23.3364], [15.8413, 23.351], [15.8572, 23.351], [15.8572, 23.3656], [15.8891, 23.3803], [15.8891, 23.468], [15.905, 23.468], [15.905, 23.4972], [15.921, 23.4972], [15.921, 23.5118], [15.9528, 23.5265], [15.9528, 23.5557], [15.9688, 23.5557], [15.9688, 23.5849], [15.9528, 23.5849], [15.9528, 23.6287], [15.9688, 23.6287], [15.9688, 23.6433], [16.0006, 23.6433], [16.0006, 23.6725], [15.9688, 23.6871], [15.9688, 23.7163], [15.9847, 23.7163], [15.9847, 23.7309], [16.0006, 23.7309], [16.0006, 23.7163], [16.0325, 23.7017], [16.0484, 23.7309], [16.0963, 23.7309], [16.0963, 23.7746], [16.1122, 23.7746], [16.1122, 23.7892], [16.1441, 23.7892], [16.1441, 23.76], [16.16, 23.76], [16.16, 23.7454], [16.2078, 23.7454], [16.2078, 23.76], [16.1919, 23.76], [16.1919, 23.8184], [16.2078, 23.8184], [16.2078, 23.8329], [16.2397, 23.8329], [16.2397, 23.8184], [16.2715, 23.8038], [16.2715, 23.8184], [16.3034, 23.8184], [16.3034, 23.8329], [16.3672, 23.8475], [16.3672, 23.8038], [16.4628, 23.8038], [16.4628, 23.7892], [16.5265, 23.7892], [16.5265, 23.8038], [16.5425, 23.8038], [16.5425, 23.8621], [16.5584, 23.8621], [16.5584, 23.8767], [16.6859, 23.8621], [16.7018, 23.8329], [16.6699, 23.8329], [16.6699, 23.8184], [16.654, 23.8184], [16.654, 23.7746], [16.6699, 23.7746], [16.6699, 23.76], [16.7177, 23.76], [16.7177, 23.7454], [16.7496, 23.7309], [16.7496, 23.6725], [16.7337, 23.6725], [16.7496, 23.5849], [16.7177, 23.5995], [16.7177, 23.5849], [16.6859, 23.5703], [16.6859, 23.5411], [16.654, 23.5557], [16.654, 23.4972], [16.6381, 23.4972], [16.6381, 23.4534], [16.6221, 23.4534], [16.6221, 23.4388], [16.5903, 23.4388], [16.5903, 23.4095], [16.5743, 23.4095], [16.5743, 23.3364], [16.5903, 23.3364], [16.5903, 23.2486], [16.6062, 23.2486], [16.5743, 23.19], [16.5903, 23.19], [16.6062, 23.1607], [16.6381, 23.1607], [16.6381, 23.146], [16.654, 23.146], [16.654, 23.1021], [16.6381, 23.1021], [16.6381, 23.0874], [16.6062, 23.0874], [16.6062, 23.0434], [16.6221, 23.0434], [16.6221, 23.0287], [16.654, 23.0287], [16.654, 22.9994], [16.7337, 22.9994], [16.7337, 22.9701], [16.7656, 22.9554], [16.7656, 22.9407], [16.7337, 22.926], [16.7337, 22.8967], [16.7496, 22.8967], [16.7496, 22.882], [16.7815, 22.882], [16.7815, 22.8967], [16.8134, 22.8967], [16.8293, 22.8673], [16.8771, 22.8673], [16.8771, 22.882], [16.909, 22.882], [16.909, 22.8673], [16.9249, 22.8673], [16.9249, 22.838], [16.9887, 22.838], [16.9887, 22.8526], [17.0046, 22.8526], [17.0046, 22.882], [16.9568, 22.882], [16.9568, 22.9114], [16.9408, 22.9114], [16.9249, 22.9701], [16.9408, 22.9701], [16.9408, 22.9994], [16.9727, 22.9994], [16.9887, 23.0287], [17.0205, 23.0287], [17.0205, 23.0434], [17.0365, 23.0434], [17.0205, 23.1607], [17.0365, 23.1607], [17.0365, 23.19], [17.0524, 23.19], [17.0524, 23.2046], [17.0843, 23.2193], [17.0843, 23.2925], [17.148, 23.2925], [17.148, 23.2778], [17.1799, 23.2778], [17.1799, 23.3217], [17.2118, 23.3217], [17.2118, 23.3364], [17.2277, 23.3364], [17.2277, 23.3217], [17.2755, 23.3217], [17.2755, 23.3364], [17.2914, 23.3364], [17.3074, 23.3656], [17.3711, 23.3656], [17.387, 23.3364], [17.4508, 23.3364], [17.4508, 23.351], [17.4827, 23.3364], [17.4827, 23.2925], [17.4667, 23.2925], [17.4667, 23.2778], [17.4986, 23.2778], [17.4986, 23.2632], [17.5305, 23.2486], [17.5305, 23.2046], [17.5623, 23.2046], [17.5623, 23.2193], [17.5783, 23.2193], [17.5783, 23.2046], [17.6898, 23.2046], [17.6898, 23.2193], [17.7217, 23.2193], [17.7217, 23.2046], [17.7536, 23.2046], [17.7536, 23.19], [17.7854, 23.19], [17.7854, 23.1753], [17.8332, 23.1753], [17.8332, 23.2046], [17.9289, 23.2046], [17.9289, 23.19], [17.9607, 23.19], [17.9607, 23.2046], [18.0245, 23.2046], [18.0245, 23.19], [18.0882, 23.19], [18.0882, 23.2046], [18.1998, 23.2046], [18.1998, 23.2339], [18.2316, 23.2339], [18.2316, 23.2193], [18.2476, 23.2193], [18.2476, 23.2046], [18.2635, 23.2046], [18.2635, 23.19], [18.2794, 23.19], [18.2794, 23.1753], [18.2954, 23.1753], [18.2954, 23.1607], [18.3273, 23.146], [18.3273, 23.1167], [18.3751, 23.1167], [18.3751, 23.1021], [18.391, 23.1021], [18.391, 23.0727], [18.4547, 23.0727], [18.4547, 23.0581], [18.5025, 23.0581], [18.5344, 22.9994], [18.5504, 22.9994], [18.5663, 23.0287], [18.63, 23.0141], [18.63, 22.9847], [18.646, 22.9847], [18.6619, 22.9554], [18.6938, 22.9554], [18.6938, 22.9407], [18.7097, 22.9407], [18.7257, 22.9114], [18.8053, 22.9114], [18.8053, 22.8967], [18.8213, 22.8967], [18.8213, 22.9114], [18.8372, 22.9114], [18.8531, 22.9407], [18.885, 22.9407], [18.885, 22.9701], [18.9169, 22.9701], [18.9328, 22.9407], [19.0125, 22.9407], [19.0125, 22.926], [19.0284, 22.926], [19.0284, 22.9114], [19.0444, 22.9114], [19.0444, 22.8967], [19.0762, 22.882], [19.0762, 22.8526], [19.1559, 22.8526], [19.1719, 22.8233], [19.2037, 22.8233], [19.2037, 22.8673], [19.2515, 22.8673], [19.2515, 22.8526], [19.2834, 22.8526], [19.2834, 22.838], [19.379, 22.838], [19.379, 22.8526], [19.395, 22.8526], [19.395, 22.838], [19.4109, 22.838], [19.4268, 22.8086], [19.4587, 22.8086], [19.4587, 22.7939], [19.5384, 22.7939], [19.5384, 22.7645], [19.5702, 22.7645], [19.5702, 22.7792], [19.6499, 22.7792], [19.6499, 22.7939], [19.6818, 22.7939], [19.6818, 22.8086], [19.7137, 22.8086], [19.7137, 22.7939], [19.7615, 22.7939], [19.7615, 22.7645], [19.7933, 22.7645], [19.7933, 22.8086], [19.8571, 22.8086], [19.8571, 22.8233], [19.873, 22.8233], [19.873, 22.8526], [19.8571, 22.8526], [19.8571, 22.8673], [19.873, 22.8673], [19.873, 22.9114], [19.889, 22.9114], [19.889, 22.926], [19.873, 22.926], [19.873, 22.9407], [19.8412, 22.9407], [19.8412, 22.9847], [19.8571, 22.9847], [19.8571, 23.0141], [19.889, 23.0287], [19.889, 23.0581], [19.873, 23.0581], [19.873, 23.1021], [19.889, 23.1021], [19.889, 23.1314], [19.9049, 23.1314], [19.9049, 23.146], [19.9368, 23.1607], [19.9368, 23.1753], [19.9208, 23.1753], [19.9208, 23.19], [19.9368, 23.19], [19.9368, 23.2778], [19.9686, 23.2778], [19.9686, 23.3071], [19.9368, 23.3071], [19.9368, 23.2925], [19.873, 23.2925], [19.873, 23.3364], [19.9368, 23.3364], [19.9368, 23.3217], [19.9527, 23.3217], [19.9527, 23.3364], [19.9686, 23.3364], [19.9686, 23.351], [20.0005, 23.3656], [20.0005, 23.3949], [20.0643, 23.3949], [20.0643, 23.4095], [20.0802, 23.4095], [20.0961, 23.4388], [20.128, 23.4388], [20.128, 23.4095], [20.1599, 23.4095], [20.1599, 23.3949], [20.1917, 23.3949], [20.1917, 23.4095], [20.2236, 23.4095], [20.2236, 23.3949], [20.2395, 23.3949], [20.2395, 23.3803], [20.2236, 23.3803], [20.2236, 23.3656], [20.2077, 23.3656], [20.1917, 23.3364], [20.2555, 23.351], [20.2555, 23.3364], [20.3033, 23.3364], [20.3033, 23.3217], [20.3192, 23.3217], [20.3192, 23.3364], [20.367, 23.3364], [20.367, 23.3217], [20.383, 23.3217], [20.383, 23.2632], [20.367, 23.2632], [20.367, 23.2193], [20.383, 23.2193], [20.383, 23.19], [20.4148, 23.1753], [20.4148, 23.146], [20.383, 23.146], [20.367, 23.1753], [20.3192, 23.1753], [20.3192, 23.146], [20.3511, 23.1314], [20.3511, 23.1167], [20.3352, 23.1167], [20.3352, 23.0874], [20.3511, 23.0874], [20.3511, 23.0434], [20.3352, 23.0434], [20.3352, 23.0141], [20.3511, 23.0141], [20.3511, 22.9994], [20.383, 22.9994], [20.383, 22.9847], [20.367, 22.9847], [20.367, 22.9554], [20.383, 22.9554], [20.383, 22.9407], [20.4308, 22.9407], [20.4308, 22.9554], [20.4626, 22.9554], [20.4626, 22.9701], [20.4786, 22.9701], [20.4945, 22.9994], [20.5742, 22.9994], [20.5742, 22.9847], [20.6061, 22.9701], [20.6061, 22.9407], [20.7017, 22.9407], [20.7017, 22.9701], [20.7495, 22.9701], [20.7495, 22.9994], [20.7654, 22.9994], [20.7654, 23.0141], [20.877, 23.0141], [20.877, 23.0727], [20.8929, 23.0727], [20.8929, 23.0874], [20.9248, 23.0727], [20.9248, 23.0434], [20.9407, 23.0434], [20.9407, 23.0141], [20.9567, 23.0141], [20.9567, 22.9994], [21.0523, 22.9994], [21.0523, 23.0141], [21.1001, 23.0141], [21.1001, 23.0727], [21.1319, 23.0727], [21.1319, 23.0874], [21.1638, 23.1021], [21.1638, 23.0874], [21.1798, 23.0874], [21.1957, 23.0581], [21.2435, 23.0581], [21.2435, 23.0434], [21.2754, 23.0434], [21.2754, 23.0287], [21.2913, 23.0287], [21.2913, 22.9994], [21.2276, 22.9701], [21.2276, 22.8967], [21.2435, 22.8967], [21.2435, 22.9114], [21.2754, 22.9114], [21.2913, 22.882], [21.3232, 22.882], [21.355, 22.9407], [21.3869, 22.9407], [21.3869, 22.9554], [21.4188, 22.9554], [21.4188, 22.9701], [21.4347, 22.9701], [21.4347, 23.0434], [21.4029, 23.0434], [21.4029, 23.0727], [21.3869, 23.0727], [21.371, 23.1021], [21.4029, 23.1021], [21.4029, 23.1167], [21.4825, 23.1167], [21.4825, 23.146], [21.4666, 23.146], [21.4666, 23.2046], [21.4507, 23.2046], [21.4507, 23.2339], [21.4188, 23.2486], [21.4188, 23.2778], [21.4985, 23.2778], [21.4985, 23.2925], [21.5144, 23.2925], [21.5144, 23.3071], [21.4985, 23.3071], [21.4825, 23.3364], [21.4507, 23.3364], [21.4507, 23.351], [21.4666, 23.351], [21.4666, 23.3803], [21.4347, 23.3949], [21.4347, 23.4826], [21.4188, 23.4826], [21.4188, 23.5118], [21.3869, 23.5265], [21.3869, 23.5557], [21.4188, 23.5703], [21.4188, 23.5849], [21.4029, 23.5849], [21.4029, 23.6287], [21.3869, 23.6287], [21.3869, 23.6579], [21.4029, 23.6579], [21.4029, 23.6725], [21.4347, 23.6871], [21.4347, 23.7163], [21.4507, 23.7163], [21.4507, 23.7892], [21.61, 23.7892], [21.61, 23.7746], [21.626, 23.7746], [21.626, 23.7892], [21.6578, 23.7892], [21.6578, 23.7454], [21.6738, 23.7454], [21.6738, 23.7309], [21.6897, 23.7309], [21.6897, 23.7454], [21.7216, 23.7454], [21.7216, 23.6871], [21.7375, 23.6871], [21.7375, 23.6725], [21.7534, 23.6725], [21.7534, 23.6871], [21.7853, 23.6871], [21.7853, 23.6725], [21.8012, 23.6725], [21.8012, 23.6579], [21.7375, 23.6579], [21.7375, 23.6287], [21.8491, 23.6287], [21.8491, 23.5995], [21.8331, 23.5995], [21.8331, 23.5849], [21.9287, 23.5995], [21.9128, 23.5411], [21.9447, 23.5411], [21.9606, 23.5118], [21.9925, 23.5118], [21.9925, 23.5265], [22.0722, 23.5265], [22.0722, 23.5411], [22.0881, 23.5411], [22.0881, 23.5265], [22.104, 23.5265], [22.104, 23.5411], [22.1518, 23.5411], [22.1518, 23.5557], [22.1837, 23.5703], [22.1837, 23.5995], [22.1996, 23.5995], [22.1837, 23.6579], [22.2156, 23.6579], [22.2315, 23.6287], [22.2634, 23.6287], [22.2634, 23.6871], [22.2793, 23.6871], [22.2793, 23.7163], [22.3112, 23.7163], [22.3112, 23.7309], [22.3271, 23.7309], [22.3271, 23.76], [22.3909, 23.7892], [22.3909, 23.8912], [22.4068, 23.8912], [22.4068, 23.9349], [22.4706, 23.9349], [22.4706, 23.9204], [22.5343, 23.9058], [22.5343, 23.9204], [22.5184, 23.9204], [22.5184, 23.9495], [22.5343, 23.9495], [22.5343, 23.9641], [22.5662, 23.9641], [22.5662, 23.9932], [22.5502, 23.9932], [22.5502, 24.0223], [22.5343, 24.0223], [22.5343, 24.0368], [22.5024, 24.0368], [22.5024, 24.0805], [22.5184, 24.0805], [22.5184, 24.1241], [22.5343, 24.1241], [22.5343, 24.1387], [22.5662, 24.1387], [22.5662, 24.1532], [22.6299, 24.1532], [22.6458, 24.2114], [22.6937, 24.2114], [22.6937, 24.2259], [22.7096, 24.2259], [22.7096, 24.2404], [22.6937, 24.2404], [22.6937, 24.255], [22.6618, 24.2695], [22.6618, 24.3566], [22.6777, 24.3566], [22.6777, 24.4002], [22.6937, 24.4002], [22.7096, 24.3711], [22.7733, 24.3711], [22.7733, 24.3566], [22.8052, 24.3421], [22.8052, 24.3131], [22.8211, 24.3131], [22.8211, 24.2985], [22.853, 24.284], [22.853, 24.2985], [22.8689, 24.2985], [22.8689, 24.3711], [22.9008, 24.3711], [22.9008, 24.3857], [22.9646, 24.3857], [22.9646, 24.4002], [22.9964, 24.4147], [22.9964, 24.4437], [23.0124, 24.4437], [23.0124, 24.4582], [22.9964, 24.4582], [22.9964, 24.5017], [23.0124, 24.5017], [23.0124, 24.4727], [23.0761, 24.4727], [23.0761, 24.4582], [23.1558, 24.4582], [23.1558, 24.4727], [23.1239, 24.4727], [23.1239, 24.5452], [23.2036, 24.5452], [23.2036, 24.5597], [23.2355, 24.5742], [23.2514, 24.6901], [23.2833, 24.6901], [23.2833, 24.6756], [23.3151, 24.6756], [23.3151, 24.6901], [23.363, 24.6901], [23.3789, 24.719], [23.4108, 24.719], [23.4108, 24.748], [23.4426, 24.748], [23.4426, 24.7335], [23.4586, 24.7335], [23.4745, 24.7046], [23.5223, 24.7046], [23.5223, 24.719], [23.5382, 24.719], [23.5542, 24.748], [23.602, 24.748], [23.602, 24.7335], [23.6339, 24.7335], [23.6339, 24.748], [23.6817, 24.748], [23.6976, 24.719], [23.7135, 24.719], [23.7135, 24.748], [23.7454, 24.748], [23.7613, 24.719], [23.7932, 24.719], [23.8092, 24.748], [23.8888, 24.748], [23.9048, 24.719], [23.9526, 24.719], [23.9526, 24.7335], [23.9685, 24.7335], [23.9685, 24.719], [24.0482, 24.719], [24.0482, 24.748], [24.0801, 24.7625], [24.0801, 24.748], [24.1119, 24.748], [24.1119, 24.719], [24.1279, 24.719], [24.1279, 24.7046], [24.1597, 24.7046], [24.1597, 24.6901], [24.1757, 24.6901], [24.1757, 24.7769], [24.2075, 24.7914], [24.2075, 24.8203], [24.2554, 24.8203], [24.2554, 24.8493], [24.2713, 24.8493], [24.2713, 24.8637], [24.3669, 24.8637], [24.3669, 24.8926], [24.4625, 24.9071], [24.4785, 24.936], [24.5263, 24.936], [24.5263, 24.9504], [24.5422, 24.9504], [24.5422, 24.936], [24.5581, 24.936], [24.5581, 24.9215], [24.5422, 24.9215], [24.5422, 24.8926], [24.59, 24.8926], [24.59, 24.9071], [24.6537, 24.9071], [24.6537, 24.9215], [24.7812, 24.9215], [24.7812, 24.9071], [24.845, 24.9071], [24.845, 24.8926], [24.8609, 24.8926], [24.8609, 24.8637], [24.8768, 24.8637], [24.8768, 24.8348], [24.9247, 24.8348], [24.9247, 24.8493], [24.9725, 24.8493], [24.9725, 24.8637], [24.9884, 24.8637], [24.9884, 24.8493], [25.0043, 24.8493], [25.0043, 24.8203], [25.0203, 24.8203], [25.0203, 24.8059], [24.9884, 24.8059], [24.9884, 24.7625], [25.0362, 24.7625], [25.0362, 24.719], [25.084, 24.719], [25.084, 24.7335], [25.1159, 24.7335], [25.1159, 24.748], [25.1796, 24.748], [25.1956, 24.7769], [25.2115, 24.7769], [25.2115, 24.7625], [25.2434, 24.7625], [25.2434, 24.7914], [25.2912, 24.7914], [25.2912, 24.8059], [25.3549, 24.8059], [25.3549, 24.7914], [25.3709, 24.7914], [25.3868, 24.8203], [25.4187, 24.8203], [25.4187, 24.8059], [25.4505, 24.7914], [25.4505, 24.8493], [25.4346, 24.8493], [25.4346, 24.936], [25.4187, 24.936], [25.4187, 24.9071], [25.3868, 24.9071], [25.3868, 24.9215], [25.4027, 24.9215], [25.4027, 24.9504], [25.4187, 24.9504], [25.4346, 24.9793], [25.4665, 24.9793], [25.4665, 24.9649], [25.4824, 24.9649], [25.4983, 24.936], [25.5302, 24.936], [25.5302, 24.9215], [25.5621, 24.9215], [25.5621, 24.936], [25.6577, 24.9215], [25.6577, 24.9504], [25.6736, 24.9504], [25.6736, 24.9649], [25.7214, 24.9649], [25.7374, 24.9938], [25.8171, 24.9938], [25.8171, 24.9793], [25.833, 24.9793], [25.8489, 24.9504], [25.8808, 24.9504], [25.8808, 24.9793], [25.8489, 24.9793], [25.8489, 24.9938], [25.833, 24.9938], [25.833, 25.0082], [25.8011, 25.0082], [25.8011, 25.0227], [25.8171, 25.0227], [25.8171, 25.0371], [25.833, 25.0371], [25.833, 25.0227], [25.8808, 25.0227], [25.8808, 25.0948], [25.9605, 25.0948], [25.9605, 25.0515], [25.9924, 25.0371], [25.9924, 25.0948], [26.0083, 25.0948], [26.0083, 25.1237], [25.9924, 25.1237], [25.9924, 25.1381], [26.0402, 25.1381], [26.0402, 25.1525], [26.0561, 25.1525], [26.0561, 25.1814], [26.072, 25.1814], [26.072, 25.1958], [26.1039, 25.2102], [26.1039, 25.2391], [26.088, 25.2391], [26.1039, 25.2679], [26.1358, 25.2679], [26.1358, 25.2247], [26.1995, 25.2247], [26.1995, 25.2391], [26.2314, 25.2391], [26.2314, 25.2679], [26.1995, 25.2823], [26.1995, 25.3255], [26.2155, 25.3255], [26.2155, 25.3399], [26.1995, 25.3399], [26.1995, 25.3831], [26.2314, 25.3831], [26.2473, 25.4119], [26.3111, 25.4119], [26.3111, 25.4263], [26.327, 25.4263], [26.327, 25.4695], [26.3429, 25.4695], [26.3429, 25.4551], [26.3907, 25.4551], [26.3907, 25.4695], [26.4067, 25.4695], [26.4067, 25.4982], [26.4226, 25.4982], [26.4226, 25.5126], [26.4545, 25.5126], [26.4545, 25.527], [26.4864, 25.5414], [26.4864, 25.5989], [26.5023, 25.5989], [26.5023, 25.6276], [26.5182, 25.6276], [26.5182, 25.642], [26.5342, 25.642], [26.5501, 25.6707], [26.582, 25.6707], [26.582, 25.6851], [26.5979, 25.6851], [26.5979, 25.7712], [26.582, 25.7712], [26.5979, 25.8286], [26.5342, 25.8286], [26.5342, 25.8716], [26.5501, 25.8716], [26.5501, 26.0006], [26.566, 26.0006], [26.566, 25.9863], [26.6457, 25.9863], [26.6457, 26.0006], [26.6617, 26.0006], [26.6617, 26.0149], [26.6457, 26.0149], [26.6457, 26.0293], [26.6138, 26.0436], [26.6138, 26.0722], [26.7095, 26.0722], [26.7095, 26.1008], [26.7413, 26.1008], [26.7413, 26.0722], [26.7573, 26.0722], [26.7573, 25.9863], [26.821, 25.9863], [26.821, 25.9576], [26.8369, 25.9576], [26.8369, 26.0149], [26.8529, 26.0149], [26.8529, 26.0006], [26.8688, 26.0006], [26.8688, 25.972], [26.9326, 25.972], [26.9326, 25.9576], [26.9485, 25.9576], [26.9485, 25.929], [26.9644, 25.929], [26.9644, 25.886], [26.9804, 25.886], [26.9804, 25.8716], [26.9963, 25.8716], [26.9963, 25.886], [27.0441, 25.886], [27.0441, 25.8143], [27.1079, 25.8143], [27.1238, 25.843], [27.1716, 25.843], [27.1716, 25.8573], [27.1875, 25.8573], [27.1875, 25.8716], [27.2194, 25.8716], [27.2194, 25.886], [27.2353, 25.886], [27.2353, 25.9146], [27.2513, 25.9146], [27.2513, 25.929], [27.2831, 25.929], [27.2991, 25.9576], [27.3628, 25.9433], [27.3628, 25.972], [27.3788, 25.972], [27.3788, 25.9863], [27.4425, 25.972], [27.4425, 26.0006], [27.4584, 26.0006], [27.4584, 26.0436], [27.4744, 26.0436], [27.4903, 26.1008], [27.4744, 26.1008], [27.4744, 26.1295], [27.4425, 26.1295], [27.4425, 26.1151], [27.4266, 26.1151], [27.4266, 26.1581], [27.3947, 26.1581], [27.3947, 26.1724], [27.3788, 26.1724], [27.3788, 26.2153], [27.3947, 26.2153], [27.3947, 26.201], [27.4266, 26.201], [27.4266, 26.2439], [27.5062, 26.2439], [27.5062, 26.2296], [27.5222, 26.2296], [27.5222, 26.2867], [27.4903, 26.301], [27.4903, 26.3296], [27.4584, 26.3439], [27.4584, 26.3724], [27.4106, 26.3724], [27.4106, 26.4295], [27.3947, 26.4295], [27.3947, 26.458], [27.3469, 26.458], [27.3469, 26.4723], [27.315, 26.4723], [27.315, 26.4866], [27.331, 26.4866], [27.331, 26.5579], [27.3628, 26.5579], [27.3628, 26.6006], [27.3469, 26.6006], [27.3469, 26.6149], [27.3788, 26.6149], [27.3788, 26.6719], [27.4106, 26.6719], [27.4106, 26.7003], [27.331, 26.7003], [27.315, 26.7288], [27.2831, 26.7288], [27.2831, 26.7715], [27.315, 26.7715], [27.315, 26.8142], [27.2991, 26.8142], [27.2991, 26.8426], [27.2831, 26.8426], [27.2831, 26.8995], [27.2991, 26.8995], [27.2991, 26.9137], [27.3628, 26.9137], [27.3628, 26.9279], [27.3788, 26.9279], [27.3788, 26.9705], [27.3947, 26.9705], [27.3947, 27.0273], [27.4106, 27.0273], [27.4266, 27.0841], [27.4425, 27.0841], [27.4425, 27.0699], [27.4744, 27.0699], [27.4744, 27.0982], [27.4903, 27.0982], [27.4903, 27.0131], [27.4744, 27.0131], [27.4584, 26.9847], [27.4106, 26.9847], [27.4425, 26.9279], [27.4744, 26.9279], [27.4744, 26.9847], [27.5541, 26.9847], [27.5541, 27.0557], [27.57, 27.0557], [27.57, 27.0699], [27.6975, 27.0557], [27.6975, 27.0415], [27.7134, 27.0415], [27.7134, 26.9847], [27.7453, 26.9847], [27.7453, 26.9563], [27.7612, 26.9563], [27.7453, 26.9279], [27.809, 26.9279], [27.825, 26.8995], [27.9206, 26.8995], [27.9365, 26.871], [27.9843, 26.871], [27.9843, 26.8568], [28.0003, 26.8568], [28.0003, 26.8142], [28.0321, 26.8142], [28.0321, 26.7999], [28.064, 26.7857], [28.064, 26.743], [28.0799, 26.743], [28.0799, 26.7288], [28.1118, 26.7288], [28.1118, 26.7146], [28.1437, 26.7146], [28.1596, 26.743], [28.2074, 26.743], [28.2074, 26.7288], [28.2393, 26.7146], [28.2393, 26.7288], [28.303, 26.743], [28.319, 26.7715], [28.3668, 26.7715], [28.3668, 26.8142], [28.3827, 26.8142], [28.3827, 26.8284], [28.4305, 26.8284], [28.4305, 26.8142], [28.4465, 26.8142], [28.4624, 26.8426], [28.4943, 26.8426], [28.4943, 26.871], [28.5102, 26.871], [28.5102, 26.8853], [28.5421, 26.8853], [28.5421, 26.9421], [28.5261, 26.9421], [28.5261, 26.9705], [28.4943, 26.9847], [28.5102, 27.0699], [28.5261, 27.0699], [28.5261, 27.0841], [28.558, 27.0841], [28.558, 27.0982], [28.5739, 27.0982], [28.5739, 27.1266], [28.6058, 27.1266], [28.6058, 27.1408], [28.6217, 27.1408], [28.6217, 27.155], [28.6377, 27.155], [28.6377, 27.1692], [28.6536, 27.1692], [28.6536, 27.1833], [28.6855, 27.1975], [28.6855, 27.24], [28.6536, 27.2259], [28.6536, 27.2542], [28.6377, 27.2542], [28.6377, 27.2684], [28.6058, 27.2825], [28.6058, 27.3108], [28.6217, 27.3108], [28.6217, 27.3675], [28.6058, 27.3675], [28.6058, 27.3958], [28.5899, 27.3958], [28.5899, 27.4382], [28.5739, 27.4382], [28.5739, 27.4665], [28.558, 27.4665], [28.558, 27.4948], [28.5739, 27.4948], [28.5739, 27.5089], [28.6058, 27.523], [28.5899, 27.5795], [28.558, 27.5795], [28.558, 27.5372], [28.5739, 27.5372], [28.5739, 27.523], [28.5102, 27.5089], [28.5102, 27.523], [28.4943, 27.523], [28.4943, 27.5654], [28.4624, 27.5654], [28.4624, 27.5937], [28.4943, 27.5795], [28.4943, 27.5937], [28.5261, 27.6078], [28.5261, 27.6501], [28.5102, 27.6501], [28.5102, 27.6643], [28.4783, 27.6643], [28.4624, 27.6078], [28.4146, 27.6078], [28.4146, 27.6643], [28.3827, 27.6643], [28.3827, 27.636], [28.3508, 27.636], [28.3508, 27.6925], [28.319, 27.7066], [28.319, 27.7207], [28.3508, 27.7207], [28.3508, 27.7066], [28.4146, 27.6925], [28.4146, 27.7066], [28.4624, 27.7066], [28.4943, 27.763], [28.5261, 27.763], [28.5261, 27.7912], [28.4624, 27.8194], [28.4624, 27.8335], [28.4783, 27.8335], [28.4783, 27.8758], [28.5102, 27.8899], [28.5102, 27.9321], [28.4943, 27.9321], [28.4943, 27.9462], [28.4783, 27.9462], [28.4783, 27.9321], [28.4465, 27.9321], [28.4465, 28.0306], [28.4305, 28.0306], [28.4305, 28.0728], [28.3986, 28.0869], [28.3986, 28.129], [28.4146, 28.129], [28.3986, 28.1571], [28.3668, 28.1571], [28.3668, 28.1712], [28.2712, 28.1712], [28.2552, 28.1993], [28.1915, 28.2133], [28.1915, 28.2554], [28.1755, 28.2554], [28.1755, 28.2695], [28.1437, 28.2695], [28.1277, 28.2414], [28.0799, 28.2414], [28.0799, 28.2554], [28.0481, 28.2554], [28.0481, 28.2695], [28.0003, 28.2695], [28.0003, 28.2975], [27.9843, 28.2975], [27.9843, 28.3116], [28.0003, 28.3116], [28.0003, 28.3396], [27.9843, 28.3396], [27.9843, 28.3536], [27.8887, 28.3536], [27.8887, 28.3396], [27.8728, 28.3396], [27.8728, 28.3256], [27.8568, 28.3256], [27.8568, 28.3116], [27.8409, 28.3116], [27.825, 28.2835], [27.7931, 28.2835], [27.7931, 28.2554], [27.7612, 28.2554], [27.7612, 28.2835], [27.7293, 28.2835], [27.7293, 28.2695], [27.7134, 28.2695], [27.7134, 28.2274], [27.7293, 28.2274], [27.7293, 28.2133], [27.7134, 28.2133], [27.7134, 28.1852], [27.6975, 28.1852], [27.6975, 28.1712], [27.6656, 28.1712], [27.6497, 28.1431], [27.6337, 28.1431], [27.6337, 28.1571], [27.5381, 28.1571], [27.5381, 28.1712], [27.5062, 28.1712], [27.5062, 28.1571], [27.4425, 28.1571], [27.4266, 28.129], [27.3788, 28.129], [27.3788, 28.1431], [27.3469, 28.1431], [27.3469, 28.1571], [27.3788, 28.1571], [27.3788, 28.1712], [27.3947, 28.1712], [27.3947, 28.1993], [27.2991, 28.1993], [27.2991, 28.2133], [27.2513, 28.2133], [27.2513, 28.1993], [27.2353, 28.1993], [27.2194, 28.1712], [27.1557, 28.1712], [27.1557, 28.1852], [27.1397, 28.1852], [27.1397, 28.1993], [27.1238, 28.1993], [27.1079, 28.2274], [27.0919, 28.2274], [27.0919, 28.2133], [27.06, 28.2133], [27.06, 28.1993], [27.0282, 28.1993], [27.0122, 28.2274], [26.9804, 28.2274], [26.9644, 28.1993], [26.9166, 28.1993], [26.9166, 28.2274], [26.9007, 28.2274], [26.9007, 28.2695], [26.8369, 28.2695], [26.8369, 28.2835], [26.821, 28.2835], [26.821, 28.3256], [26.8051, 28.3256], [26.8051, 28.3396], [26.7413, 28.3256], [26.7413, 28.3536], [26.6935, 28.3536], [26.6935, 28.3256], [26.6776, 28.3256], [26.6776, 28.3396], [26.6457, 28.3396], [26.6457, 28.3536], [26.6138, 28.3536], [26.6138, 28.3677], [26.5979, 28.3677], [26.5979, 28.3536], [26.5501, 28.3536], [26.5501, 28.3396], [26.5182, 28.3396], [26.5023, 28.2835], [26.4704, 28.2695], [26.4545, 28.2975], [26.4226, 28.2975], [26.4226, 28.3677], [26.3589, 28.3677], [26.3589, 28.3817], [26.3111, 28.3817], [26.2951, 28.4097], [26.2633, 28.4097], [26.2633, 28.4237], [26.2155, 28.4237], [26.2155, 28.4378], [26.1836, 28.4378], [26.1836, 28.4237], [26.1517, 28.4097], [26.1517, 28.5358], [26.1358, 28.5358], [26.1358, 28.5778], [26.0561, 28.5778], [26.0402, 28.6058], [26.0083, 28.6058], [26.0083, 28.6198], [25.9924, 28.6198], [25.9924, 28.6338], [25.9605, 28.6477], [25.9605, 28.6757], [25.9764, 28.6757], [25.9764, 28.7037], [25.9924, 28.7037], [25.9924, 28.7456], [25.9605, 28.7456], [25.9605, 28.7316], [25.8967, 28.7456], [25.8967, 28.7176], [25.9127, 28.7176], [25.9127, 28.6757], [25.8967, 28.6757], [25.8967, 28.6617], [25.9127, 28.6617], [25.9127, 28.6338], [25.8808, 28.6198], [25.8808, 28.5918], [25.8489, 28.5918], [25.8489, 28.5778], [25.833, 28.5778], [25.8171, 28.5498], [25.7852, 28.5498], [25.7852, 28.5218], [25.7693, 28.5218], [25.7693, 28.5078], [25.8011, 28.4938], [25.8011, 28.4658], [25.7533, 28.4658], [25.7533, 28.4378], [25.7055, 28.4378], [25.7055, 28.4237], [25.6736, 28.4237], [25.6736, 28.4097], [25.6577, 28.4097], [25.6577, 28.3817], [25.6418, 28.3817], [25.6418, 28.3957], [25.5621, 28.3957], [25.5621, 28.3817], [25.5461, 28.3817], [25.5461, 28.3256], [25.5302, 28.3256], [25.5302, 28.3396], [25.4983, 28.3396], [25.4983, 28.3536], [25.4824, 28.3536], [25.4824, 28.3396], [25.4665, 28.3396], [25.4505, 28.3116], [25.3868, 28.3116], [25.3709, 28.3396], [25.2912, 28.3396], [25.2912, 28.3256], [25.2593, 28.3256], [25.2593, 28.3116], [25.1956, 28.3116], [25.1956, 28.2975], [25.1637, 28.2835], [25.1637, 28.2554], [25.0521, 28.2554], [25.0521, 28.2695], [25.0203, 28.2695], [25.0203, 28.2554], [24.9884, 28.2554], [24.9725, 28.2274], [24.9247, 28.2274], [24.9247, 28.2835], [24.8928, 28.2975], [24.8928, 28.3536], [24.829, 28.3677], [24.829, 28.4097], [24.845, 28.4097], [24.8609, 28.4378], [24.7972, 28.4237], [24.7972, 28.3817], [24.8131, 28.3817], [24.8131, 28.3536], [24.7812, 28.3536], [24.7812, 28.3396], [24.7653, 28.3396], [24.7653, 28.2975], [24.7334, 28.2975], [24.7334, 28.3116], [24.6537, 28.3116], [24.6537, 28.2975], [24.6219, 28.2975], [24.6059, 28.3256], [24.5422, 28.3396], [24.5422, 28.3536], [24.5103, 28.3677], [24.5103, 28.3957], [24.5422, 28.3957], [24.5422, 28.4237], [24.5263, 28.4237], [24.5263, 28.4378], [24.4944, 28.4378], [24.4944, 28.4237], [24.4466, 28.4237], [24.4466, 28.4378], [24.4306, 28.4378], [24.4306, 28.4518], [24.4466, 28.4518], [24.4466, 28.4798], [24.4625, 28.4798], [24.4625, 28.4938], [24.4944, 28.5078], [24.4944, 28.5358], [24.4785, 28.5358], [24.4625, 28.5638], [24.3988, 28.5638], [24.3988, 28.5918], [24.3669, 28.6058], [24.3669, 28.6338], [24.335, 28.6338], [24.335, 28.6617], [24.3191, 28.6617], [24.3191, 28.7176], [24.3032, 28.7176], [24.3032, 28.7316], [24.2713, 28.7316], [24.2713, 28.7176], [24.2235, 28.7176], [24.2235, 28.7316], [24.1279, 28.7316], [24.1279, 28.7456], [24.096, 28.7456], [24.096, 28.7596], [24.0801, 28.7596], [24.0801, 28.7875], [24.0641, 28.7875], [24.0641, 28.8015], [24.0323, 28.8015], [24.0323, 28.7596], [24.0004, 28.7596], [23.9844, 28.7875], [23.9207, 28.7875], [23.9207, 28.8015], [23.8251, 28.7596], [23.8251, 28.8154], [23.7613, 28.8154], [23.7454, 28.7875], [23.6976, 28.7875], [23.6976, 28.7735], [23.6179, 28.7735], [23.6179, 28.7456], [23.602, 28.7456], [23.602, 28.7316], [23.6179, 28.7316], [23.6179, 28.7037], [23.6498, 28.6897], [23.6498, 28.6757], [23.6179, 28.6617], [23.6179, 28.5918], [23.5861, 28.5918], [23.5861, 28.5778], [23.5542, 28.5778], [23.5542, 28.5638], [23.5223, 28.5638], [23.5223, 28.5498], [23.4426, 28.5498], [23.4426, 28.5358], [23.4267, 28.5358], [23.4108, 28.5078], [23.3311, 28.5078], [23.3311, 28.5358], [23.2992, 28.5358], [23.2992, 28.5218], [23.2355, 28.5218], [23.2355, 28.5498], [23.2195, 28.5498], [23.2195, 28.5358], [23.2036, 28.5358], [23.1877, 28.5078], [23.092, 28.5078], [23.092, 28.4798], [23.0761, 28.4798], [23.0761, 28.4658], [23.0602, 28.4658], [23.0442, 28.4378], [22.9805, 28.4378], [22.9805, 28.3957], [22.9168, 28.3957], [22.9168, 28.3256], [22.8849, 28.3256], [22.8849, 28.3396], [22.8371, 28.3396], [22.8371, 28.3256], [22.8211, 28.3256], [22.8052, 28.2975], [22.7574, 28.2975], [22.7574, 28.2554], [22.7415, 28.2554], [22.7415, 28.2414], [22.6299, 28.2414], [22.614, 28.2695], [22.5343, 28.2695], [22.5343, 28.2975], [22.4865, 28.2975], [22.4865, 28.3116], [22.4706, 28.3116], [22.4706, 28.3256], [22.4546, 28.3256], [22.4387, 28.3536], [22.4068, 28.3536], [22.4068, 28.3677], [22.3749, 28.3536], [22.3749, 28.3116], [22.359, 28.3116], [22.359, 28.2975], [22.3431, 28.2975], [22.3271, 28.2695], [22.2953, 28.2695], [22.2953, 28.2835], [22.2315, 28.2835], [22.2315, 28.2975], [22.1996, 28.3116], [22.1996, 28.3817], [22.2156, 28.3817], [22.2156, 28.3957], [22.2475, 28.3957], [22.2475, 28.4237], [22.2315, 28.4237], [22.2315, 28.4658], [22.2475, 28.4658], [22.2475, 28.4938], [22.1518, 28.4938], [22.1518, 28.4658], [22.1359, 28.4658], [22.1359, 28.4237], [22.1678, 28.4097], [22.1678, 28.3677], [22.1359, 28.3677], [22.1359, 28.3817], [22.12, 28.3817], [22.12, 28.3677], [22.104, 28.3677], [22.104, 28.3536], [22.0881, 28.3536], [22.0881, 28.3396], [22.0562, 28.3256], [22.0562, 28.2975], [22.0722, 28.2975], [22.0562, 28.2695], [22.0403, 28.2695], [22.0403, 28.2835], [21.9925, 28.2835], [21.9765, 28.3116], [21.9447, 28.3116], [21.9447, 28.2975], [21.9287, 28.2975], [21.9128, 28.2695], [21.8809, 28.2695], [21.8809, 28.2835], [21.8331, 28.2835], [21.8331, 28.2414], [21.8491, 28.2414], [21.8491, 28.2274], [21.8172, 28.2133], [21.8172, 28.1852], [21.7694, 28.1852], [21.7534, 28.2133], [21.7216, 28.2133], [21.7216, 28.2274], [21.7056, 28.2274], [21.7056, 28.2133], [21.6897, 28.2133], [21.6897, 28.1852], [21.6578, 28.1852], [21.6578, 28.1712], [21.61, 28.1712], [21.61, 28.1852], [21.5941, 28.1852], [21.5941, 28.1712], [21.5463, 28.1712], [21.5463, 28.1852], [21.4825, 28.1712], [21.4666, 28.1993], [21.4029, 28.1993], [21.4029, 28.2274], [21.3869, 28.2274], [21.3869, 28.2414], [21.371, 28.2414], [21.371, 28.2274], [21.3391, 28.2133], [21.3391, 28.2274], [21.3072, 28.2274], [21.3072, 28.2554], [21.2754, 28.2554], [21.2594, 28.1993], [21.3072, 28.1993], [21.3072, 28.1852], [21.2435, 28.1712], [21.2435, 28.1009], [21.2594, 28.1009], [21.2594, 28.0587], [21.1957, 28.0587], [21.1957, 27.9603], [21.1798, 27.9603], [21.1798, 27.9462], [21.1319, 27.9462], [21.1319, 27.918], [21.1001, 27.918], [21.1001, 27.9039], [21.0841, 27.9039], [21.0682, 27.9321], [21.0363, 27.9321], [21.0363, 27.9462], [21.0045, 27.9462], [21.0045, 27.9603], [20.9885, 27.9603], [20.9885, 28.0447], [20.9726, 28.0447], [20.9726, 28.0728], [21.0363, 28.1009], [21.0363, 28.1431], [21.0523, 28.1431], [21.0523, 28.129], [21.1001, 28.129], [21.1001, 28.1712], [21.0363, 28.1712], [21.0363, 28.1571], [21.0045, 28.1571], [21.0045, 28.115], [20.9407, 28.115], [20.9407, 28.1431], [20.9088, 28.1571], [20.9088, 28.1993], [20.8451, 28.1852], [20.8451, 28.1993], [20.877, 28.2133], [20.877, 28.2414], [20.861, 28.2414], [20.861, 28.2554], [20.8132, 28.2554], [20.8132, 28.2695], [20.7814, 28.2695], [20.7654, 28.2975], [20.7017, 28.2975], [20.7017, 28.3396], [20.6698, 28.3536], [20.6857, 28.4097], [20.6539, 28.4097], [20.6539, 28.4237], [20.5583, 28.4237], [20.5583, 28.4378], [20.5264, 28.4518], [20.5105, 28.5078], [20.4945, 28.5078], [20.4945, 28.5218], [20.4786, 28.5218], [20.4786, 28.5358], [20.4626, 28.5358], [20.4467, 28.5638], [20.4148, 28.5638], [20.4148, 28.6198], [20.367, 28.6198], [20.367, 28.6338], [20.3511, 28.6338], [20.3511, 28.6617], [20.3192, 28.6617], [20.3192, 28.6757], [20.2555, 28.6757], [20.2555, 28.6897], [20.2236, 28.6897], [20.2236, 28.6757], [20.2077, 28.6757], [20.2077, 28.6897], [20.1758, 28.6897], [20.1758, 28.7176], [20.1599, 28.7176], [20.1599, 28.7596], [20.1439, 28.7596], [20.1439, 28.7875], [20.128, 28.7875], [20.1121, 28.8154], [20.0802, 28.8154], [20.0802, 28.8015], [20.0324, 28.8015], [20.0324, 28.8154], [19.9846, 28.8154], [19.9686, 28.8433], [19.9368, 28.8433], [19.9368, 28.8294], [19.9049, 28.8154], [19.9049, 28.7875], [19.8093, 28.7875], [19.8093, 28.7735]], [[18.8691, 27.7066], [18.8531, 27.7066], [18.8531, 27.7207], [18.8691, 27.7207], [18.8691, 27.7066]], [[12.0167, 27.6643], [12.0167, 27.6501], [12.0326, 27.6501], [12.0326, 27.6219], [12.0167, 27.6219], [12.0167, 27.6078], [11.9848, 27.6219], [11.9848, 27.6643], [12.0167, 27.6643]], [[10.5506, 27.1975], [10.5347, 27.1975], [10.5347, 27.2117], [10.5506, 27.2117], [10.5506, 27.1975]], [[26.3111, 25.4695], [26.3111, 25.4839], [26.327, 25.4839], [26.327, 25.4695], [26.3111, 25.4695]], [[23.9844, 28.7456], [23.9844, 28.7176], [23.9526, 28.7176], [23.9526, 28.7456], [23.9844, 28.7456]], [[25.3868, 28.2695], [25.3868, 28.2414], [25.3549, 28.2414], [25.3549, 28.2695], [25.3868, 28.2695]], [[20.7654, 28.2414], [20.7654, 28.2133], [20.7495, 28.2133], [20.7495, 28.2414], [20.7654, 28.2414]], [[28.0162, 28.1712], [28.0162, 28.1852], [28.0003, 28.1852], [27.9843, 28.2414], [28.064, 28.2414], [28.064, 28.1993], [28.0481, 28.1993], [28.0481, 28.1712], [28.0162, 28.1712]], [[25.5143, 28.0869], [25.5143, 28.0728], [25.4983, 28.0728], [25.4983, 28.0869], [25.5143, 28.0869]], [[25.3071, 28.0306], [25.3071, 28.0165], [25.2752, 28.0165], [25.2752, 28.0306], [25.3071, 28.0306]], [[25.3071, 27.9743], [25.3071, 27.9462], [25.323, 27.9462], [25.323, 27.9321], [25.3549, 27.9321], [25.3549, 27.918], [25.3709, 27.918], [25.3709, 27.8476], [25.3868, 27.8476], [25.3868, 27.8053], [25.4027, 27.8053], [25.4027, 27.7912], [25.4346, 27.7912], [25.4346, 27.7489], [25.4665, 27.7348], [25.4665, 27.6925], [25.4983, 27.6784], [25.4983, 27.6643], [25.4824, 27.6643], [25.4824, 27.636], [25.4665, 27.636], [25.4665, 27.6219], [25.4346, 27.6219], [25.4346, 27.5937], [25.4505, 27.5937], [25.4505, 27.5372], [25.4027, 27.5372], [25.4027, 27.523], [25.3868, 27.523], [25.3868, 27.4665], [25.339, 27.4665], [25.339, 27.3958], [25.1637, 27.3958], [25.1637, 27.4241], [25.1478, 27.4241], [25.1478, 27.4382], [25.1159, 27.4382], [25.1159, 27.4523], [25.084, 27.4665], [25.084, 27.4806], [25.0999, 27.4806], [25.0999, 27.5089], [25.1159, 27.5089], [25.1159, 27.5372], [25.1318, 27.5372], [25.1318, 27.5795], [25.0999, 27.5937], [25.0999, 27.6219], [25.1159, 27.6219], [25.1318, 27.5937], [25.1478, 27.5937], [25.1478, 27.6078], [25.1796, 27.6219], [25.1796, 27.636], [25.1159, 27.636], [25.1159, 27.6643], [25.0999, 27.6643], [25.0999, 27.7066], [25.1318, 27.7207], [25.1318, 27.7489], [25.0999, 27.7348], [25.0999, 27.7771], [25.1159, 27.7771], [25.1159, 27.8476], [25.1318, 27.8476], [25.1318, 27.8617], [25.1956, 27.8476], [25.1956, 27.8617], [25.1796, 27.8617], [25.1796, 27.9039], [25.1956, 27.9039], [25.1956, 27.9462], [25.2274, 27.9462], [25.2274, 27.9743], [25.2434, 27.9743], [25.2434, 27.9884], [25.2115, 27.9884], [25.2274, 28.0165], [25.2434, 28.0165], [25.2434, 28.0025], [25.2593, 28.0025], [25.2752, 27.9743], [25.3071, 27.9743]], [[18.7257, 27.763], [18.7416, 27.7912], [18.7735, 27.7771], [18.7894, 27.7207], [18.7416, 27.7207], [18.7416, 27.763], [18.7257, 27.763]], [[18.0563, 27.6784], [18.0563, 27.6925], [18.0404, 27.6925], [18.0563, 27.7207], [18.0723, 27.7207], [18.0723, 27.7066], [18.1042, 27.7066], [18.1042, 27.6784], [18.0563, 27.6784]], [[14.0883, 27.6078], [14.0883, 27.5795], [14.1043, 27.5795], [14.1043, 27.5654], [14.0883, 27.5654], [14.0883, 27.5372], [14.0246, 27.5372], [14.0246, 27.5513], [14.0087, 27.5513], [14.0087, 27.5937], [13.9927, 27.5937], [13.9927, 27.6078], [13.9449, 27.6078], [13.9449, 27.6501], [13.9609, 27.6501], [13.9609, 27.6784], [13.9927, 27.6643], [13.9927, 27.636], [14.0565, 27.636], [14.0565, 27.6219], [14.0883, 27.6078]], [[18.9488, 27.6501], [18.9647, 27.6219], [18.9328, 27.6219], [18.9328, 27.6501], [18.9488, 27.6501]], [[28.319, 27.6078], [28.319, 27.5937], [28.2871, 27.5795], [28.2871, 27.5372], [28.2712, 27.5372], [28.2712, 27.5513], [28.2393, 27.5513], [28.2393, 27.5372], [28.2074, 27.523], [28.2074, 27.5513], [28.1915, 27.5513], [28.2074, 27.6078], [28.1915, 27.6078], [28.1915, 27.636], [28.1755, 27.636], [28.1755, 27.6501], [28.2552, 27.6501], [28.2552, 27.6219], [28.2712, 27.6219], [28.2712, 27.6078], [28.319, 27.6078]], [[14.5824, 27.6219], [14.5824, 27.5937], [14.5345, 27.5937], [14.5186, 27.6219], [14.5824, 27.6219]], [[18.4866, 27.5654], [18.4866, 27.6078], [18.5344, 27.6078], [18.5344, 27.5937], [18.5504, 27.5937], [18.5504, 27.5654], [18.4866, 27.5654]], [[27.57, 27.5795], [27.57, 27.5937], [27.6337, 27.5937], [27.6337, 27.5372], [27.5859, 27.5372], [27.5859, 27.5795], [27.57, 27.5795]], [[27.8887, 27.5795], [27.8887, 27.5654], [27.8728, 27.5654], [27.8728, 27.5795], [27.8887, 27.5795]], [[28.0959, 27.5372], [28.0959, 27.5654], [28.1437, 27.5654], [28.1437, 27.523], [28.1118, 27.523], [28.1118, 27.5372], [28.0959, 27.5372]], [[27.9684, 27.4523], [27.9684, 27.4099], [27.9206, 27.4099], [27.9206, 27.4241], [27.9046, 27.4241], [27.9046, 27.4382], [27.9365, 27.4523], [27.9206, 27.5372], [27.9684, 27.5372], [27.9684, 27.523], [27.9843, 27.523], [27.9843, 27.4523], [27.9684, 27.4523]], [[28.2552, 27.523], [28.2552, 27.4948], [28.2393, 27.4948], [28.2234, 27.523], [28.2552, 27.523]], [[28.064, 27.5089], [28.064, 27.4948], [28.0321, 27.4948], [28.0321, 27.5089], [28.064, 27.5089]], [[14.8851, 27.4948], [14.8851, 27.4806], [14.8692, 27.4806], [14.8692, 27.4948], [14.8851, 27.4948]], [[14.8692, 27.4665], [14.8533, 27.4665], [14.8533, 27.4806], [14.8692, 27.4806], [14.8692, 27.4665]], [[14.8533, 27.4382], [14.8373, 27.4382], [14.8373, 27.4241], [14.8055, 27.4382], [14.8055, 27.4806], [14.8373, 27.4806], [14.8373, 27.4665], [14.8533, 27.4665], [14.8533, 27.4382]], [[27.5222, 27.4241], [27.5222, 27.3675], [27.4744, 27.3675], [27.4744, 27.3816], [27.4584, 27.3816], [27.4584, 27.3958], [27.4266, 27.4099], [27.4425, 27.4382], [27.4744, 27.4382], [27.4903, 27.4948], [27.5222, 27.4806], [27.5222, 27.4382], [27.5381, 27.4382], [27.5381, 27.4241], [27.5222, 27.4241]], [[14.9011, 27.4665], [14.9011, 27.4806], [14.917, 27.4806], [14.917, 27.4382], [14.8851, 27.4382], [14.8851, 27.4665], [14.9011, 27.4665]], [[18.5822, 27.4382], [18.5822, 27.4806], [18.6141, 27.4806], [18.6141, 27.4665], [18.63, 27.4665], [18.63, 27.4382], [18.5822, 27.4382]], [[13.929, 27.4099], [13.929, 27.4241], [13.9131, 27.4241], [13.9131, 27.4523], [13.929, 27.4523], [13.929, 27.4665], [13.9927, 27.4665], [13.9927, 27.4241], [13.9768, 27.4241], [13.9768, 27.4099], [13.929, 27.4099]], [[26.3111, 27.3816], [26.3111, 27.3675], [26.3429, 27.3533], [26.327, 27.2117], [26.2951, 27.2117], [26.2951, 27.1975], [26.2792, 27.1975], [26.2792, 27.1833], [26.2473, 27.1833], [26.2473, 27.1692], [26.2314, 27.1692], [26.2314, 27.1833], [26.2155, 27.1833], [26.2155, 27.1692], [26.1676, 27.1692], [26.1676, 27.1833], [26.1358, 27.1833], [26.1358, 27.1975], [26.088, 27.1975], [26.088, 27.2117], [26.072, 27.2117], [26.072, 27.2542], [26.0561, 27.2542], [26.072, 27.3958], [26.1198, 27.3958], [26.1198, 27.4099], [26.1517, 27.4099], [26.1517, 27.4241], [26.2473, 27.4241], [26.2473, 27.4099], [26.2951, 27.4099], [26.2951, 27.3816], [26.3111, 27.3816]], [[14.8373, 27.3675], [14.8373, 27.3958], [14.9011, 27.3958], [14.9011, 27.4099], [14.917, 27.4099], [14.917, 27.3816], [14.9011, 27.3816], [14.9011, 27.3675], [14.8373, 27.3675]], [[17.642, 27.3816], [17.642, 27.3533], [17.6101, 27.3533], [17.6101, 27.3816], [17.642, 27.3816]], [[27.4106, 27.2684], [27.4106, 27.2825], [27.3788, 27.2825], [27.3788, 27.3108], [27.3947, 27.3108], [27.4106, 27.3392], [27.4584, 27.3392], [27.4584, 27.2825], [27.4266, 27.2825], [27.4266, 27.2684], [27.4106, 27.2684]], [[15.0286, 27.2825], [15.0126, 27.2542], [14.9967, 27.2542], [14.9967, 27.2684], [14.9329, 27.2542], [14.9329, 27.325], [14.9807, 27.325], [14.9807, 27.3108], [15.0445, 27.3108], [15.0445, 27.2825], [15.0286, 27.2825]], [[27.5381, 27.2259], [27.5381, 27.2117], [27.5062, 27.1975], [27.5062, 27.2542], [27.5222, 27.2542], [27.5222, 27.2684], [27.5381, 27.2684], [27.5381, 27.2542], [27.5541, 27.2542], [27.57, 27.2259], [27.5381, 27.2259]], [[27.5062, 27.155], [27.4903, 27.155], [27.4903, 27.1266], [27.4584, 27.1124], [27.4584, 27.1692], [27.4744, 27.1692], [27.4903, 27.1975], [27.5062, 27.1975], [27.5062, 27.155]], [[15.8094, 27.2259], [15.8094, 27.2117], [15.7935, 27.2117], [15.7935, 27.2259], [15.8094, 27.2259]], [[14.7098, 27.1124], [14.7098, 27.0982], [14.6939, 27.0982], [14.678, 27.0699], [14.6461, 27.0699], [14.6461, 27.1266], [14.662, 27.1266], [14.678, 27.1833], [14.7258, 27.1833], [14.7258, 27.1692], [14.7417, 27.1692], [14.7417, 27.1124], [14.7098, 27.1124]], [[14.3114, 27.0841], [14.3114, 27.0982], [14.2636, 27.0982], [14.2636, 27.1124], [14.2318, 27.1124], [14.2318, 27.1408], [14.2477, 27.1408], [14.2477, 27.155], [14.2796, 27.155], [14.2796, 27.1692], [14.2955, 27.1692], [14.2955, 27.155], [14.3593, 27.155], [14.3593, 27.0841], [14.3114, 27.0841]], [[15.4429, 27.0699], [15.4429, 27.0415], [15.427, 27.0415], [15.427, 26.9989], [15.411, 26.9989], [15.411, 27.0131], [15.3791, 27.0273], [15.3791, 27.0415], [15.411, 27.0557], [15.411, 27.0699], [15.3791, 27.0699], [15.3791, 27.0841], [15.3632, 27.0841], [15.3632, 27.0982], [15.3791, 27.0982], [15.3791, 27.1266], [15.3951, 27.1266], [15.3951, 27.1124], [15.411, 27.1124], [15.411, 27.0841], [15.4429, 27.0699]], [[15.8253, 27.0699], [15.8253, 27.0557], [15.7935, 27.0699], [15.7935, 27.1124], [15.8253, 27.1124], [15.8253, 27.0982], [15.8413, 27.0982], [15.8413, 27.0699], [15.8253, 27.0699]], [[17.3711, 27.0841], [17.3711, 27.0699], [17.3552, 27.0699], [17.3552, 27.0841], [17.3711, 27.0841]], [[11.8892, 27.0557], [11.8892, 27.0415], [11.8733, 27.0415], [11.8733, 27.0557], [11.8892, 27.0557]], [[17.3711, 26.9989], [17.3711, 27.0131], [17.387, 27.0131], [17.387, 26.9563], [17.3552, 26.9563], [17.3552, 26.9989], [17.3711, 26.9989]], [[3.4592, 26.9563], [3.4592, 26.9421], [3.4433, 26.9421], [3.4433, 26.9563], [3.4592, 26.9563]], [[24.0004, 26.8426], [24.0004, 26.8568], [23.9526, 26.8568], [23.9526, 26.8853], [23.9366, 26.8853], [23.9526, 26.9421], [23.9844, 26.9421], [23.9844, 26.9563], [24.0482, 26.9421], [24.0482, 26.8568], [24.0323, 26.8568], [24.0323, 26.8426], [24.0004, 26.8426]], [[3.3317, 26.871], [3.3317, 26.8568], [3.3158, 26.8568], [3.3158, 26.871], [3.3317, 26.871]], [[12.1442, 26.7999], [12.1442, 26.7715], [12.1283, 26.7715], [12.1283, 26.7573], [12.0964, 26.7573], [12.1123, 26.7857], [12.0804, 26.7857], [12.0804, 26.8142], [12.0964, 26.8142], [12.0964, 26.8284], [12.1283, 26.8284], [12.1283, 26.8426], [12.1601, 26.8426], [12.1601, 26.8568], [12.192, 26.8426], [12.192, 26.8142], [12.1601, 26.8142], [12.1601, 26.7999], [12.1442, 26.7999]], [[8.0487, 26.743], [8.0487, 26.7288], [8.0328, 26.7288], [8.0328, 26.743], [8.0487, 26.743]], [[11.6183, 26.6434], [11.6024, 26.6719], [11.6342, 26.6719], [11.6502, 26.7003], [11.698, 26.7003], [11.698, 26.6719], [11.6661, 26.6719], [11.6661, 26.6434], [11.6183, 26.6434]], [[15.8891, 26.6861], [15.8891, 26.6719], [15.8732, 26.6719], [15.8732, 26.6861], [15.8891, 26.6861]], [[11.698, 26.6149], [11.698, 26.6291], [11.682, 26.6291], [11.682, 26.6576], [11.7139, 26.6576], [11.7139, 26.6719], [11.7458, 26.6576], [11.7458, 26.6434], [11.7299, 26.6434], [11.7299, 26.6149], [11.698, 26.6149]], [[8.3674, 26.6434], [8.3834, 26.6149], [8.3515, 26.6149], [8.3515, 26.6434], [8.3674, 26.6434]], [[6.1842, 26.5579], [6.1842, 26.5721], [6.1683, 26.5721], [6.1683, 26.6006], [6.2002, 26.6006], [6.2002, 26.5864], [6.2161, 26.5864], [6.2161, 26.5579], [6.1842, 26.5579]], [[9.9929, 26.6006], [9.9929, 26.5864], [9.9769, 26.5864], [9.9769, 26.6006], [9.9929, 26.6006]], [[3.2998, 26.5721], [3.2998, 26.5436], [3.2839, 26.5436], [3.2839, 26.5721], [3.2998, 26.5721]], [[6.1205, 26.4866], [6.1205, 26.4438], [6.0886, 26.458], [6.1045, 26.4866], [6.1205, 26.4866]], [[3.2042, 26.4152], [3.2042, 26.401], [3.1564, 26.401], [3.1564, 26.3581], [3.1246, 26.3581], [3.1246, 26.4295], [3.1405, 26.4295], [3.1405, 26.4438], [3.1564, 26.4438], [3.1724, 26.4723], [3.1883, 26.4723], [3.1883, 26.458], [3.2202, 26.4438], [3.2202, 26.4152], [3.2042, 26.4152]], [[21.4507, 26.3867], [21.4507, 26.3724], [21.4825, 26.3724], [21.4825, 26.3581], [21.4985, 26.3581], [21.4985, 26.3296], [21.5144, 26.3296], [21.5144, 26.2724], [21.4985, 26.2724], [21.4985, 26.2439], [21.4825, 26.2439], [21.4666, 26.2153], [21.4347, 26.2153], [21.4347, 26.201], [21.371, 26.201], [21.371, 26.2153], [21.3391, 26.2153], [21.3391, 26.2296], [21.3232, 26.2296], [21.3232, 26.2439], [21.2913, 26.2581], [21.2913, 26.3439], [21.3072, 26.3439], [21.3072, 26.3581], [21.3232, 26.3581], [21.3391, 26.3867], [21.3869, 26.3867], [21.3869, 26.401], [21.4029, 26.401], [21.4029, 26.3867], [21.4347, 26.401], [21.4347, 26.3867], [21.4507, 26.3867]], [[3.2361, 26.3867], [3.2361, 26.3724], [3.2202, 26.3724], [3.2202, 26.3867], [3.2361, 26.3867]], [[9.8654, 26.3867], [9.8654, 26.3296], [9.8494, 26.3296], [9.8494, 26.3867], [9.8654, 26.3867]], [[7.4431, 26.3439], [7.4431, 26.3153], [7.4272, 26.3153], [7.4113, 26.3439], [7.4431, 26.3439]], [[27.3947, 26.3296], [27.3947, 26.3153], [27.3788, 26.3153], [27.3788, 26.3296], [27.3947, 26.3296]], [[27.3788, 26.301], [27.3788, 26.2867], [27.3628, 26.2867], [27.3628, 26.301], [27.3788, 26.301]], [[5.1006, 26.1581], [5.1006, 26.1867], [5.0528, 26.1867], [5.0528, 26.201], [5.0368, 26.201], [5.0368, 26.2153], [5.0528, 26.2153], [5.0528, 26.2296], [5.0847, 26.2296], [5.0847, 26.2439], [5.1165, 26.2439], [5.1165, 26.1724], [5.1325, 26.1724], [5.1325, 26.1581], [5.1006, 26.1581]], [[3.2998, 26.1724], [3.2998, 26.1581], [3.2839, 26.1581], [3.2839, 26.1724], [3.2998, 26.1724]], [[3.8576, 26.1581], [3.8576, 26.1438], [3.8417, 26.1438], [3.8417, 26.1581], [3.8576, 26.1581]], [[26.5501, 26.1581], [26.5501, 26.1295], [26.5342, 26.1295], [26.5342, 26.1581], [26.5501, 26.1581]], [[2.9333, 26.0722], [2.9333, 26.0579], [2.9015, 26.0579], [2.9015, 26.1151], [2.9174, 26.1151], [2.9174, 26.1008], [2.9493, 26.1008], [2.9493, 26.0722], [2.9333, 26.0722]], [[7.1882, 26.1008], [7.1882, 26.0722], [7.1722, 26.0722], [7.1563, 26.1008], [7.1882, 26.1008]], [[18.6938, 26.0436], [18.6938, 26.0149], [18.7097, 26.0149], [18.7097, 25.9863], [18.6938, 25.9863], [18.6938, 25.929], [18.6619, 25.929], [18.6619, 25.9146], [18.5982, 25.9146], [18.5982, 25.9003], [18.5822, 25.9003], [18.5822, 25.9146], [18.5344, 25.9146], [18.5344, 25.929], [18.5185, 25.929], [18.5185, 25.972], [18.5025, 25.972], [18.5025, 26.0006], [18.4866, 26.0006], [18.4866, 26.0149], [18.5025, 26.0149], [18.5025, 26.0436], [18.5185, 26.0436], [18.5185, 26.0579], [18.5344, 26.0579], [18.5504, 26.0865], [18.646, 26.0865], [18.646, 26.0722], [18.6778, 26.0722], [18.6778, 26.0436], [18.6938, 26.0436]], [[27.3469, 26.0865], [27.3469, 26.0579], [27.315, 26.0579], [27.315, 26.0865], [27.3469, 26.0865]], [[0.1924, 26.0293], [0.1924, 26.0436], [0.2083, 26.0436], [0.2083, 26.0722], [0.2402, 26.0722], [0.2402, 26.0579], [0.2561, 26.0579], [0.2561, 26.0293], [0.1924, 26.0293]], [[0.1924, 26.0149], [0.1764, 26.0149], [0.1764, 26.0293], [0.1924, 26.0293], [0.1924, 26.0149]], [[0.4952, 26.0579], [0.4792, 26.0293], [0.4633, 26.0293], [0.4633, 26.0722], [0.4952, 26.0579]], [[26.5979, 26.0436], [26.5979, 26.0293], [26.566, 26.0293], [26.566, 26.0436], [26.5979, 26.0436]], [[5.2281, 25.9576], [5.2281, 25.9863], [5.244, 25.9863], [5.2599, 26.0149], [5.2759, 26.0149], [5.2759, 25.9863], [5.2599, 25.9863], [5.2599, 25.972], [5.2281, 25.9576]], [[5.1643, 25.9576], [5.1643, 25.9863], [5.1803, 25.9863], [5.1803, 26.0006], [5.2121, 26.0006], [5.2121, 25.9863], [5.1962, 25.9863], [5.1962, 25.9576], [5.1643, 25.9576]], [[3.6664, 25.9863], [3.6664, 25.972], [3.6504, 25.972], [3.6504, 25.9863], [3.6664, 25.9863]], [[0.9414, 25.8716], [0.9414, 25.8573], [0.9573, 25.8573], [0.9573, 25.8716], [1.0051, 25.8716], [1.0051, 25.8573], [1.1007, 25.8716], [1.1007, 25.8573], [1.1645, 25.843], [1.1804, 25.8143], [1.2123, 25.8143], [1.2123, 25.7999], [1.1804, 25.7999], [1.1804, 25.7712], [1.1963, 25.7712], [1.1963, 25.6851], [1.1804, 25.6851], [1.1804, 25.6564], [1.1645, 25.6564], [1.1485, 25.6276], [1.1326, 25.6276], [1.1326, 25.642], [1.1007, 25.642], [1.1007, 25.6276], [1.0848, 25.6276], [1.0848, 25.6133], [1.0688, 25.6133], [1.0529, 25.5845], [1.037, 25.5845], [1.037, 25.5989], [0.9732, 25.5989], [0.9732, 25.5845], [0.9573, 25.5845], [0.9573, 25.5989], [0.9414, 25.5989], [0.9254, 25.6276], [0.8776, 25.6276], [0.8776, 25.5989], [0.8457, 25.5845], [0.8457, 25.642], [0.8298, 25.642], [0.8298, 25.6564], [0.8457, 25.6564], [0.8457, 25.6851], [0.8617, 25.6851], [0.8617, 25.6995], [0.8935, 25.6995], [0.8935, 25.7138], [0.8776, 25.7138], [0.8776, 25.7425], [0.8935, 25.7425], [0.8935, 25.7856], [0.8776, 25.7856], [0.8776, 25.7999], [0.8617, 25.7999], [0.8457, 25.8286], [0.782, 25.8286], [0.782, 25.8573], [0.8139, 25.8716], [0.8139, 25.9003], [0.8617, 25.9003], [0.8617, 25.9146], [0.8776, 25.9146], [0.8776, 25.9003], [0.8935, 25.9003], [0.9095, 25.8716], [0.9414, 25.8716]], [[1.0688, 25.9146], [1.0688, 25.886], [1.037, 25.886], [1.0529, 25.9146], [1.0688, 25.9146]], [[16.0803, 25.6564], [16.0803, 25.6276], [16.0963, 25.6276], [16.0963, 25.6133], [16.0803, 25.6133], [16.0803, 25.5989], [16.0963, 25.5989], [16.0963, 25.5701], [16.0803, 25.5701], [16.0803, 25.5414], [16.0644, 25.5414], [16.0644, 25.527], [16.0166, 25.527], [16.0166, 25.5126], [15.9847, 25.5126], [15.9847, 25.527], [15.921, 25.5414], [15.921, 25.5701], [15.905, 25.5701], [15.905, 25.642], [15.921, 25.642], [15.9369, 25.6707], [15.9688, 25.6707], [15.9688, 25.6851], [16.0166, 25.6851], [16.0166, 25.6707], [16.0644, 25.6707], [16.0644, 25.6564], [16.0803, 25.6564]], [[13.0525, 25.2679], [13.0366, 25.2391], [12.9569, 25.2391], [12.9569, 25.2535], [12.925, 25.2679], [12.925, 25.3255], [12.941, 25.3255], [12.941, 25.3543], [12.9728, 25.3543], [12.9728, 25.3687], [13.0366, 25.3687], [13.0366, 25.3543], [13.0685, 25.3399], [13.0685, 25.2679], [13.0525, 25.2679]], [[26.1517, 25.3687], [26.1517, 25.3399], [26.1198, 25.3399], [26.1198, 25.3687], [26.1517, 25.3687]], [[25.0521, 25.3543], [25.0521, 25.3255], [25.0362, 25.3255], [25.0203, 25.3543], [25.0521, 25.3543]], [[25.2593, 25.1814], [25.2593, 25.1958], [25.2752, 25.1958], [25.2752, 25.167], [25.2274, 25.167], [25.2274, 25.1814], [25.2593, 25.1814]], [[25.1956, 25.0948], [25.1956, 25.1381], [25.1796, 25.1381], [25.1796, 25.1525], [25.2115, 25.1525], [25.2115, 25.1381], [25.2274, 25.1381], [25.2274, 25.0948], [25.1956, 25.0948]], [[25.1478, 25.066], [25.1478, 25.0515], [25.1318, 25.0515], [25.1318, 25.066], [25.1478, 25.066]], [[25.2912, 25.066], [25.2912, 25.0515], [25.2593, 25.0515], [25.2593, 25.066], [25.2912, 25.066]], [[1.8497, 24.9793], [1.8338, 24.9504], [1.77, 24.9504], [1.77, 24.9649], [1.7541, 24.9649], [1.7381, 25.0227], [1.7541, 25.0227], [1.77, 25.0515], [1.8338, 25.0515], [1.8338, 25.0371], [1.8497, 25.0371], [1.8656, 24.9793], [1.8497, 24.9793]], [[9.3873, 24.9938], [9.3873, 24.9504], [9.4032, 24.9504], [9.4032, 24.9215], [9.3873, 24.9215], [9.3873, 24.9071], [9.3714, 24.9071], [9.3554, 24.8782], [9.3236, 24.8782], [9.3236, 24.8637], [9.2598, 24.8637], [9.2598, 24.8782], [9.2279, 24.8782], [9.2279, 24.9071], [9.212, 24.9071], [9.212, 24.9938], [9.2279, 24.9938], [9.2439, 25.0227], [9.2758, 25.0227], [9.2758, 25.0371], [9.3236, 25.0371], [9.3236, 25.0227], [9.3554, 25.0227], [9.3554, 25.0082], [9.3873, 24.9938]], [[5.0368, 25.0082], [5.0368, 24.9938], [5.0687, 24.9938], [5.0687, 24.9793], [5.0847, 24.9793], [5.0847, 24.9649], [5.1165, 24.9504], [5.1165, 24.8493], [5.1006, 24.8493], [5.1006, 24.8203], [5.0687, 24.8203], [5.0687, 24.8059], [5.0209, 24.8059], [5.0209, 24.7914], [4.9731, 24.7914], [4.9731, 24.8059], [4.9412, 24.8059], [4.9412, 24.8203], [4.9094, 24.8203], [4.9094, 24.8348], [4.8934, 24.8348], [4.8934, 24.8637], [4.8775, 24.8637], [4.8775, 24.9504], [4.8934, 24.9504], [4.8934, 24.9649], [4.9094, 24.9649], [4.9094, 24.9793], [4.9253, 24.9793], [4.9412, 25.0082], [4.9572, 25.0082], [4.9572, 24.9938], [5.005, 24.9938], [5.005, 25.0082], [5.0368, 25.0082]], [[25.6736, 24.9938], [25.6736, 24.9793], [25.6418, 24.9649], [25.6258, 24.9938], [25.6736, 24.9938]], [[24.6697, 24.9793], [24.6697, 24.9649], [24.6378, 24.9504], [24.6378, 24.9793], [24.6697, 24.9793]], [[25.2434, 24.8637], [25.2593, 24.8348], [25.2274, 24.8348], [25.2274, 24.8637], [25.2434, 24.8637]], [[23.0124, 24.5307], [23.0124, 24.5162], [22.9964, 24.5162], [22.9964, 24.5307], [23.0124, 24.5307]], [[22.7255, 24.4872], [22.7415, 24.4582], [22.7096, 24.4582], [22.7096, 24.4872], [22.7255, 24.4872]], [[22.7096, 24.4437], [22.7096, 24.4292], [22.6937, 24.4292], [22.6937, 24.4437], [22.7096, 24.4437]], [[22.7733, 24.4147], [22.7733, 24.3857], [22.7574, 24.3857], [22.7415, 24.4147], [22.7733, 24.4147]], [[4.001, 24.2985], [4.001, 24.255], [3.9851, 24.255], [3.9851, 24.2985], [4.001, 24.2985]], [[-0.0785, 24.2404], [-0.0785, 24.284], [-0.0307, 24.284], [-0.0307, 24.2695], [-0.0148, 24.2695], [-0.0148, 24.2404], [-0.0785, 24.2404]], [[22.359, 23.9786], [22.359, 23.9932], [22.3271, 24.0077], [22.3271, 24.0368], [22.359, 24.0368], [22.359, 24.0223], [22.3749, 24.0223], [22.3909, 23.9932], [22.359, 23.9786]], [[6.2639, 23.9932], [6.2639, 23.9786], [6.248, 23.9786], [6.248, 23.9932], [6.2639, 23.9932]], [[1.8656, 23.9204], [1.8656, 23.9058], [1.8497, 23.9058], [1.8338, 23.8767], [1.786, 23.8767], [1.786, 23.8912], [1.77, 23.8912], [1.77, 23.9641], [1.786, 23.9641], [1.786, 23.9349], [1.8019, 23.9349], [1.8019, 23.9204], [1.8656, 23.9204]], [[15.8891, 23.9641], [15.8891, 23.9495], [15.8572, 23.9349], [15.8413, 23.9641], [15.8891, 23.9641]], [[21.6897, 23.9204], [21.6897, 23.9495], [21.7216, 23.9495], [21.7375, 23.9204], [21.7056, 23.9058], [21.7056, 23.9204], [21.6897, 23.9204]], [[0.6864, 23.9204], [0.6864, 23.8912], [0.6545, 23.8912], [0.6704, 23.9204], [0.6864, 23.9204]], [[16.6699, 23.9058], [16.6699, 23.8912], [16.654, 23.8912], [16.654, 23.9058], [16.6699, 23.9058]], [[4.495, 23.8767], [4.4791, 23.8475], [4.4472, 23.8621], [4.4632, 23.8912], [4.495, 23.8767]], [[2.3596, 23.8475], [2.3596, 23.8329], [2.3437, 23.8329], [2.3437, 23.8475], [2.3596, 23.8475]], [[2.3915, 23.8329], [2.4074, 23.8038], [2.3756, 23.8038], [2.3756, 23.8329], [2.3915, 23.8329]], [[14.6461, 23.8329], [14.6461, 23.8038], [14.6142, 23.8038], [14.6142, 23.8329], [14.6461, 23.8329]], [[16.4946, 23.8329], [16.4946, 23.8184], [16.4787, 23.8184], [16.4787, 23.8329], [16.4946, 23.8329]], [[16.7496, 23.8038], [16.7496, 23.7746], [16.7177, 23.7746], [16.7177, 23.8038], [16.7496, 23.8038]], [[12.4629, 23.76], [12.447, 23.7309], [12.4151, 23.7454], [12.431, 23.7746], [12.4629, 23.76]], [[14.8373, 23.76], [14.8373, 23.7309], [14.8214, 23.7309], [14.8214, 23.76], [14.8373, 23.76]], [[13.1641, 23.7309], [13.1641, 23.7454], [13.1959, 23.7309], [13.18, 23.7017], [13.1481, 23.7017], [13.1481, 23.7309], [13.1641, 23.7309]], [[21.9287, 23.7309], [21.9287, 23.7163], [21.8969, 23.7017], [21.8809, 23.7309], [21.9287, 23.7309]], [[13.3712, 23.6433], [13.3712, 23.6579], [13.3394, 23.6579], [13.3394, 23.6725], [13.4031, 23.6725], [13.4031, 23.7017], [13.419, 23.7017], [13.419, 23.7163], [13.4509, 23.7017], [13.4509, 23.6725], [13.435, 23.6725], [13.419, 23.6433], [13.3712, 23.6433]], [[22.1359, 23.6871], [22.1359, 23.6579], [22.12, 23.6579], [22.12, 23.6871], [22.1359, 23.6871]], [[15.5544, 23.6287], [15.5544, 23.5995], [15.5385, 23.5995], [15.5226, 23.6287], [15.5544, 23.6287]], [[21.2754, 23.5849], [21.2754, 23.5703], [21.2594, 23.5703], [21.2594, 23.5849], [21.2754, 23.5849]], [[21.2913, 23.5703], [21.2913, 23.5411], [21.2754, 23.5411], [21.2754, 23.5703], [21.2913, 23.5703]], [[9.1005, 23.5265], [9.1005, 23.5557], [9.1483, 23.5557], [9.1483, 23.5118], [9.1323, 23.5118], [9.1323, 23.5265], [9.1005, 23.5265]], [[20.3352, 23.4241], [20.3352, 23.3803], [20.3033, 23.3803], [20.3033, 23.3656], [20.2714, 23.3656], [20.2714, 23.3803], [20.2555, 23.3803], [20.2714, 23.468], [20.2395, 23.468], [20.2395, 23.4972], [20.2714, 23.4972], [20.2714, 23.5118], [20.3033, 23.5118], [20.3033, 23.4534], [20.3192, 23.4534], [20.3192, 23.4241], [20.3352, 23.4241]], [[9.6423, 23.4095], [9.6423, 23.3949], [9.6263, 23.3949], [9.6263, 23.4095], [9.6423, 23.4095]], [[9.6263, 23.3803], [9.6104, 23.3803], [9.6104, 23.351], [9.5626, 23.351], [9.5626, 23.3949], [9.6263, 23.3949], [9.6263, 23.3803]], [[17.148, 23.3949], [17.148, 23.3803], [17.1321, 23.3803], [17.1321, 23.3949], [17.148, 23.3949]], [[17.1639, 23.351], [17.1639, 23.3217], [17.148, 23.3217], [17.148, 23.351], [17.1639, 23.351]], [[21.4347, 23.351], [21.4347, 23.3217], [21.4188, 23.3217], [21.4188, 23.351], [21.4347, 23.351]], [[18.1042, 23.3217], [18.1042, 23.3071], [18.0882, 23.3071], [18.0882, 23.3217], [18.1042, 23.3217]], [[12.1601, 23.3071], [12.1601, 23.2925], [12.1442, 23.2925], [12.1442, 23.3071], [12.1601, 23.3071]], [[19.6021, 23.3071], [19.6021, 23.2778], [19.5862, 23.2778], [19.5862, 23.3071], [19.6021, 23.3071]], [[9.4989, 23.2925], [9.4989, 23.2632], [9.4829, 23.2632], [9.4829, 23.2925], [9.4989, 23.2925]], [[8.3993, 23.2632], [8.3993, 23.2486], [8.3674, 23.2486], [8.3674, 23.2632], [8.3993, 23.2632]], [[20.4626, 23.1753], [20.4626, 23.1607], [20.4308, 23.1607], [20.4308, 23.2193], [20.4626, 23.2193], [20.4626, 23.2046], [20.4786, 23.2046], [20.4786, 23.1753], [20.4626, 23.1753]], [[21.4188, 23.1753], [21.4188, 23.1607], [21.4029, 23.1607], [21.4029, 23.1753], [21.4188, 23.1753]], [[20.4786, 23.1021], [20.4786, 23.0874], [20.4626, 23.0874], [20.4626, 23.1021], [20.4786, 23.1021]], [[8.0328, 23.0141], [8.0328, 22.9847], [7.985, 22.9847], [7.985, 23.0141], [8.0328, 23.0141]], [[7.985, 22.9701], [7.969, 22.9701], [7.969, 22.9847], [7.985, 22.9847], [7.985, 22.9701]]], [[[-9.8312, 27.7207], [-9.879, 27.7207], [-9.879, 27.7066], [-9.895, 27.7066], [-9.895, 27.6925], [-9.8631, 27.6925], [-9.8631, 27.636], [-9.879, 27.636], [-9.879, 27.6078], [-9.895, 27.6078], [-9.895, 27.5654], [-9.9109, 27.5654], [-9.9109, 27.5513], [-9.9587, 27.5513], [-9.9587, 27.5795], [-9.9746, 27.5795], [-9.9746, 27.5654], [-9.9906, 27.5654], [-9.9906, 27.5372], [-10.0065, 27.5372], [-10.0065, 27.5513], [-10.0224, 27.5513], [-10.0224, 27.5372], [-10.0543, 27.5372], [-10.0543, 27.5513], [-10.0702, 27.5513], [-10.0702, 27.5654], [-10.0543, 27.5654], [-10.0543, 27.6219], [-10.0702, 27.6219], [-10.0702, 27.5795], [-10.1021, 27.5654], [-10.1021, 27.636], [-10.1818, 27.636], [-10.1977, 27.6078], [-10.2296, 27.6078], [-10.2296, 27.5795], [-10.2137, 27.5795], [-10.2137, 27.5937], [-10.1659, 27.5937], [-10.1659, 27.5795], [-10.134, 27.5795], [-10.134, 27.5654], [-10.1499, 27.5654], [-10.1499, 27.5513], [-10.1818, 27.5513], [-10.1818, 27.5654], [-10.2296, 27.5654], [-10.2296, 27.5513], [-10.2455, 27.5513], [-10.2455, 27.523], [-10.2615, 27.523], [-10.2615, 27.5372], [-10.2933, 27.5372], [-10.2933, 27.5089], [-10.3093, 27.5089], [-10.3093, 27.4948], [-10.3412, 27.4948], [-10.3412, 27.4806], [-10.389, 27.4806], [-10.389, 27.4948], [-10.4049, 27.4948], [-10.4049, 27.523], [-10.4208, 27.523], [-10.4208, 27.5654], [-10.4368, 27.5654], [-10.4368, 27.5513], [-10.4846, 27.5513], [-10.4846, 27.523], [-10.4686, 27.523], [-10.4686, 27.5089], [-10.4368, 27.523], [-10.4368, 27.4948], [-10.4527, 27.4948], [-10.4527, 27.4665], [-10.4686, 27.4665], [-10.4686, 27.4523], [-10.5324, 27.4523], [-10.5324, 27.4806], [-10.5643, 27.4806], [-10.5643, 27.4665], [-10.5802, 27.4665], [-10.5802, 27.4523], [-10.5961, 27.4523], [-10.5961, 27.4382], [-10.6121, 27.4382], [-10.6121, 27.4241], [-10.628, 27.4241], [-10.628, 27.4099], [-10.6439, 27.4099], [-10.6439, 27.3958], [-10.6599, 27.3958], [-10.6599, 27.3816], [-10.6758, 27.3816], [-10.6917, 27.3533], [-10.7236, 27.3533], [-10.7395, 27.325], [-10.7714, 27.325], [-10.7874, 27.2967], [-10.8192, 27.2967], [-10.8192, 27.2825], [-10.8352, 27.2825], [-10.8352, 27.2684], [-10.867, 27.2684], [-10.883, 27.24], [-10.9467, 27.2259], [-10.9626, 27.1975], [-10.9945, 27.1975], [-10.9945, 27.1833], [-11.0264, 27.1833], [-11.0264, 27.1692], [-11.0901, 27.155], [-11.0901, 27.1408], [-11.122, 27.1266], [-11.122, 27.0982], [-11.1379, 27.0982], [-11.1539, 27.0699], [-11.1857, 27.0699], [-11.1857, 27.0557], [-11.1698, 27.0557], [-11.1698, 27.0415], [-11.1857, 27.0415], [-11.1857, 26.9989], [-11.1698, 26.9989], [-11.1698, 26.9847], [-11.2017, 26.9705], [-11.2017, 26.9563], [-11.1857, 26.9563], [-11.1857, 26.8853], [-11.1698, 26.8853], [-11.1698, 26.9137], [-11.1379, 26.9137], [-11.1379, 26.8853], [-11.122, 26.8853], [-11.122, 26.871], [-11.1379, 26.871], [-11.1379, 26.8426], [-11.1539, 26.8426], [-11.1539, 26.8284], [-11.1857, 26.8284], [-11.1857, 26.8142], [-11.1698, 26.8142], [-11.1698, 26.7999], [-11.122, 26.7999], [-11.122, 26.8142], [-11.0742, 26.8142], [-11.0742, 26.8284], [-11.0583, 26.8284], [-11.0583, 26.8142], [-11.0423, 26.8142], [-11.0423, 26.7857], [-11.0264, 26.7857], [-11.0423, 26.7573], [-11.0901, 26.7573], [-11.0901, 26.6861], [-11.1061, 26.6861], [-11.1061, 26.6576], [-11.0742, 26.6434], [-11.0742, 26.7003], [-11.0583, 26.7003], [-11.0583, 26.7146], [-10.9945, 26.7146], [-10.9945, 26.7288], [-10.9467, 26.7288], [-10.9467, 26.6719], [-10.9148, 26.6719], [-10.9148, 26.6576], [-10.8989, 26.6576], [-10.8989, 26.6291], [-10.9148, 26.6291], [-10.9148, 26.6149], [-10.8989, 26.6149], [-10.8989, 26.5579], [-10.867, 26.5579], [-10.867, 26.5436], [-10.883, 26.5436], [-10.8989, 26.5151], [-10.883, 26.5151], [-10.867, 26.4866], [-10.8511, 26.4866], [-10.8511, 26.5008], [-10.8033, 26.5008], [-10.8033, 26.4866], [-10.8192, 26.4866], [-10.8192, 26.458], [-10.8511, 26.458], [-10.8511, 26.4438], [-10.8192, 26.4438], [-10.8192, 26.4295], [-10.7874, 26.4438], [-10.7714, 26.4152], [-10.7395, 26.4152], [-10.7395, 26.401], [-10.7236, 26.401], [-10.7236, 26.3867], [-10.6917, 26.3724], [-10.6917, 26.3439], [-10.7077, 26.3439], [-10.7077, 26.3153], [-10.6917, 26.3153], [-10.6917, 26.301], [-10.7077, 26.301], [-10.7236, 26.2724], [-10.6917, 26.2581], [-10.6917, 26.2296], [-10.6758, 26.2296], [-10.6758, 26.2153], [-10.6917, 26.2153], [-10.6917, 26.1867], [-10.7395, 26.1867], [-10.7555, 26.2153], [-10.7874, 26.201], [-10.7874, 26.1581], [-10.7714, 26.1581], [-10.7874, 26.1295], [-10.7555, 26.1295], [-10.7555, 26.0865], [-10.7714, 26.0865], [-10.7714, 26.0722], [-10.7555, 26.0722], [-10.7555, 26.0579], [-10.6758, 26.0579], [-10.6758, 26.0865], [-10.6599, 26.0865], [-10.6758, 26.1438], [-10.6599, 26.1438], [-10.6599, 26.1581], [-10.628, 26.1581], [-10.628, 26.1295], [-10.6121, 26.1295], [-10.6121, 26.1151], [-10.5961, 26.1151], [-10.5961, 26.1581], [-10.5802, 26.1581], [-10.5802, 26.1724], [-10.5643, 26.1724], [-10.5643, 26.1438], [-10.5483, 26.1438], [-10.5483, 26.1151], [-10.5802, 26.1151], [-10.5802, 26.1008], [-10.5483, 26.1008], [-10.5643, 26.0436], [-10.6439, 26.0436], [-10.628, 26.0149], [-10.6439, 26.0149], [-10.6439, 26.0006], [-10.7236, 26.0006], [-10.7236, 25.9576], [-10.6917, 25.9576], [-10.6917, 25.929], [-10.6758, 25.929], [-10.6758, 25.9146], [-10.6599, 25.9146], [-10.6599, 25.9433], [-10.628, 25.9433], [-10.628, 25.9576], [-10.5961, 25.9576], [-10.5961, 25.9433], [-10.5643, 25.929], [-10.5643, 25.9003], [-10.5324, 25.886], [-10.5324, 25.843], [-10.5164, 25.843], [-10.5164, 25.7999], [-10.5005, 25.7999], [-10.5005, 25.7425], [-10.4846, 25.7425], [-10.4846, 25.7138], [-10.5324, 25.7138], [-10.5324, 25.7282], [-10.5643, 25.7425], [-10.5643, 25.7282], [-10.5961, 25.7138], [-10.5961, 25.6995], [-10.5643, 25.6995], [-10.5643, 25.6707], [-10.5961, 25.6707], [-10.5961, 25.642], [-10.5802, 25.642], [-10.5802, 25.6564], [-10.5483, 25.6564], [-10.5483, 25.642], [-10.5643, 25.642], [-10.5643, 25.6276], [-10.5802, 25.6276], [-10.5802, 25.6133], [-10.5961, 25.6133], [-10.5961, 25.5989], [-10.628, 25.5845], [-10.628, 25.5558], [-10.6758, 25.5558], [-10.6758, 25.5414], [-10.5802, 25.527], [-10.5802, 25.5126], [-10.5643, 25.5126], [-10.5643, 25.4839], [-10.5483, 25.4839], [-10.5483, 25.4982], [-10.5164, 25.4982], [-10.5164, 25.4839], [-10.5005, 25.4839], [-10.5005, 25.4551], [-10.4368, 25.4407], [-10.4368, 25.4119], [-10.4686, 25.4119], [-10.4686, 25.4263], [-10.4846, 25.4263], [-10.4846, 25.3975], [-10.5005, 25.3975], [-10.5005, 25.3831], [-10.4368, 25.3831], [-10.4368, 25.3975], [-10.4208, 25.3975], [-10.4208, 25.3687], [-10.4049, 25.3687], [-10.4049, 25.3543], [-10.389, 25.3543], [-10.373, 25.3255], [-10.3412, 25.3255], [-10.3412, 25.3111], [-10.3252, 25.3111], [-10.3252, 25.2823], [-10.3093, 25.2823], [-10.3093, 25.3111], [-10.2615, 25.3111], [-10.2774, 25.2823], [-10.2455, 25.2823], [-10.2455, 25.2967], [-10.2296, 25.2967], [-10.2296, 25.2823], [-10.1977, 25.2823], [-10.1977, 25.2967], [-10.1181, 25.2967], [-10.1181, 25.2679], [-10.134, 25.2679], [-10.134, 25.2535], [-10.1659, 25.2535], [-10.1818, 25.2247], [-10.134, 25.2247], [-10.1181, 25.1958], [-10.0862, 25.1958], [-10.1021, 25.2247], [-10.0862, 25.2247], [-10.0862, 25.2391], [-10.0543, 25.2391], [-10.0543, 25.2247], [-10.0384, 25.2247], [-10.0224, 25.1958], [-10.0065, 25.1958], [-10.0065, 25.2102], [-9.9109, 25.2102], [-9.9109, 25.1958], [-9.879, 25.1958], [-9.879, 25.167], [-9.8471, 25.167], [-9.8471, 25.1525], [-9.8631, 25.1525], [-9.8631, 25.1237], [-9.879, 25.1237], [-9.879, 25.1093], [-9.9268, 25.1093], [-9.9268, 25.0948], [-9.9109, 25.0948], [-9.895, 25.066], [-9.8631, 25.066], [-9.8631, 25.0227], [-9.879, 25.0227], [-9.895, 24.9938], [-9.8471, 24.9938], [-9.8471, 24.9793], [-9.8312, 24.9793], [-9.8312, 24.936], [-9.8153, 24.936], [-9.8153, 24.9071], [-9.8312, 24.9071], [-9.8312, 24.8926], [-9.8471, 24.8926], [-9.8471, 24.9071], [-9.879, 24.9071], [-9.879, 24.8926], [-9.9428, 24.8926], [-9.9587, 24.8637], [-9.879, 24.8637], [-9.879, 24.8782], [-9.8471, 24.8782], [-9.8471, 24.8637], [-9.8312, 24.8637], [-9.8312, 24.8782], [-9.8153, 24.8782], [-9.8153, 24.8348], [-9.7834, 24.8348], [-9.7834, 24.8203], [-9.7675, 24.8203], [-9.7675, 24.8348], [-9.7356, 24.8348], [-9.7197, 24.8059], [-9.7356, 24.8059], [-9.7356, 24.7914], [-9.7515, 24.7914], [-9.7515, 24.8059], [-9.8153, 24.8059], [-9.8153, 24.7914], [-9.9268, 24.7914], [-9.9428, 24.8203], [-9.9746, 24.8203], [-9.9746, 24.7769], [-9.9587, 24.7769], [-9.9587, 24.748], [-9.9268, 24.748], [-9.9268, 24.7625], [-9.8471, 24.7625], [-9.8471, 24.748], [-9.8153, 24.748], [-9.8153, 24.7335], [-9.7675, 24.7335], [-9.7675, 24.719], [-9.7515, 24.719], [-9.7515, 24.6901], [-9.7197, 24.7046], [-9.7197, 24.7335], [-9.6559, 24.7335], [-9.6559, 24.719], [-9.64, 24.719], [-9.6559, 24.6901], [-9.5922, 24.6901], [-9.5922, 24.6466], [-9.6081, 24.6466], [-9.6081, 24.6322], [-9.64, 24.6322], [-9.64, 24.6177], [-9.6559, 24.6177], [-9.6719, 24.5887], [-9.7037, 24.5887], [-9.7037, 24.6032], [-9.7197, 24.6032], [-9.7197, 24.5742], [-9.7037, 24.5742], [-9.7037, 24.5597], [-9.7197, 24.5597], [-9.7197, 24.5307], [-9.6878, 24.5452], [-9.6878, 24.5742], [-9.6559, 24.5742], [-9.6559, 24.5887], [-9.624, 24.5887], [-9.624, 24.6032], [-9.5922, 24.6032], [-9.5922, 24.6177], [-9.5444, 24.6177], [-9.5284, 24.6756], [-9.4966, 24.6756], [-9.4966, 24.6901], [-9.4647, 24.6901], [-9.4647, 24.6756], [-9.4328, 24.6756], [-9.4328, 24.6611], [-9.4009, 24.6611], [-9.4009, 24.6756], [-9.385, 24.6756], [-9.385, 24.6611], [-9.3531, 24.6611], [-9.3691, 24.6322], [-9.3053, 24.6322], [-9.3213, 24.6611], [-9.2894, 24.6756], [-9.2894, 24.6466], [-9.2575, 24.6322], [-9.2575, 24.6756], [-9.2735, 24.6756], [-9.2735, 24.6901], [-9.2575, 24.6901], [-9.2575, 24.7046], [-9.1778, 24.7046], [-9.1778, 24.6756], [-9.1619, 24.6756], [-9.1619, 24.6611], [-9.13, 24.6466], [-9.13, 24.6032], [-9.0982, 24.6032], [-9.0982, 24.5742], [-9.0344, 24.5742], [-9.0344, 24.5887], [-9.0504, 24.5887], [-9.0504, 24.6032], [-9.0185, 24.6032], [-9.0185, 24.6177], [-9.0504, 24.6177], [-9.0504, 24.6322], [-9.0344, 24.6322], [-9.0344, 24.6901], [-9.0185, 24.6901], [-9.0025, 24.719], [-8.9707, 24.719], [-8.9707, 24.7335], [-8.9547, 24.7335], [-8.9547, 24.7625], [-8.9229, 24.7625], [-8.9229, 24.7914], [-8.9547, 24.7914], [-8.9547, 24.8059], [-8.9866, 24.8203], [-8.9866, 24.8493], [-8.9547, 24.8637], [-8.9547, 24.8493], [-8.9229, 24.8493], [-8.9069, 24.8203], [-8.8591, 24.8203], [-8.8591, 24.8059], [-8.8432, 24.8059], [-8.8432, 24.7914], [-8.8113, 24.7769], [-8.8113, 24.748], [-8.7954, 24.748], [-8.7954, 24.6756], [-8.8273, 24.6611], [-8.8273, 24.6322], [-8.7954, 24.6322], [-8.7954, 24.6466], [-8.7794, 24.6466], [-8.7794, 24.6756], [-8.7476, 24.6901], [-8.7476, 24.6756], [-8.7316, 24.6756], [-8.7316, 24.6611], [-8.7476, 24.6611], [-8.7476, 24.6322], [-8.6998, 24.6322], [-8.6998, 24.6177], [-8.6838, 24.6177], [-8.6838, 24.6032], [-8.6998, 24.6032], [-8.6998, 24.5597], [-8.7157, 24.5597], [-8.7157, 24.5742], [-8.7476, 24.5597], [-8.7476, 24.5452], [-8.7316, 24.5452], [-8.7316, 24.5162], [-8.7157, 24.5162], [-8.7157, 24.5017], [-8.7476, 24.4872], [-8.7316, 24.4292], [-8.6998, 24.4292], [-8.6998, 24.4582], [-8.6679, 24.4727], [-8.6679, 24.4437], [-8.652, 24.4437], [-8.652, 24.4002], [-8.6201, 24.4002], [-8.6201, 24.3566], [-8.5882, 24.3566], [-8.5723, 24.3857], [-8.5245, 24.3857], [-8.5245, 24.3566], [-8.4926, 24.3421], [-8.4926, 24.2985], [-8.5085, 24.2985], [-8.5085, 24.2695], [-8.4926, 24.2695], [-8.4926, 24.255], [-8.4448, 24.255], [-8.4448, 24.2695], [-8.4129, 24.2695], [-8.4129, 24.255], [-8.3651, 24.255], [-8.3651, 24.2404], [-8.3811, 24.2404], [-8.397, 24.2114], [-8.4289, 24.2114], [-8.4129, 24.1823], [-8.3811, 24.1823], [-8.3811, 24.1968], [-8.3651, 24.1968], [-8.3492, 24.2259], [-8.2854, 24.2259], [-8.2854, 24.284], [-8.2695, 24.284], [-8.2536, 24.3131], [-8.2217, 24.3131], [-8.2217, 24.2985], [-8.1739, 24.2985], [-8.1739, 24.284], [-8.142, 24.284], [-8.142, 24.255], [-8.158, 24.255], [-8.158, 24.1968], [-8.1739, 24.1968], [-8.1739, 24.1678], [-8.2058, 24.1532], [-8.2058, 24.1387], [-8.1739, 24.1241], [-8.1739, 24.0805], [-8.1898, 24.0805], [-8.1898, 24.0514], [-8.2058, 24.0514], [-8.2058, 24.0368], [-8.2217, 24.0368], [-8.2376, 24.0077], [-8.1898, 24.0077], [-8.1898, 23.9786], [-8.1739, 23.9786], [-8.1739, 23.9932], [-8.1261, 23.9932], [-8.1261, 23.9495], [-8.1101, 23.9495], [-8.1101, 23.9786], [-8.0942, 23.9786], [-8.0942, 24.0223], [-8.0783, 24.0223], [-8.0783, 24.0368], [-8.0623, 24.0368], [-8.0623, 24.0223], [-8.0464, 24.0223], [-8.0464, 24.0368], [-7.9986, 24.0368], [-7.9827, 24.0077], [-7.9508, 24.0077], [-7.9667, 24.0368], [-7.9349, 24.0368], [-7.9349, 24.0805], [-7.887, 24.0805], [-7.887, 24.095], [-7.8552, 24.095], [-7.8552, 24.0805], [-7.8711, 24.0805], [-7.8711, 24.066], [-7.8552, 24.066], [-7.8552, 24.0368], [-7.8711, 24.0368], [-7.8711, 24.0223], [-7.903, 24.0223], [-7.903, 24.0077], [-7.9349, 23.9932], [-7.9349, 23.9058], [-7.9189, 23.9058], [-7.9189, 23.8767], [-7.9667, 23.8767], [-7.9667, 23.8621], [-7.9349, 23.8475], [-7.9349, 23.8184], [-7.9508, 23.8184], [-7.9508, 23.8038], [-7.9189, 23.8038], [-7.9189, 23.7746], [-7.887, 23.7746], [-7.887, 23.7892], [-7.8233, 23.7892], [-7.8233, 23.7746], [-7.7755, 23.7746], [-7.7755, 23.76], [-7.7118, 23.7746], [-7.7118, 23.76], [-7.6958, 23.76], [-7.6958, 23.7163], [-7.6639, 23.7017], [-7.6799, 23.7892], [-7.6958, 23.7892], [-7.6958, 23.8038], [-7.7277, 23.8038], [-7.7436, 23.8329], [-7.7755, 23.8329], [-7.7755, 23.8621], [-7.7596, 23.8621], [-7.7596, 23.8912], [-7.7277, 23.8912], [-7.7277, 23.9204], [-7.6958, 23.9204], [-7.6958, 23.8767], [-7.6639, 23.8767], [-7.6639, 23.8475], [-7.6321, 23.8475], [-7.6321, 23.8184], [-7.6002, 23.8184], [-7.6002, 23.8329], [-7.5524, 23.8329], [-7.5524, 23.8475], [-7.5365, 23.8475], [-7.5365, 23.8329], [-7.5205, 23.8329], [-7.5205, 23.8475], [-7.4887, 23.8475], [-7.4887, 23.8329], [-7.5046, 23.8329], [-7.5046, 23.8038], [-7.4727, 23.8038], [-7.4727, 23.8184], [-7.409, 23.8184], [-7.409, 23.8475], [-7.4249, 23.8475], [-7.4249, 23.8621], [-7.409, 23.8621], [-7.393, 23.8912], [-7.3452, 23.8912], [-7.3452, 23.9058], [-7.3134, 23.9204], [-7.3134, 23.9495], [-7.2815, 23.9641], [-7.2815, 23.9932], [-7.2496, 23.9932], [-7.2337, 23.9641], [-7.1699, 23.9641], [-7.1699, 23.9349], [-7.154, 23.9349], [-7.154, 23.8621], [-7.1381, 23.8621], [-7.1381, 23.8767], [-7.1062, 23.8912], [-7.1062, 23.9204], [-7.0743, 23.9349], [-7.0743, 23.9641], [-7.1062, 23.9495], [-7.1062, 23.9786], [-7.0743, 23.9932], [-7.0584, 24.0514], [-6.9946, 24.0514], [-6.9946, 24.0368], [-6.9787, 24.0368], [-6.9787, 24.0077], [-7.0265, 24.0077], [-7.0265, 23.9786], [-7.0425, 23.9786], [-7.0425, 23.9349], [-6.9946, 23.9349], [-6.9946, 23.9495], [-6.9628, 23.9495], [-6.9628, 23.9349], [-6.9309, 23.9495], [-6.9309, 23.9349], [-6.915, 23.9349], [-6.915, 23.8767], [-6.9309, 23.8767], [-6.9468, 23.8184], [-6.9787, 23.8184], [-6.9787, 23.7892], [-6.915, 23.8038], [-6.915, 23.8329], [-6.8512, 23.8184], [-6.8512, 23.8329], [-6.8194, 23.8329], [-6.8194, 23.8475], [-6.7715, 23.8475], [-6.7715, 23.8621], [-6.7397, 23.8475], [-6.7397, 23.8767], [-6.7078, 23.8767], [-6.7078, 23.8621], [-6.6281, 23.8621], [-6.6281, 23.8475], [-6.5963, 23.8475], [-6.5963, 23.8038], [-6.5803, 23.8038], [-6.5803, 23.7746], [-6.5963, 23.7746], [-6.5963, 23.7454], [-6.6122, 23.7454], [-6.6122, 23.7309], [-6.5644, 23.7309], [-6.5644, 23.7163], [-6.5325, 23.7163], [-6.5325, 23.7454], [-6.5166, 23.7454], [-6.5166, 23.7746], [-6.5006, 23.7746], [-6.5166, 23.8038], [-6.5006, 23.8038], [-6.5006, 23.8329], [-6.4847, 23.8329], [-6.4847, 23.8184], [-6.4528, 23.8038], [-6.4528, 23.7746], [-6.4369, 23.7746], [-6.4369, 23.76], [-6.405, 23.76], [-6.405, 23.7309], [-6.3732, 23.7309], [-6.3732, 23.7163], [-6.3572, 23.7163], [-6.3572, 23.7017], [-6.3413, 23.7017], [-6.3413, 23.6871], [-6.3253, 23.6871], [-6.3253, 23.6725], [-6.2935, 23.6579], [-6.2775, 23.5411], [-6.2457, 23.5411], [-6.2457, 23.5265], [-6.2297, 23.5265], [-6.2297, 23.5118], [-6.2457, 23.5118], [-6.2457, 23.4826], [-6.2138, 23.468], [-6.2138, 23.3949], [-6.1819, 23.3803], [-6.1819, 23.351], [-6.166, 23.351], [-6.166, 23.3656], [-6.1501, 23.3656], [-6.1501, 23.351], [-6.1022, 23.351], [-6.1022, 23.4095], [-6.1182, 23.4095], [-6.1182, 23.4388], [-6.0704, 23.4388], [-6.0704, 23.4972], [-6.0385, 23.5118], [-6.0385, 23.5557], [-6.0226, 23.5557], [-6.0226, 23.5703], [-6.0066, 23.5703], [-6.0066, 23.5557], [-5.9588, 23.5557], [-5.9588, 23.5118], [-5.9429, 23.5118], [-5.9588, 23.4826], [-5.9429, 23.4826], [-5.9429, 23.468], [-5.8791, 23.468], [-5.8791, 23.4972], [-5.8632, 23.4972], [-5.8632, 23.5265], [-5.8473, 23.5265], [-5.8473, 23.5703], [-5.8791, 23.5703], [-5.8632, 23.6287], [-5.8313, 23.6141], [-5.8313, 23.5849], [-5.8154, 23.5849], [-5.8154, 23.5995], [-5.7835, 23.5995], [-5.7676, 23.5703], [-5.7357, 23.5849], [-5.7357, 23.5703], [-5.7198, 23.5703], [-5.7198, 23.5411], [-5.7039, 23.5411], [-5.7039, 23.5557], [-5.6242, 23.5557], [-5.6242, 23.5411], [-5.6879, 23.5411], [-5.6879, 23.5118], [-5.7198, 23.5118], [-5.7198, 23.5265], [-5.7357, 23.5265], [-5.7357, 23.5118], [-5.7517, 23.5118], [-5.7517, 23.4972], [-5.7835, 23.4972], [-5.7835, 23.4826], [-5.8473, 23.4826], [-5.8473, 23.468], [-5.8632, 23.468], [-5.8632, 23.4388], [-5.8791, 23.4388], [-5.8791, 23.4095], [-5.8632, 23.4095], [-5.8632, 23.3949], [-5.7995, 23.3949], [-5.7995, 23.4095], [-5.7676, 23.4095], [-5.7517, 23.4388], [-5.7198, 23.4388], [-5.7198, 23.4241], [-5.7357, 23.4241], [-5.7357, 23.3949], [-5.7198, 23.3949], [-5.7198, 23.3364], [-5.7039, 23.3364], [-5.6879, 23.3071], [-5.672, 23.3071], [-5.672, 23.3217], [-5.6082, 23.3217], [-5.6082, 23.3071], [-5.5923, 23.3071], [-5.5923, 23.2925], [-5.6082, 23.2925], [-5.6082, 23.2632], [-5.6401, 23.2486], [-5.6401, 23.2046], [-5.6242, 23.2046], [-5.6242, 23.1753], [-5.5923, 23.1607], [-5.5923, 23.19], [-5.5604, 23.2046], [-5.5604, 23.2339], [-5.5286, 23.2193], [-5.5286, 23.2486], [-5.5126, 23.2486], [-5.4967, 23.2778], [-5.4648, 23.2778], [-5.4648, 23.2925], [-5.4489, 23.2925], [-5.4648, 23.351], [-5.5126, 23.351], [-5.5286, 23.3217], [-5.5604, 23.3364], [-5.5604, 23.351], [-5.5286, 23.3656], [-5.5286, 23.3949], [-5.5445, 23.3949], [-5.5445, 23.4095], [-5.5764, 23.4095], [-5.5764, 23.4388], [-5.5604, 23.4388], [-5.5445, 23.468], [-5.4967, 23.468], [-5.4807, 23.4972], [-5.4489, 23.4972], [-5.4489, 23.5265], [-5.4329, 23.5265], [-5.4329, 23.5703], [-5.417, 23.5703], [-5.417, 23.6141], [-5.4329, 23.6141], [-5.4329, 23.6287], [-5.4011, 23.6433], [-5.4011, 23.6871], [-5.3851, 23.6871], [-5.3692, 23.6579], [-5.3533, 23.6579], [-5.3533, 23.6725], [-5.3214, 23.6725], [-5.3214, 23.6287], [-5.3055, 23.6287], [-5.3214, 23.5995], [-5.2736, 23.5995], [-5.2736, 23.5849], [-5.2417, 23.5849], [-5.2576, 23.6141], [-5.178, 23.6141], [-5.178, 23.6287], [-5.162, 23.6287], [-5.162, 23.6725], [-5.1461, 23.6725], [-5.1302, 23.7017], [-5.0983, 23.7017], [-5.0824, 23.7309], [-5.0505, 23.7309], [-5.0505, 23.7746], [-5.0186, 23.7746], [-5.0186, 23.7892], [-5.0027, 23.7892], [-5.0027, 23.76], [-5.0186, 23.76], [-5.0345, 23.7309], [-4.9708, 23.7163], [-4.9708, 23.6579], [-4.9867, 23.6579], [-5.0027, 23.6287], [-4.9708, 23.6287], [-4.9708, 23.5995], [-4.9549, 23.5995], [-4.9549, 23.6433], [-4.923, 23.6579], [-4.923, 23.6871], [-4.9549, 23.6871], [-4.9549, 23.7163], [-4.9389, 23.7163], [-4.9389, 23.7454], [-4.9071, 23.7454], [-4.9071, 23.7746], [-4.8911, 23.7746], [-4.8911, 23.76], [-4.8433, 23.76], [-4.8433, 23.7309], [-4.8274, 23.7309], [-4.8274, 23.7454], [-4.7636, 23.7454], [-4.7636, 23.76], [-4.7477, 23.76], [-4.7477, 23.8038], [-4.7636, 23.8038], [-4.7796, 23.8329], [-4.7477, 23.8329], [-4.7477, 23.8475], [-4.7158, 23.8475], [-4.7158, 23.8329], [-4.6999, 23.8329], [-4.6999, 23.8038], [-4.6521, 23.8038], [-4.6521, 23.8184], [-4.6362, 23.8184], [-4.6362, 23.8475], [-4.5883, 23.8475], [-4.5883, 23.8329], [-4.5565, 23.8329], [-4.5565, 23.8184], [-4.5405, 23.8184], [-4.5087, 23.8767], [-4.4609, 23.8767], [-4.4609, 23.8912], [-4.4449, 23.8912], [-4.4449, 23.9058], [-4.4609, 23.9058], [-4.4609, 23.9495], [-4.4449, 23.9495], [-4.4449, 23.9641], [-4.3812, 23.9641], [-4.3812, 23.9786], [-4.3493, 23.9786], [-4.3493, 24.0077], [-4.3334, 24.0077], [-4.3334, 24.0223], [-4.3015, 24.0223], [-4.3015, 24.0368], [-4.2856, 24.0368], [-4.2856, 24.0223], [-4.2696, 24.0223], [-4.2696, 24.0368], [-4.2218, 24.0368], [-4.2059, 24.0077], [-4.1421, 24.0223], [-4.1421, 24.0368], [-4.1262, 24.0368], [-4.1262, 24.0805], [-4.0943, 24.095], [-4.0943, 24.1096], [-4.1103, 24.1096], [-4.1103, 24.1387], [-4.1421, 24.1387], [-4.1421, 24.1532], [-4.1262, 24.1532], [-4.1262, 24.1678], [-4.0625, 24.1678], [-4.0625, 24.1387], [-4.0784, 24.1387], [-4.0784, 24.1241], [-4.0465, 24.1241], [-4.0465, 24.1968], [-4.0306, 24.1968], [-4.0306, 24.2259], [-4.0147, 24.2259], [-3.9987, 24.255], [-3.9669, 24.255], [-3.9669, 24.2404], [-3.9509, 24.2404], [-3.9509, 24.1968], [-3.919, 24.1968], [-3.9031, 24.1678], [-3.8712, 24.1678], [-3.8712, 24.1823], [-3.8553, 24.1823], [-3.8553, 24.2259], [-3.9031, 24.2259], [-3.9031, 24.2695], [-3.8234, 24.2695], [-3.8234, 24.2114], [-3.8075, 24.2114], [-3.8075, 24.2695], [-3.7438, 24.2985], [-3.7438, 24.284], [-3.7278, 24.284], [-3.7278, 24.255], [-3.7119, 24.255], [-3.7119, 24.1968], [-3.6959, 24.1968], [-3.6959, 24.1678], [-3.68, 24.1678], [-3.68, 24.1532], [-3.6481, 24.1532], [-3.6481, 24.1387], [-3.6163, 24.1387], [-3.6163, 24.1241], [-3.5844, 24.1096], [-3.5844, 24.066], [-3.5685, 24.066], [-3.5685, 24.0368], [-3.5525, 24.0368], [-3.5525, 24.0514], [-3.5366, 24.0514], [-3.5366, 24.095], [-3.4728, 24.1241], [-3.4728, 24.1387], [-3.4888, 24.1387], [-3.4888, 24.1823], [-3.4728, 24.1823], [-3.4728, 24.1968], [-3.441, 24.1968], [-3.441, 24.2259], [-3.3772, 24.2259], [-3.3772, 24.255], [-3.3932, 24.255], [-3.3932, 24.2695], [-3.3772, 24.2695], [-3.3772, 24.3131], [-3.3613, 24.3131], [-3.3613, 24.3421], [-3.3294, 24.3421], [-3.3135, 24.3711], [-3.2976, 24.3711], [-3.2976, 24.3421], [-3.2816, 24.3421], [-3.2816, 24.3566], [-3.2338, 24.3566], [-3.2179, 24.3857], [-3.1541, 24.3857], [-3.1541, 24.3711], [-3.1063, 24.3711], [-3.1063, 24.4002], [-3.1223, 24.4002], [-3.1223, 24.4292], [-3.1382, 24.4292], [-3.1382, 24.4437], [-3.1063, 24.4582], [-3.1063, 24.5017], [-3.0904, 24.5017], [-3.0745, 24.5307], [-3.0426, 24.5307], [-3.0426, 24.4872], [-3.0107, 24.4872], [-3.0107, 24.4727], [-2.9629, 24.4727], [-2.9629, 24.4582], [-2.9151, 24.4582], [-2.9151, 24.4727], [-2.8992, 24.4727], [-2.8992, 24.5162], [-2.8832, 24.5162], [-2.8832, 24.5452], [-2.8992, 24.5452], [-2.8992, 24.5742], [-2.8832, 24.5742], [-2.8832, 24.6177], [-2.8673, 24.6177], [-2.8673, 24.6322], [-2.7717, 24.6322], [-2.7717, 24.6611], [-2.7557, 24.6611], [-2.7557, 24.7046], [-2.7398, 24.7046], [-2.7398, 24.719], [-2.6761, 24.719], [-2.6761, 24.7046], [-2.6442, 24.7046], [-2.6442, 24.6611], [-2.6283, 24.6611], [-2.6283, 24.6466], [-2.5964, 24.6466], [-2.5964, 24.6611], [-2.5645, 24.6756], [-2.5645, 24.7046], [-2.5804, 24.7046], [-2.5804, 24.719], [-2.5645, 24.719], [-2.5645, 24.748], [-2.5486, 24.748], [-2.5486, 24.7335], [-2.5167, 24.7335], [-2.5167, 24.7625], [-2.5326, 24.7625], [-2.5326, 24.7914], [-2.5167, 24.7914], [-2.5167, 24.8059], [-2.5326, 24.8059], [-2.5326, 24.8493], [-2.5167, 24.8493], [-2.5167, 24.8782], [-2.5008, 24.8782], [-2.5008, 24.8926], [-2.4848, 24.8926], [-2.4848, 24.8782], [-2.3733, 24.8782], [-2.3733, 24.8926], [-2.3414, 24.8926], [-2.3414, 24.9071], [-2.2617, 24.9071], [-2.2617, 24.9215], [-2.182, 24.9215], [-2.182, 24.9071], [-1.9271, 24.9071], [-1.943, 24.936], [-2.0864, 24.936], [-2.0864, 24.9504], [-2.1183, 24.9504], [-2.1183, 24.936], [-2.1342, 24.936], [-2.1502, 24.9649], [-2.198, 24.9649], [-2.198, 24.9504], [-2.2777, 24.9504], [-2.2777, 24.9649], [-2.3095, 24.9649], [-2.3255, 24.9938], [-2.5008, 24.9938], [-2.5008, 25.0371], [-2.5167, 25.0371], [-2.5167, 25.066], [-2.5008, 25.066], [-2.5008, 25.1525], [-2.5326, 25.167], [-2.5167, 25.1958], [-2.5326, 25.1958], [-2.5326, 25.2102], [-2.5645, 25.2247], [-2.5645, 25.2391], [-2.5486, 25.2391], [-2.5486, 25.2823], [-2.5645, 25.2823], [-2.5645, 25.2967], [-2.5964, 25.2967], [-2.5964, 25.2823], [-2.6283, 25.2679], [-2.6283, 25.2823], [-2.6601, 25.2823], [-2.6601, 25.3111], [-2.692, 25.3255], [-2.6761, 25.3831], [-2.6442, 25.3975], [-2.6442, 25.4407], [-2.6601, 25.4407], [-2.6761, 25.4695], [-2.7079, 25.4695], [-2.7079, 25.4551], [-2.7398, 25.4695], [-2.7398, 25.5126], [-2.7239, 25.5126], [-2.7239, 25.5414], [-2.7398, 25.5414], [-2.7398, 25.527], [-2.8035, 25.527], [-2.8035, 25.5414], [-2.8673, 25.5558], [-2.8673, 25.5414], [-2.8992, 25.5414], [-2.8992, 25.527], [-2.947, 25.527], [-2.9629, 25.5558], [-2.931, 25.5558], [-2.931, 25.5989], [-2.9629, 25.6133], [-2.9629, 25.5989], [-2.9948, 25.5845], [-3.0107, 25.6133], [-3.0426, 25.6133], [-3.0426, 25.6276], [-3.0585, 25.6276], [-3.0585, 25.6564], [-3.1701, 25.6564], [-3.1541, 25.6276], [-3.1701, 25.6276], [-3.1701, 25.6133], [-3.2338, 25.6133], [-3.2338, 25.5989], [-3.2657, 25.6133], [-3.2657, 25.642], [-3.3294, 25.6564], [-3.3294, 25.642], [-3.3613, 25.642], [-3.3613, 25.6133], [-3.3772, 25.6133], [-3.3772, 25.642], [-3.425, 25.642], [-3.425, 25.6707], [-3.4569, 25.6851], [-3.4569, 25.7138], [-3.425, 25.7138], [-3.425, 25.7425], [-3.4569, 25.7425], [-3.4569, 25.7569], [-3.5366, 25.7569], [-3.5366, 25.7425], [-3.5047, 25.7282], [-3.5047, 25.6851], [-3.5207, 25.6851], [-3.5207, 25.6707], [-3.5525, 25.6707], [-3.5525, 25.7282], [-3.5844, 25.7425], [-3.5844, 25.7138], [-3.6003, 25.7138], [-3.6163, 25.6851], [-3.6481, 25.6851], [-3.6481, 25.6564], [-3.6959, 25.6564], [-3.6959, 25.642], [-3.68, 25.642], [-3.6641, 25.6133], [-3.6163, 25.6133], [-3.6322, 25.5845], [-3.6641, 25.5845], [-3.6641, 25.5989], [-3.7756, 25.5989], [-3.7756, 25.6133], [-3.7916, 25.6133], [-3.7916, 25.6995], [-3.8234, 25.6995], [-3.8234, 25.6851], [-3.8712, 25.6851], [-3.8712, 25.6995], [-3.8872, 25.6995], [-3.9031, 25.6707], [-3.935, 25.6707], [-3.935, 25.6851], [-3.9509, 25.6851], [-3.9509, 25.6564], [-3.9669, 25.6564], [-3.9509, 25.5989], [-3.9987, 25.5989], [-3.9987, 25.6133], [-3.9828, 25.6133], [-3.9828, 25.642], [-4.0306, 25.642], [-4.0306, 25.6276], [-4.0943, 25.6276], [-4.0943, 25.642], [-4.1103, 25.642], [-4.1103, 25.6707], [-4.1262, 25.6707], [-4.1262, 25.7282], [-4.1421, 25.7282], [-4.1421, 25.7138], [-4.174, 25.7138], [-4.174, 25.7569], [-4.1262, 25.7569], [-4.1262, 25.7712], [-4.1421, 25.7712], [-4.1421, 25.7856], [-4.19, 25.7856], [-4.19, 25.7999], [-4.2696, 25.7999], [-4.2696, 25.8143], [-4.2856, 25.8143], [-4.2856, 25.843], [-4.3015, 25.843], [-4.2856, 25.929], [-4.2537, 25.9433], [-4.2537, 25.9146], [-4.2218, 25.9003], [-4.2218, 25.9146], [-4.2059, 25.9146], [-4.2059, 25.9433], [-4.19, 25.9433], [-4.19, 26.0149], [-4.1581, 26.0149], [-4.1581, 26.0293], [-4.19, 26.0293], [-4.2059, 26.0579], [-4.2218, 26.0579], [-4.2218, 26.0436], [-4.2537, 26.0293], [-4.2537, 26.0579], [-4.2696, 26.0579], [-4.2696, 26.0722], [-4.2378, 26.0722], [-4.2378, 26.1008], [-4.2537, 26.1008], [-4.2537, 26.0865], [-4.2856, 26.0865], [-4.2856, 26.1295], [-4.3015, 26.1295], [-4.3015, 26.1581], [-4.3174, 26.1581], [-4.3174, 26.201], [-4.3334, 26.201], [-4.3334, 26.2153], [-4.3652, 26.2296], [-4.3652, 26.2867], [-4.3971, 26.301], [-4.3971, 26.3439], [-4.4768, 26.3439], [-4.4927, 26.3724], [-4.5565, 26.3867], [-4.5724, 26.4152], [-4.6043, 26.4152], [-4.6043, 26.401], [-4.668, 26.401], [-4.668, 26.4152], [-4.6999, 26.4152], [-4.6999, 26.4295], [-4.7318, 26.4295], [-4.7318, 26.4438], [-4.8114, 26.4438], [-4.8114, 26.458], [-4.8274, 26.458], [-4.8433, 26.4866], [-4.8752, 26.4866], [-4.8752, 26.458], [-4.8911, 26.458], [-4.8911, 26.4438], [-4.923, 26.4438], [-4.923, 26.4295], [-5.0186, 26.4295], [-5.0186, 26.4152], [-5.0027, 26.4152], [-5.0027, 26.401], [-4.9708, 26.3867], [-4.9708, 26.3581], [-5.0186, 26.3581], [-5.0186, 26.3724], [-5.0345, 26.3724], [-5.0345, 26.3581], [-5.0505, 26.3581], [-5.0505, 26.3296], [-5.1461, 26.3153], [-5.1461, 26.3296], [-5.178, 26.3296], [-5.178, 26.3439], [-5.1939, 26.3439], [-5.1939, 26.3581], [-5.2258, 26.3724], [-5.2098, 26.4295], [-5.2895, 26.4295], [-5.2895, 26.4438], [-5.3055, 26.4438], [-5.3055, 26.4295], [-5.3373, 26.4295], [-5.3373, 26.4438], [-5.3692, 26.4438], [-5.3851, 26.4723], [-5.417, 26.4723], [-5.417, 26.4866], [-5.4329, 26.4866], [-5.4329, 26.5436], [-5.4011, 26.5436], [-5.4011, 26.5294], [-5.3851, 26.5294], [-5.3851, 26.5721], [-5.4011, 26.5721], [-5.417, 26.6006], [-5.4329, 26.6006], [-5.4329, 26.5864], [-5.4648, 26.5864], [-5.4648, 26.5579], [-5.5126, 26.5579], [-5.5126, 26.5721], [-5.5286, 26.5721], [-5.5286, 26.5436], [-5.4967, 26.5294], [-5.4967, 26.5008], [-5.5445, 26.5008], [-5.5445, 26.5151], [-5.5764, 26.5151], [-5.5764, 26.5008], [-5.6242, 26.5008], [-5.6242, 26.5579], [-5.656, 26.5579], [-5.656, 26.6149], [-5.6242, 26.6149], [-5.6242, 26.6291], [-5.6082, 26.6291], [-5.6082, 26.6719], [-5.5126, 26.6719], [-5.5126, 26.7003], [-5.5445, 26.7003], [-5.5604, 26.7288], [-5.5445, 26.7288], [-5.5445, 26.7573], [-5.5126, 26.7715], [-5.5126, 26.7999], [-5.5286, 26.7999], [-5.5286, 26.8142], [-5.5126, 26.8142], [-5.4967, 26.871], [-5.4648, 26.8853], [-5.4648, 26.9279], [-5.4807, 26.9279], [-5.4807, 26.9137], [-5.5126, 26.9137], [-5.5126, 26.9421], [-5.4807, 26.9421], [-5.4807, 26.9847], [-5.5126, 26.9847], [-5.5126, 26.9989], [-5.5286, 26.9989], [-5.5445, 27.0273], [-5.5923, 27.0273], [-5.5923, 27.0415], [-5.5445, 27.0415], [-5.5445, 27.0699], [-5.5286, 27.0699], [-5.5286, 27.1124], [-5.5445, 27.1124], [-5.5445, 27.1408], [-5.5286, 27.1408], [-5.5286, 27.155], [-5.5604, 27.155], [-5.5604, 27.1408], [-5.5923, 27.1408], [-5.5923, 27.1266], [-5.6242, 27.1408], [-5.6082, 27.1975], [-5.5604, 27.1975], [-5.5604, 27.1833], [-5.5286, 27.1975], [-5.5286, 27.2117], [-5.5445, 27.2117], [-5.5445, 27.2259], [-5.5286, 27.2259], [-5.5286, 27.24], [-5.5445, 27.24], [-5.5445, 27.2684], [-5.5126, 27.2684], [-5.5126, 27.2825], [-5.5764, 27.2825], [-5.5764, 27.2967], [-5.5923, 27.2967], [-5.5923, 27.3533], [-5.5764, 27.3533], [-5.5764, 27.3958], [-5.5604, 27.3958], [-5.5604, 27.4099], [-5.5923, 27.4099], [-5.5923, 27.3958], [-5.6082, 27.3958], [-5.6082, 27.3816], [-5.6242, 27.3816], [-5.6242, 27.3675], [-5.656, 27.3533], [-5.656, 27.325], [-5.6879, 27.325], [-5.6879, 27.3108], [-5.7039, 27.3108], [-5.7039, 27.2825], [-5.656, 27.2825], [-5.656, 27.2684], [-5.6401, 27.2684], [-5.6242, 27.24], [-5.6401, 27.24], [-5.656, 27.2117], [-5.7357, 27.2117], [-5.7357, 27.24], [-5.7517, 27.24], [-5.7517, 27.2825], [-5.7357, 27.2825], [-5.7357, 27.3108], [-5.7676, 27.2967], [-5.7676, 27.3675], [-5.7517, 27.3675], [-5.7357, 27.3958], [-5.7676, 27.3958], [-5.7835, 27.4241], [-5.8154, 27.4241], [-5.8154, 27.4382], [-5.8313, 27.4382], [-5.8313, 27.4806], [-5.8791, 27.4806], [-5.8791, 27.4523], [-5.8951, 27.4523], [-5.8951, 27.4382], [-5.8791, 27.4382], [-5.8791, 27.4099], [-5.8473, 27.4241], [-5.8473, 27.3816], [-5.8791, 27.3675], [-5.8791, 27.3533], [-5.8313, 27.3533], [-5.8313, 27.3392], [-5.8473, 27.3392], [-5.8473, 27.3108], [-5.8632, 27.3108], [-5.8632, 27.2967], [-5.8951, 27.2967], [-5.8951, 27.2825], [-5.911, 27.2825], [-5.927, 27.2542], [-5.9748, 27.2542], [-5.9748, 27.2825], [-5.9907, 27.2825], [-5.9907, 27.2967], [-5.9588, 27.2967], [-5.9748, 27.325], [-5.9429, 27.3392], [-5.9429, 27.3675], [-5.9748, 27.3675], [-5.9748, 27.3533], [-6.0066, 27.3675], [-6.0066, 27.3392], [-6.0385, 27.3392], [-6.0385, 27.325], [-6.0066, 27.3108], [-6.0066, 27.2825], [-6.0385, 27.2825], [-6.0385, 27.24], [-6.0544, 27.24], [-6.0544, 27.1975], [-6.0704, 27.1975], [-6.0704, 27.155], [-6.0544, 27.155], [-6.0544, 27.1266], [-6.0704, 27.1266], [-6.0704, 27.1124], [-6.0863, 27.1124], [-6.0863, 27.0841], [-6.1182, 27.0841], [-6.1341, 27.0557], [-6.1819, 27.0557], [-6.1819, 27.0699], [-6.2138, 27.0841], [-6.2138, 27.0557], [-6.1979, 27.0557], [-6.1819, 27.0273], [-6.1341, 27.0273], [-6.1341, 27.0131], [-6.166, 27.0131], [-6.166, 26.9989], [-6.1341, 26.9989], [-6.1341, 26.9847], [-6.1501, 26.9847], [-6.1501, 26.9563], [-6.1979, 26.9563], [-6.1979, 26.9705], [-6.2138, 26.9705], [-6.2297, 26.9421], [-6.2616, 26.9421], [-6.2775, 26.9705], [-6.2457, 26.9705], [-6.2457, 26.9847], [-6.2616, 26.9847], [-6.2616, 26.9989], [-6.2935, 26.9989], [-6.2775, 27.0273], [-6.3413, 27.0273], [-6.3413, 27.0415], [-6.3732, 27.0557], [-6.3732, 27.0273], [-6.3572, 27.0273], [-6.3413, 26.9989], [-6.3891, 26.9989], [-6.3891, 27.0131], [-6.421, 27.0131], [-6.405, 26.9847], [-6.421, 26.9847], [-6.421, 26.9279], [-6.4369, 26.9279], [-6.4528, 26.8995], [-6.5166, 26.8995], [-6.5166, 26.9279], [-6.5325, 26.9279], [-6.5484, 26.9563], [-6.5803, 26.9563], [-6.5803, 26.9421], [-6.5644, 26.9421], [-6.5644, 26.8995], [-6.5484, 26.8995], [-6.5484, 26.8853], [-6.6122, 26.8853], [-6.5963, 26.9137], [-6.6281, 26.9137], [-6.6281, 26.8426], [-6.6759, 26.8426], [-6.6759, 26.8284], [-6.8034, 26.8284], [-6.7875, 26.8568], [-6.8353, 26.8568], [-6.8353, 26.8426], [-6.8512, 26.8426], [-6.8512, 26.8142], [-6.915, 26.7999], [-6.915, 26.7857], [-6.9309, 26.7857], [-6.9309, 26.7715], [-6.9628, 26.7715], [-6.9628, 26.7573], [-7.0106, 26.7573], [-7.0106, 26.743], [-7.0265, 26.743], [-7.0265, 26.7146], [-7.0903, 26.7146], [-7.0903, 26.743], [-7.1062, 26.743], [-7.1062, 26.7715], [-7.1221, 26.7715], [-7.1221, 26.7146], [-7.154, 26.7146], [-7.154, 26.7003], [-7.1699, 26.7003], [-7.1859, 26.6719], [-7.2177, 26.6719], [-7.2337, 26.6434], [-7.2656, 26.6434], [-7.2656, 26.7715], [-7.2815, 26.7715], [-7.2815, 26.743], [-7.2974, 26.743], [-7.2974, 26.7288], [-7.2815, 26.7288], [-7.2815, 26.6719], [-7.2974, 26.6719], [-7.2974, 26.6576], [-7.3612, 26.6576], [-7.3612, 26.7003], [-7.3771, 26.7003], [-7.3771, 26.6576], [-7.393, 26.6576], [-7.393, 26.6434], [-7.4249, 26.6291], [-7.4249, 26.6434], [-7.4408, 26.6434], [-7.4408, 26.6719], [-7.4568, 26.6719], [-7.4568, 26.6434], [-7.4887, 26.6434], [-7.4887, 26.6291], [-7.4568, 26.6291], [-7.4408, 26.6006], [-7.4887, 26.6006], [-7.4887, 26.5864], [-7.5046, 26.5864], [-7.5046, 26.5579], [-7.5524, 26.5579], [-7.5524, 26.5294], [-7.5683, 26.5294], [-7.5683, 26.5151], [-7.6002, 26.5151], [-7.6002, 26.5436], [-7.6161, 26.5436], [-7.6161, 26.5579], [-7.6639, 26.5579], [-7.6639, 26.6006], [-7.6799, 26.6006], [-7.6799, 26.6291], [-7.7436, 26.6291], [-7.7436, 26.6149], [-7.7755, 26.6149], [-7.7755, 26.6434], [-7.7596, 26.6434], [-7.7596, 26.6576], [-7.7755, 26.6576], [-7.7755, 26.6719], [-7.7596, 26.6719], [-7.7596, 26.7003], [-7.7755, 26.7003], [-7.7755, 26.7146], [-7.7596, 26.7146], [-7.7596, 26.7573], [-7.7277, 26.7573], [-7.7277, 26.743], [-7.6958, 26.743], [-7.6958, 26.7573], [-7.6799, 26.7573], [-7.6799, 26.7857], [-7.7118, 26.7999], [-7.6958, 26.8284], [-7.7436, 26.8284], [-7.7436, 26.8142], [-7.8074, 26.8284], [-7.8074, 26.7999], [-7.8233, 26.7999], [-7.8233, 26.7857], [-7.8074, 26.7857], [-7.8074, 26.7573], [-7.8552, 26.7573], [-7.8552, 26.7715], [-7.887, 26.7715], [-7.887, 26.7857], [-7.9189, 26.7857], [-7.9189, 26.7999], [-7.9349, 26.7999], [-7.9349, 26.8284], [-7.9508, 26.8284], [-7.9508, 26.871], [-7.9189, 26.871], [-7.9189, 26.8426], [-7.8552, 26.8426], [-7.8552, 26.8568], [-7.8711, 26.8568], [-7.8711, 26.8995], [-7.8392, 26.8995], [-7.8392, 26.9137], [-7.8233, 26.9137], [-7.8233, 26.9421], [-7.8552, 26.9421], [-7.8552, 26.9563], [-7.903, 26.9563], [-7.903, 26.9279], [-7.9349, 26.9279], [-7.9349, 26.9137], [-7.9508, 26.9137], [-7.9667, 26.8853], [-7.9986, 26.8853], [-7.9986, 26.871], [-7.9827, 26.871], [-7.9827, 26.8426], [-8.0145, 26.8426], [-8.0145, 26.8284], [-8.0305, 26.8284], [-8.0464, 26.7999], [-8.0623, 26.7999], [-8.0623, 26.8142], [-8.1101, 26.8142], [-8.1101, 26.8284], [-8.1261, 26.8284], [-8.1101, 26.8568], [-8.158, 26.8568], [-8.158, 26.871], [-8.1739, 26.871], [-8.1739, 26.8568], [-8.2058, 26.8568], [-8.2217, 26.8284], [-8.2695, 26.8284], [-8.2695, 26.8426], [-8.3014, 26.8426], [-8.3014, 26.8284], [-8.2854, 26.8284], [-8.2854, 26.7999], [-8.2695, 26.7999], [-8.3014, 26.743], [-8.3492, 26.743], [-8.3492, 26.7573], [-8.3651, 26.7573], [-8.3651, 26.7999], [-8.3492, 26.7999], [-8.3492, 26.8284], [-8.3651, 26.8284], [-8.3651, 26.8426], [-8.4129, 26.8426], [-8.4129, 26.8568], [-8.4448, 26.8568], [-8.4448, 26.8426], [-8.4607, 26.8426], [-8.4607, 26.8568], [-8.4767, 26.8568], [-8.4767, 26.8853], [-8.5404, 26.8995], [-8.5404, 26.8853], [-8.5245, 26.8853], [-8.5245, 26.8568], [-8.4926, 26.8568], [-8.4926, 26.8284], [-8.4767, 26.8284], [-8.4767, 26.7999], [-8.4607, 26.7999], [-8.4448, 26.7715], [-8.5085, 26.7857], [-8.5085, 26.7715], [-8.5245, 26.7715], [-8.5245, 26.743], [-8.5723, 26.743], [-8.5882, 26.7715], [-8.636, 26.7715], [-8.636, 26.7999], [-8.652, 26.7999], [-8.652, 26.743], [-8.636, 26.743], [-8.636, 26.6719], [-8.652, 26.6719], [-8.652, 26.6576], [-8.6679, 26.6576], [-8.6679, 26.6719], [-8.6838, 26.6719], [-8.6838, 26.6861], [-8.6998, 26.6861], [-8.6998, 26.7003], [-8.7316, 26.7146], [-8.7316, 26.7573], [-8.7954, 26.7857], [-8.7954, 26.8142], [-8.7794, 26.8142], [-8.7794, 26.8284], [-8.7954, 26.8284], [-8.8113, 26.8568], [-8.8273, 26.8568], [-8.8273, 26.8426], [-8.8591, 26.8426], [-8.8751, 26.8142], [-8.9069, 26.8142], [-8.9069, 26.8568], [-8.9229, 26.8568], [-8.9229, 26.8426], [-8.9388, 26.8426], [-8.9547, 26.8142], [-8.9866, 26.8142], [-8.9866, 26.8568], [-9.0025, 26.8568], [-9.0025, 26.7715], [-9.0185, 26.7715], [-9.0185, 26.8142], [-9.0504, 26.8142], [-9.0504, 26.8284], [-9.0344, 26.8284], [-9.0344, 26.871], [-9.0504, 26.871], [-9.0504, 26.8995], [-9.0344, 26.8995], [-9.0344, 26.9421], [-8.9866, 26.9421], [-8.9866, 26.9563], [-8.9707, 26.9563], [-8.9547, 26.9279], [-8.9069, 26.9279], [-8.9069, 26.9421], [-8.9229, 26.9421], [-8.9229, 26.9705], [-8.8591, 26.9705], [-8.8591, 26.9847], [-8.8751, 26.9847], [-8.8751, 26.9989], [-8.9069, 26.9989], [-8.9229, 27.0273], [-8.9547, 27.0273], [-8.9547, 27.0415], [-8.9388, 27.0415], [-8.9547, 27.0699], [-8.9866, 27.0557], [-9.0025, 27.0841], [-9.0822, 27.0841], [-9.0822, 27.0982], [-9.0185, 27.0982], [-9.0185, 27.1124], [-8.9069, 27.1124], [-8.891, 27.1408], [-8.8273, 27.155], [-8.8273, 27.1833], [-8.8113, 27.1833], [-8.8113, 27.24], [-8.7954, 27.24], [-8.7954, 27.2542], [-8.7635, 27.2542], [-8.7635, 27.2684], [-8.7794, 27.2684], [-8.7794, 27.2967], [-8.8113, 27.3108], [-8.8113, 27.3392], [-8.8432, 27.3392], [-8.8432, 27.3108], [-8.8751, 27.3108], [-8.8751, 27.2825], [-8.8432, 27.2825], [-8.8432, 27.2684], [-8.8591, 27.2684], [-8.8591, 27.2542], [-8.8751, 27.2542], [-8.8751, 27.24], [-8.891, 27.24], [-8.891, 27.2259], [-8.9069, 27.2259], [-8.9069, 27.2117], [-8.9229, 27.2117], [-8.9229, 27.1975], [-8.9547, 27.1833], [-8.9547, 27.2259], [-9.0025, 27.2259], [-9.0025, 27.2542], [-8.9707, 27.2542], [-8.9707, 27.2684], [-8.9866, 27.2684], [-8.9866, 27.325], [-9.0663, 27.325], [-9.0663, 27.3533], [-9.0982, 27.3533], [-9.0982, 27.3816], [-9.0663, 27.3816], [-9.0663, 27.4099], [-9.0822, 27.4099], [-9.0822, 27.3958], [-9.0982, 27.3958], [-9.0982, 27.4241], [-9.13, 27.4099], [-9.13, 27.4241], [-9.146, 27.4241], [-9.146, 27.4665], [-9.1619, 27.4665], [-9.1619, 27.4523], [-9.2097, 27.4523], [-9.2097, 27.4665], [-9.2575, 27.4665], [-9.2575, 27.4806], [-9.2894, 27.4806], [-9.2894, 27.4948], [-9.3053, 27.4948], [-9.2894, 27.5513], [-9.3531, 27.5513], [-9.3531, 27.523], [-9.3372, 27.523], [-9.3372, 27.4948], [-9.3531, 27.4948], [-9.3531, 27.4806], [-9.385, 27.4806], [-9.385, 27.5089], [-9.4009, 27.5089], [-9.4169, 27.5372], [-9.4488, 27.5372], [-9.4647, 27.5654], [-9.4966, 27.5654], [-9.4966, 27.5513], [-9.5125, 27.5513], [-9.5125, 27.5372], [-9.5444, 27.523], [-9.5444, 27.5372], [-9.5603, 27.5372], [-9.5603, 27.5654], [-9.5762, 27.5654], [-9.5762, 27.636], [-9.5603, 27.636], [-9.5603, 27.6501], [-9.5922, 27.6501], [-9.6081, 27.6784], [-9.5762, 27.6925], [-9.5762, 27.7207], [-9.5603, 27.7207], [-9.5603, 27.7348], [-9.5284, 27.7348], [-9.5284, 27.763], [-9.5603, 27.763], [-9.5603, 27.7771], [-9.5922, 27.7912], [-9.5922, 27.8194], [-9.624, 27.8194], [-9.624, 27.7912], [-9.6878, 27.7912], [-9.7037, 27.8194], [-9.7197, 27.8194], [-9.7197, 27.7912], [-9.7356, 27.7912], [-9.7356, 27.8194], [-9.7675, 27.8194], [-9.7675, 27.7912], [-9.7993, 27.7771], [-9.7993, 27.7489], [-9.8312, 27.7489], [-9.8312, 27.7207]], [[-9.8631, 27.7066], [-9.8471, 27.7066], [-9.8471, 27.6925], [-9.8631, 27.6925], [-9.8631, 27.7066]], [[-10.1181, 27.5654], [-10.1181, 27.5513], [-10.134, 27.5513], [-10.134, 27.5654], [-10.1181, 27.5654]], [[-10.2615, 27.4948], [-10.2774, 27.4948], [-10.2774, 27.523], [-10.2615, 27.523], [-10.2615, 27.4948]], [[-11.1061, 26.8284], [-11.1061, 26.8426], [-11.122, 26.8426], [-11.1061, 26.871], [-11.0901, 26.871], [-11.0901, 26.8568], [-11.0583, 26.8568], [-11.0583, 26.8426], [-11.0742, 26.8426], [-11.0742, 26.8284], [-11.1061, 26.8284]], [[-10.7714, 26.1724], [-10.7395, 26.1724], [-10.7395, 26.1581], [-10.7714, 26.1581], [-10.7714, 26.1724]], [[-10.5005, 25.8143], [-10.4846, 25.8143], [-10.4846, 25.7999], [-10.5005, 25.7999], [-10.5005, 25.8143]], [[-9.5284, 24.6901], [-9.5284, 24.7046], [-9.5444, 24.7046], [-9.5444, 24.7335], [-9.5762, 24.7335], [-9.5762, 24.748], [-9.5922, 24.748], [-9.5922, 24.8203], [-9.5762, 24.8203], [-9.5762, 24.8493], [-9.5603, 24.8493], [-9.5603, 24.8637], [-9.5125, 24.8637], [-9.5125, 24.8782], [-9.4647, 24.8782], [-9.4647, 24.8637], [-9.4328, 24.8493], [-9.4328, 24.8059], [-9.4488, 24.8059], [-9.4488, 24.748], [-9.4806, 24.7335], [-9.4806, 24.7046], [-9.4966, 24.7046], [-9.4966, 24.6901], [-9.5284, 24.6901]], [[-9.385, 24.6901], [-9.4488, 24.6901], [-9.4488, 24.719], [-9.4328, 24.719], [-9.4328, 24.7769], [-9.4169, 24.7769], [-9.4169, 24.8059], [-9.4009, 24.8059], [-9.4009, 24.8203], [-9.385, 24.8203], [-9.385, 24.7914], [-9.3691, 24.7914], [-9.3691, 24.7769], [-9.3213, 24.7769], [-9.3213, 24.748], [-9.3372, 24.748], [-9.3372, 24.6756], [-9.385, 24.6756], [-9.385, 24.6901]], [[-9.0982, 24.6177], [-9.1141, 24.6177], [-9.1141, 24.6756], [-9.13, 24.6756], [-9.13, 24.719], [-9.0982, 24.719], [-9.0982, 24.6901], [-9.0822, 24.6901], [-9.0822, 24.6611], [-9.0663, 24.6611], [-9.0663, 24.6032], [-9.0982, 24.6032], [-9.0982, 24.6177]], [[-8.7316, 24.719], [-8.7794, 24.719], [-8.7794, 24.7335], [-8.7635, 24.7335], [-8.7794, 24.7625], [-8.7316, 24.7625], [-8.7316, 24.748], [-8.7157, 24.748], [-8.7157, 24.719], [-8.6998, 24.719], [-8.6838, 24.6611], [-8.7157, 24.6611], [-8.7157, 24.6756], [-8.7316, 24.6756], [-8.7316, 24.719]], [[-8.7954, 24.7625], [-8.7954, 24.7914], [-8.8113, 24.7914], [-8.8273, 24.8203], [-8.7954, 24.8203], [-8.7954, 24.8059], [-8.7794, 24.8059], [-8.7794, 24.7625], [-8.7954, 24.7625]], [[-7.7436, 23.9204], [-7.7436, 23.9349], [-7.7277, 23.9349], [-7.7277, 23.9204], [-7.7436, 23.9204]], [[-7.4249, 23.8329], [-7.4408, 23.8329], [-7.4408, 23.8475], [-7.4249, 23.8475], [-7.4249, 23.8329]], [[-6.2138, 23.5118], [-6.2138, 23.4972], [-6.2297, 23.4972], [-6.2297, 23.5118], [-6.2138, 23.5118]], [[-6.1501, 23.3803], [-6.1341, 23.3803], [-6.1341, 23.3656], [-6.1501, 23.3656], [-6.1501, 23.3803]], [[-5.3851, 23.7017], [-5.3692, 23.7017], [-5.3692, 23.6871], [-5.3851, 23.6871], [-5.3851, 23.7017]], [[-5.0345, 23.7892], [-5.0345, 23.8038], [-5.0186, 23.8038], [-5.0186, 23.7892], [-5.0345, 23.7892]], [[-4.19, 25.7569], [-4.2218, 25.7569], [-4.2218, 25.7856], [-4.19, 25.7856], [-4.19, 25.7569]], [[-5.7517, 27.2117], [-5.7676, 27.2117], [-5.7676, 27.1692], [-5.7995, 27.1692], [-5.7995, 27.1975], [-5.7835, 27.1975], [-5.7835, 27.2117], [-5.7995, 27.2117], [-5.7995, 27.24], [-5.7835, 27.24], [-5.7835, 27.2542], [-5.7517, 27.24], [-5.7517, 27.2117]], [[-5.7995, 27.1408], [-5.8154, 27.1408], [-5.8154, 27.1692], [-5.7995, 27.1692], [-5.7995, 27.1408]], [[-8.4767, 26.743], [-8.4767, 26.7146], [-8.5085, 26.7146], [-8.5085, 26.7003], [-8.4926, 26.7003], [-8.5085, 26.6719], [-8.5404, 26.6719], [-8.5404, 26.6861], [-8.5563, 26.6861], [-8.5563, 26.7288], [-8.5245, 26.7288], [-8.5245, 26.743], [-8.4767, 26.743]], [[-8.5404, 26.6434], [-8.5245, 26.6434], [-8.5245, 26.6576], [-8.4926, 26.6576], [-8.4926, 26.6291], [-8.5085, 26.6291], [-8.5085, 26.5721], [-8.5245, 26.5721], [-8.5245, 26.5579], [-8.5563, 26.5579], [-8.5563, 26.5721], [-8.5723, 26.5721], [-8.5723, 26.5864], [-8.5563, 26.5864], [-8.5723, 26.6719], [-8.5404, 26.6719], [-8.5404, 26.6434]], [[-8.6201, 26.6719], [-8.6201, 26.6576], [-8.636, 26.6576], [-8.636, 26.6719], [-8.6201, 26.6719]], [[-8.8432, 27.2967], [-8.8273, 27.2967], [-8.8273, 27.2825], [-8.8432, 27.2825], [-8.8432, 27.2967]], [[-9.6878, 27.6925], [-9.6878, 27.7066], [-9.7037, 27.7066], [-9.7037, 27.7489], [-9.6878, 27.7489], [-9.6878, 27.763], [-9.624, 27.763], [-9.624, 27.7489], [-9.64, 27.7489], [-9.64, 27.6925], [-9.6878, 27.6925]], [[-9.7037, 27.6643], [-9.7356, 27.6643], [-9.7356, 27.6784], [-9.7515, 27.6784], [-9.7515, 27.7066], [-9.7356, 27.7066], [-9.7356, 27.7207], [-9.7037, 27.7066], [-9.7037, 27.6643]], [[-9.7515, 27.6643], [-9.7675, 27.6643], [-9.7675, 27.6784], [-9.7515, 27.6784], [-9.7515, 27.6643]], [[-9.7834, 27.7066], [-9.7834, 27.6925], [-9.8153, 27.6925], [-9.8153, 27.7066], [-9.7834, 27.7066]], [[-9.8471, 27.5795], [-9.8471, 27.6078], [-9.8631, 27.6078], [-9.8471, 27.636], [-9.7834, 27.6219], [-9.7834, 27.5937], [-9.7993, 27.5937], [-9.7993, 27.5795], [-9.8471, 27.5795]], [[-9.7675, 27.5937], [-9.7675, 27.5795], [-9.7834, 27.5795], [-9.7834, 27.5937], [-9.7675, 27.5937]], [[-9.3053, 27.5372], [-9.3053, 27.523], [-9.3213, 27.523], [-9.3213, 27.5372], [-9.3053, 27.5372]], [[-9.4488, 27.4099], [-9.4488, 27.4382], [-9.4328, 27.4382], [-9.4328, 27.4523], [-9.4647, 27.4523], [-9.4647, 27.4665], [-9.4488, 27.4665], [-9.4488, 27.4806], [-9.4169, 27.4806], [-9.4169, 27.4948], [-9.4009, 27.4948], [-9.4009, 27.4523], [-9.4169, 27.4523], [-9.4169, 27.4241], [-9.4488, 27.4099]], [[-9.7197, 27.4241], [-9.7197, 27.4099], [-9.7515, 27.4099], [-9.7515, 27.4241], [-9.7197, 27.4241]], [[-9.5922, 27.3816], [-9.5922, 27.3675], [-9.624, 27.3816], [-9.624, 27.4241], [-9.6081, 27.4241], [-9.6081, 27.4099], [-9.5762, 27.4099], [-9.5762, 27.3816], [-9.5922, 27.3816]], [[-9.2097, 27.3533], [-9.2097, 27.3958], [-9.1778, 27.3958], [-9.1778, 27.3675], [-9.1938, 27.3675], [-9.1938, 27.3533], [-9.2097, 27.3533]], [[-9.5603, 27.2825], [-9.5603, 27.2684], [-9.5284, 27.2684], [-9.5284, 27.2542], [-9.5125, 27.2542], [-9.5125, 27.2259], [-9.5603, 27.2259], [-9.5603, 27.24], [-9.5762, 27.24], [-9.5762, 27.2259], [-9.6081, 27.2259], [-9.6081, 27.24], [-9.6559, 27.24], [-9.6559, 27.2825], [-9.64, 27.2825], [-9.64, 27.2967], [-9.624, 27.2967], [-9.6081, 27.2684], [-9.5762, 27.2684], [-9.5762, 27.2825], [-9.5603, 27.2825]], [[-9.0504, 27.2684], [-9.0504, 27.2967], [-9.0185, 27.2967], [-9.0025, 27.2684], [-9.0344, 27.2542], [-9.0344, 27.2684], [-9.0504, 27.2684]], [[-5.8632, 27.24], [-5.8632, 27.2684], [-5.8473, 27.2684], [-5.8473, 27.2825], [-5.8154, 27.2825], [-5.8154, 27.2684], [-5.8313, 27.2684], [-5.8313, 27.2542], [-5.8632, 27.24]], [[-9.5762, 27.2117], [-9.5762, 27.1975], [-9.6081, 27.1975], [-9.6081, 27.2117], [-9.5762, 27.2117]], [[-5.911, 27.155], [-5.911, 27.1692], [-5.927, 27.1692], [-5.927, 27.1833], [-5.911, 27.1833], [-5.911, 27.2117], [-5.8632, 27.2117], [-5.8632, 27.1975], [-5.8473, 27.1975], [-5.8473, 27.1692], [-5.911, 27.155]], [[-5.656, 27.1975], [-5.656, 27.1692], [-5.672, 27.1692], [-5.6879, 27.1975], [-5.656, 27.1975]], [[-5.9907, 27.1266], [-5.9907, 27.155], [-5.9748, 27.155], [-5.9748, 27.1692], [-5.9429, 27.1692], [-5.927, 27.1408], [-5.9429, 27.1408], [-5.9429, 27.1266], [-5.9907, 27.1266]], [[-5.7676, 27.155], [-5.7676, 27.1408], [-5.7835, 27.1408], [-5.7835, 27.155], [-5.7676, 27.155]], [[-5.6401, 27.155], [-5.6401, 27.1408], [-5.672, 27.1266], [-5.672, 27.155], [-5.6401, 27.155]], [[-9.5762, 27.1124], [-9.5762, 27.1408], [-9.5603, 27.1408], [-9.5603, 27.1266], [-9.5284, 27.1266], [-9.5284, 27.1124], [-9.5762, 27.1124]], [[-9.4488, 27.1408], [-9.4488, 27.1266], [-9.4806, 27.1266], [-9.4806, 27.1408], [-9.4488, 27.1408]], [[-9.1938, 27.0415], [-9.1938, 27.0131], [-9.2257, 27.0131], [-9.2257, 27.0415], [-9.1938, 27.0415]], [[-9.0185, 27.0273], [-9.0185, 26.9989], [-9.0344, 26.9989], [-9.0344, 27.0273], [-9.0185, 27.0273]], [[-9.1938, 26.9989], [-9.1938, 26.9847], [-9.2097, 26.9847], [-9.2097, 26.9989], [-9.1938, 26.9989]], [[-9.5762, 26.9847], [-9.5762, 26.9705], [-9.5922, 26.9705], [-9.5922, 26.9847], [-9.5762, 26.9847]], [[-9.5922, 26.9563], [-9.6081, 26.9563], [-9.6081, 26.9705], [-9.5922, 26.9705], [-9.5922, 26.9563]], [[-9.0663, 26.9421], [-9.0663, 26.9279], [-9.0982, 26.9279], [-9.0982, 26.9563], [-9.13, 26.9563], [-9.13, 26.9847], [-9.0663, 26.9847], [-9.0663, 26.9563], [-9.0504, 26.9563], [-9.0504, 26.9421], [-9.0663, 26.9421]], [[-9.0982, 26.9137], [-9.13, 26.8995], [-9.13, 26.8568], [-9.1619, 26.8568], [-9.1619, 26.8142], [-9.1938, 26.8142], [-9.1938, 26.7857], [-9.2257, 26.7857], [-9.2257, 26.743], [-9.2097, 26.743], [-9.2097, 26.7288], [-9.2257, 26.7288], [-9.2416, 26.7003], [-9.2575, 26.7003], [-9.2575, 26.743], [-9.2416, 26.743], [-9.2416, 26.7573], [-9.2894, 26.7573], [-9.2894, 26.7715], [-9.3053, 26.7715], [-9.3213, 26.7999], [-9.3372, 26.7999], [-9.3372, 26.7857], [-9.385, 26.7857], [-9.385, 26.8142], [-9.4009, 26.8142], [-9.4009, 26.8284], [-9.4169, 26.8284], [-9.4169, 26.8426], [-9.385, 26.8426], [-9.385, 26.8568], [-9.4169, 26.8568], [-9.4169, 26.871], [-9.4488, 26.8853], [-9.4488, 26.9137], [-9.4647, 26.9137], [-9.4488, 26.9421], [-9.4806, 26.9421], [-9.4647, 26.9705], [-9.4488, 26.9705], [-9.4488, 26.9563], [-9.4328, 26.9563], [-9.4328, 26.9705], [-9.3691, 26.9705], [-9.3531, 26.9421], [-9.3053, 26.9421], [-9.3053, 26.9279], [-9.2894, 26.9279], [-9.2894, 26.8995], [-9.2416, 26.8995], [-9.2416, 26.8853], [-9.1778, 26.8853], [-9.1778, 26.8995], [-9.146, 26.8995], [-9.146, 26.9137], [-9.13, 26.9137], [-9.146, 26.9421], [-9.1141, 26.9421], [-9.1141, 26.9279], [-9.0982, 26.9279], [-9.0982, 26.9137]], [[-9.146, 26.8142], [-9.146, 26.8284], [-9.1141, 26.8284], [-9.0982, 26.8568], [-9.0822, 26.8568], [-9.0822, 26.8142], [-9.1141, 26.8142], [-9.1141, 26.7857], [-9.13, 26.7857], [-9.13, 26.7715], [-9.1619, 26.7715], [-9.1619, 26.8142], [-9.146, 26.8142]], [[-9.0663, 26.7857], [-9.0663, 26.7715], [-9.1141, 26.7715], [-9.1141, 26.7857], [-9.0663, 26.7857]], [[-9.4169, 26.8142], [-9.4328, 26.8142], [-9.4328, 26.8284], [-9.4169, 26.8284], [-9.4169, 26.8142]], [[-6.3253, 26.9847], [-6.3253, 26.9705], [-6.3413, 26.9705], [-6.3413, 26.9847], [-6.3253, 26.9847]], [[-6.3413, 26.9421], [-6.3413, 26.9137], [-6.3572, 26.9137], [-6.3572, 26.9421], [-6.3413, 26.9421]], [[-9.2097, 26.9137], [-9.2097, 26.8995], [-9.2257, 26.8995], [-9.2257, 26.9137], [-9.2097, 26.9137]], [[-6.405, 26.8995], [-6.405, 26.8568], [-6.421, 26.8568], [-6.421, 26.8995], [-6.405, 26.8995]], [[-11.0105, 26.871], [-11.0105, 26.8568], [-11.0264, 26.8568], [-11.0264, 26.871], [-11.0105, 26.871]], [[-6.5803, 26.871], [-6.5803, 26.8568], [-6.5963, 26.8568], [-6.5963, 26.871], [-6.5803, 26.871]], [[-6.5325, 26.871], [-6.5325, 26.8568], [-6.5644, 26.8568], [-6.5644, 26.871], [-6.5325, 26.871]], [[-5.911, 26.871], [-5.911, 26.8568], [-5.927, 26.8568], [-5.927, 26.871], [-5.911, 26.871]], [[-9.4488, 26.8426], [-9.4488, 26.8284], [-9.4647, 26.8284], [-9.4647, 26.8426], [-9.4488, 26.8426]], [[-6.3094, 26.7999], [-6.3094, 26.743], [-6.3253, 26.743], [-6.3094, 26.6861], [-6.3413, 26.6719], [-6.3413, 26.6576], [-6.3253, 26.6576], [-6.3253, 26.5721], [-6.3413, 26.5721], [-6.3413, 26.5008], [-6.3572, 26.5008], [-6.3572, 26.4866], [-6.3891, 26.5008], [-6.3891, 26.5151], [-6.3732, 26.5151], [-6.3732, 26.5436], [-6.3572, 26.5436], [-6.3572, 26.5721], [-6.3732, 26.5721], [-6.3732, 26.5864], [-6.405, 26.6006], [-6.405, 26.6291], [-6.421, 26.6291], [-6.421, 26.6434], [-6.3891, 26.6434], [-6.3891, 26.6719], [-6.3572, 26.6719], [-6.3572, 26.6861], [-6.405, 26.6861], [-6.405, 26.7003], [-6.4369, 26.7146], [-6.4369, 26.7573], [-6.421, 26.7573], [-6.405, 26.8426], [-6.3732, 26.8426], [-6.3732, 26.8284], [-6.3413, 26.8284], [-6.3413, 26.7999], [-6.3094, 26.7999]], [[-6.6441, 26.8284], [-6.6441, 26.8142], [-6.66, 26.8142], [-6.66, 26.8284], [-6.6441, 26.8284]], [[-6.3094, 26.8284], [-6.3094, 26.8142], [-6.3253, 26.8142], [-6.3253, 26.8284], [-6.3094, 26.8284]], [[-6.8194, 26.8142], [-6.8194, 26.7999], [-6.8353, 26.7999], [-6.8353, 26.8142], [-6.8194, 26.8142]], [[-6.8353, 26.7857], [-6.8512, 26.7857], [-6.8512, 26.7999], [-6.8353, 26.7999], [-6.8353, 26.7857]], [[-8.158, 26.7999], [-8.158, 26.7715], [-8.1739, 26.7715], [-8.1739, 26.7999], [-8.158, 26.7999]], [[-5.911, 26.7857], [-5.911, 26.7999], [-5.8951, 26.7999], [-5.8951, 26.7715], [-5.927, 26.7573], [-5.927, 26.7857], [-5.911, 26.7857]], [[-9.4328, 26.7857], [-9.4169, 26.7573], [-9.4647, 26.7573], [-9.4488, 26.7857], [-9.4328, 26.7857]], [[-10.9945, 26.7715], [-10.9945, 26.743], [-11.0105, 26.743], [-11.0264, 26.7715], [-10.9945, 26.7715]], [[-9.3372, 26.7715], [-9.3372, 26.7573], [-9.3691, 26.7573], [-9.3691, 26.7715], [-9.3372, 26.7715]], [[-6.8512, 26.7715], [-6.8512, 26.743], [-6.8672, 26.743], [-6.8831, 26.7715], [-6.8512, 26.7715]], [[-10.9308, 26.7573], [-10.9308, 26.743], [-10.9467, 26.743], [-10.9467, 26.7573], [-10.9308, 26.7573]], [[-6.9309, 26.7288], [-6.9309, 26.7573], [-6.8831, 26.7573], [-6.8831, 26.7146], [-6.915, 26.7146], [-6.915, 26.7288], [-6.9309, 26.7288]], [[-6.8353, 26.7146], [-6.8353, 26.6861], [-6.8831, 26.6861], [-6.8831, 26.7146], [-6.8353, 26.7146]], [[-9.4328, 26.7003], [-9.4169, 26.7288], [-9.385, 26.7146], [-9.385, 26.6719], [-9.4009, 26.6719], [-9.4009, 26.6861], [-9.4328, 26.7003]], [[-8.9707, 26.7288], [-8.9707, 26.7146], [-8.9866, 26.7146], [-8.9866, 26.7288], [-8.9707, 26.7288]], [[-8.9547, 26.7146], [-8.9547, 26.7003], [-8.9707, 26.7003], [-8.9707, 26.7146], [-8.9547, 26.7146]], [[-6.5484, 26.7003], [-6.5484, 26.7288], [-6.5325, 26.7288], [-6.5325, 26.7146], [-6.5006, 26.7146], [-6.5006, 26.7003], [-6.5484, 26.7003]], [[-8.4289, 26.7003], [-8.4129, 26.6719], [-8.4767, 26.6719], [-8.4767, 26.7003], [-8.4289, 26.7003]], [[-8.3173, 26.7003], [-8.3173, 26.6861], [-8.3651, 26.6861], [-8.3651, 26.7003], [-8.3173, 26.7003]], [[-7.9349, 26.7003], [-7.9349, 26.6861], [-7.9508, 26.6861], [-7.9508, 26.7003], [-7.9349, 26.7003]], [[-7.0265, 26.7003], [-7.0265, 26.6861], [-7.0425, 26.6861], [-7.0425, 26.7003], [-7.0265, 26.7003]], [[-8.3332, 26.6719], [-8.3332, 26.6576], [-8.3492, 26.6576], [-8.3492, 26.6719], [-8.3332, 26.6719]], [[-9.3372, 26.6291], [-9.3372, 26.6434], [-9.3053, 26.6434], [-9.3053, 26.6576], [-9.2894, 26.6576], [-9.2894, 26.6149], [-9.3053, 26.6149], [-9.3053, 26.6291], [-9.3372, 26.6291]], [[-7.0584, 26.6576], [-7.0584, 26.6434], [-7.0743, 26.6434], [-7.0743, 26.6576], [-7.0584, 26.6576]], [[-6.2775, 26.6434], [-6.2775, 26.6576], [-6.2457, 26.6434], [-6.2457, 26.5721], [-6.3094, 26.5864], [-6.3094, 26.6434], [-6.2775, 26.6434]], [[-8.5882, 26.6434], [-8.5882, 26.6291], [-8.6042, 26.6291], [-8.6042, 26.6434], [-8.5882, 26.6434]], [[-8.5723, 26.6291], [-8.5723, 26.6149], [-8.5882, 26.6149], [-8.5882, 26.6291], [-8.5723, 26.6291]], [[-6.4688, 26.6434], [-6.4688, 26.6149], [-6.4847, 26.6149], [-6.4847, 26.6434], [-6.4688, 26.6434]], [[-10.8511, 26.5864], [-10.8511, 26.6149], [-10.8352, 26.6149], [-10.8352, 26.6006], [-10.8033, 26.6006], [-10.8033, 26.5864], [-10.8511, 26.5864]], [[-9.4488, 26.6006], [-9.4488, 26.6149], [-9.385, 26.6006], [-9.385, 26.5721], [-9.4647, 26.5721], [-9.4647, 26.6006], [-9.4488, 26.6006]], [[-9.4966, 26.6006], [-9.4966, 26.5864], [-9.5125, 26.5864], [-9.5125, 26.6006], [-9.4966, 26.6006]], [[-8.3811, 26.6006], [-8.3811, 26.5721], [-8.397, 26.5721], [-8.4129, 26.6006], [-8.3811, 26.6006]], [[-8.397, 26.5579], [-8.4129, 26.5579], [-8.4129, 26.5721], [-8.397, 26.5721], [-8.397, 26.5579]], [[-6.4847, 26.6006], [-6.4847, 26.5864], [-6.5006, 26.5864], [-6.5006, 26.6006], [-6.4847, 26.6006]], [[-9.2894, 26.5864], [-9.2894, 26.5721], [-9.3213, 26.5721], [-9.3213, 26.5864], [-9.2894, 26.5864]], [[-8.7316, 26.5864], [-8.7316, 26.5579], [-8.7635, 26.5579], [-8.7635, 26.5864], [-8.7316, 26.5864]], [[-8.4607, 26.5436], [-8.4607, 26.5294], [-8.4926, 26.5151], [-8.5085, 26.5436], [-8.4926, 26.5436], [-8.4767, 26.5721], [-8.4448, 26.5721], [-8.4448, 26.5864], [-8.4289, 26.5864], [-8.4289, 26.5579], [-8.4448, 26.5579], [-8.4448, 26.5436], [-8.4607, 26.5436]], [[-6.5166, 26.5721], [-6.5166, 26.5436], [-6.5325, 26.5436], [-6.5325, 26.5721], [-6.5166, 26.5721]], [[-6.2775, 26.5721], [-6.2775, 26.5579], [-6.2935, 26.5579], [-6.2935, 26.5721], [-6.2775, 26.5721]], [[-6.2297, 26.5579], [-6.2297, 26.5151], [-6.1819, 26.5151], [-6.1819, 26.4723], [-6.1341, 26.4723], [-6.1182, 26.4438], [-6.1341, 26.4438], [-6.1501, 26.4152], [-6.1819, 26.4152], [-6.1819, 26.4438], [-6.2138, 26.4438], [-6.2297, 26.4723], [-6.2616, 26.4723], [-6.2616, 26.4866], [-6.2775, 26.4866], [-6.2775, 26.5151], [-6.2616, 26.5151], [-6.2616, 26.5294], [-6.2775, 26.5294], [-6.2775, 26.5579], [-6.2297, 26.5579]], [[-9.3691, 26.5579], [-9.3691, 26.5294], [-9.385, 26.5294], [-9.385, 26.5579], [-9.3691, 26.5579]], [[-9.385, 26.5008], [-9.4009, 26.4723], [-9.4328, 26.4866], [-9.4169, 26.5151], [-9.385, 26.5008]], [[-6.405, 26.5008], [-6.3891, 26.4723], [-6.421, 26.4723], [-6.4369, 26.5008], [-6.405, 26.5008]], [[-8.3811, 26.4866], [-8.3811, 26.458], [-8.4129, 26.458], [-8.397, 26.4866], [-8.3811, 26.4866]], [[-9.4806, 26.458], [-9.4806, 26.4438], [-9.4966, 26.4438], [-9.4966, 26.458], [-9.4806, 26.458]], [[-6.4847, 26.458], [-6.4847, 26.4438], [-6.5006, 26.4438], [-6.5006, 26.458], [-6.4847, 26.458]], [[-6.3732, 26.458], [-6.3732, 26.4295], [-6.405, 26.4295], [-6.3891, 26.458], [-6.3732, 26.458]], [[-6.3094, 26.3581], [-6.3094, 26.3153], [-6.3413, 26.3153], [-6.3413, 26.301], [-6.405, 26.301], [-6.405, 26.3296], [-6.4369, 26.3296], [-6.4369, 26.3581], [-6.3891, 26.3581], [-6.3891, 26.3439], [-6.3732, 26.3439], [-6.3732, 26.3581], [-6.3413, 26.3581], [-6.3413, 26.4295], [-6.3253, 26.4295], [-6.3253, 26.4438], [-6.2775, 26.4438], [-6.2775, 26.4295], [-6.2616, 26.4295], [-6.2616, 26.3581], [-6.3094, 26.3581]], [[-5.3692, 26.3867], [-5.3692, 26.3581], [-5.417, 26.3581], [-5.417, 26.3867], [-5.4489, 26.3867], [-5.4489, 26.4152], [-5.4648, 26.4152], [-5.4648, 26.401], [-5.4967, 26.401], [-5.4967, 26.4295], [-5.4648, 26.4295], [-5.4648, 26.4438], [-5.4329, 26.4438], [-5.4329, 26.4152], [-5.4011, 26.4152], [-5.4011, 26.401], [-5.3692, 26.3867]], [[-7.9349, 26.3867], [-7.9349, 26.401], [-7.9508, 26.401], [-7.9508, 26.4295], [-7.9189, 26.4295], [-7.9189, 26.4152], [-7.903, 26.4152], [-7.903, 26.3867], [-7.9349, 26.3867]], [[-5.656, 26.4295], [-5.656, 26.401], [-5.672, 26.401], [-5.672, 26.4295], [-5.656, 26.4295]], [[-5.3214, 26.4152], [-5.3055, 26.3867], [-5.3373, 26.3867], [-5.3373, 26.4152], [-5.3214, 26.4152]], [[-6.5644, 26.3439], [-6.5644, 26.3724], [-6.5484, 26.3724], [-6.5484, 26.3867], [-6.5166, 26.3867], [-6.5006, 26.3581], [-6.5166, 26.3581], [-6.5166, 26.3439], [-6.5644, 26.3439]], [[-9.0344, 26.3724], [-9.0344, 26.3581], [-9.0504, 26.3581], [-9.0504, 26.3724], [-9.0344, 26.3724]], [[-6.899, 26.3581], [-6.899, 26.3439], [-6.9309, 26.3296], [-6.9309, 26.3581], [-6.899, 26.3581]], [[-6.2297, 26.3581], [-6.2297, 26.3296], [-6.2616, 26.3296], [-6.2457, 26.3581], [-6.2297, 26.3581]], [[-6.2616, 26.3153], [-6.2616, 26.301], [-6.2775, 26.301], [-6.2775, 26.3153], [-6.2616, 26.3153]], [[-6.166, 26.3153], [-6.166, 26.2867], [-6.1819, 26.2867], [-6.1819, 26.3153], [-6.166, 26.3153]], [[-5.5923, 26.2724], [-5.5923, 26.2581], [-5.6082, 26.2581], [-5.6082, 26.2724], [-5.5923, 26.2724]], [[-10.6917, 26.1295], [-10.6917, 26.1008], [-10.7077, 26.1008], [-10.7236, 26.1295], [-10.6917, 26.1295]], [[-10.5802, 26.0149], [-10.5802, 26.0006], [-10.5961, 26.0006], [-10.5961, 26.0149], [-10.5802, 26.0149]], [[-10.4527, 25.642], [-10.4527, 25.6851], [-10.4049, 25.6851], [-10.4049, 25.6564], [-10.4368, 25.6564], [-10.4368, 25.642], [-10.4527, 25.642]], [[-8.158, 25.5989], [-8.158, 25.5845], [-8.142, 25.5845], [-8.142, 25.5701], [-8.1101, 25.5701], [-8.1101, 25.5414], [-8.0942, 25.5414], [-8.0942, 25.527], [-8.1101, 25.527], [-8.1101, 25.5126], [-8.0942, 25.5126], [-8.0942, 25.4839], [-8.1101, 25.4839], [-8.0942, 25.4551], [-8.1101, 25.4551], [-8.1101, 25.4407], [-8.1261, 25.4407], [-8.1261, 25.4119], [-8.158, 25.4119], [-8.158, 25.3975], [-8.2217, 25.3975], [-8.2217, 25.4119], [-8.2695, 25.4119], [-8.2695, 25.4263], [-8.3014, 25.4407], [-8.3014, 25.5414], [-8.2854, 25.5414], [-8.2854, 25.5558], [-8.2695, 25.5558], [-8.2695, 25.5845], [-8.2376, 25.5845], [-8.2376, 25.5989], [-8.2217, 25.5989], [-8.2217, 25.5845], [-8.2058, 25.5845], [-8.2058, 25.5989], [-8.158, 25.5989]], [[-10.5961, 25.5845], [-10.5961, 25.5701], [-10.6121, 25.5701], [-10.6121, 25.5845], [-10.5961, 25.5845]], [[-3.186, 25.5558], [-3.1701, 25.527], [-3.2019, 25.527], [-3.2179, 25.5558], [-3.186, 25.5558]], [[-6.5006, 25.1525], [-6.5006, 25.066], [-6.5166, 25.066], [-6.5166, 25.0371], [-6.5325, 25.0371], [-6.5325, 25.0227], [-6.5644, 25.0227], [-6.5644, 25.0082], [-6.6441, 25.0082], [-6.6441, 25.0227], [-6.66, 25.0227], [-6.66, 25.0371], [-6.6919, 25.0371], [-6.6919, 25.066], [-6.7078, 25.066], [-6.7078, 25.1381], [-6.6919, 25.1381], [-6.6919, 25.1525], [-6.6759, 25.1525], [-6.66, 25.1814], [-6.6281, 25.1814], [-6.6281, 25.1958], [-6.5484, 25.1958], [-6.5484, 25.1814], [-6.5325, 25.1814], [-6.5325, 25.167], [-6.5006, 25.1525]], [[-9.7356, 25.1381], [-9.7356, 25.1237], [-9.7515, 25.1237], [-9.7515, 25.1381], [-9.7356, 25.1381]], [[-9.6719, 25.1237], [-9.6719, 25.1093], [-9.6878, 25.1093], [-9.6878, 25.1237], [-9.6719, 25.1237]], [[-4.3493, 24.9649], [-4.3652, 24.936], [-4.429, 24.936], [-4.429, 24.9504], [-4.4609, 24.9504], [-4.4609, 24.9793], [-4.4768, 24.9793], [-4.4768, 25.0227], [-4.4609, 25.0227], [-4.4609, 25.0371], [-4.4449, 25.0371], [-4.429, 25.066], [-4.3652, 25.066], [-4.3652, 25.0515], [-4.3334, 25.0371], [-4.3334, 24.9649], [-4.3493, 24.9649]], [[-9.3372, 24.8637], [-9.3213, 24.8348], [-9.3531, 24.8348], [-9.3691, 24.8637], [-9.3372, 24.8637]], [[-9.3053, 24.719], [-9.3053, 24.7914], [-9.2894, 24.7914], [-9.2894, 24.8059], [-9.2575, 24.8059], [-9.2575, 24.7914], [-9.2735, 24.7914], [-9.2735, 24.7335], [-9.3053, 24.719]], [[-9.146, 24.7335], [-9.146, 24.719], [-9.1619, 24.719], [-9.1619, 24.7335], [-9.146, 24.7335]], [[-8.4926, 24.6032], [-8.4926, 24.5887], [-8.5085, 24.5887], [-8.5085, 24.6032], [-8.4926, 24.6032]], [[-8.4926, 24.5742], [-8.4926, 24.5597], [-8.5085, 24.5597], [-8.5085, 24.5742], [-8.4926, 24.5742]], [[-8.5882, 24.5017], [-8.5882, 24.4872], [-8.6201, 24.4872], [-8.6201, 24.5017], [-8.5882, 24.5017]], [[-8.5085, 24.4292], [-8.5085, 24.4147], [-8.5563, 24.4147], [-8.5563, 24.4292], [-8.5085, 24.4292]], [[-8.4767, 24.4292], [-8.4767, 24.4147], [-8.4926, 24.4147], [-8.4926, 24.4292], [-8.4767, 24.4292]], [[-3.8872, 24.3276], [-3.8872, 24.3131], [-3.935, 24.3131], [-3.935, 24.3421], [-3.919, 24.3421], [-3.9031, 24.4002], [-3.8712, 24.4002], [-3.8712, 24.3857], [-3.8872, 24.3857], [-3.8712, 24.3276], [-3.8872, 24.3276]], [[-3.2816, 24.4002], [-3.2816, 24.3857], [-3.2976, 24.3857], [-3.2976, 24.4002], [-3.2816, 24.4002]], [[-8.2217, 24.3711], [-8.2217, 24.3421], [-8.2854, 24.3421], [-8.2695, 24.3711], [-8.2217, 24.3711]], [[-8.3014, 24.3566], [-8.3014, 24.3421], [-8.3173, 24.3421], [-8.3173, 24.3566], [-8.3014, 24.3566]], [[-7.903, 24.3566], [-7.903, 24.3276], [-7.9667, 24.3276], [-7.9827, 24.3566], [-7.903, 24.3566]], [[-8.0942, 24.3131], [-8.0942, 24.2985], [-8.1101, 24.2985], [-8.1101, 24.3131], [-8.0942, 24.3131]], [[-8.4448, 24.2985], [-8.4448, 24.284], [-8.4607, 24.284], [-8.4607, 24.2985], [-8.4448, 24.2985]], [[-4.0943, 24.255], [-4.0943, 24.2404], [-4.1103, 24.2404], [-4.1103, 24.255], [-4.0943, 24.255]], [[-8.0464, 24.1968], [-8.0623, 24.1387], [-8.0783, 24.1387], [-8.0783, 24.1241], [-8.0942, 24.1241], [-8.0942, 24.095], [-8.1101, 24.095], [-8.1101, 24.1096], [-8.142, 24.1096], [-8.142, 24.1241], [-8.158, 24.1241], [-8.158, 24.1823], [-8.142, 24.1823], [-8.142, 24.2114], [-8.0783, 24.2114], [-8.0783, 24.2404], [-8.0464, 24.2404], [-8.0464, 24.2259], [-8.0305, 24.2259], [-8.0305, 24.1968], [-8.0464, 24.1968]], [[-4.2059, 24.095], [-4.2059, 24.066], [-4.2537, 24.066], [-4.2696, 24.095], [-4.2059, 24.095]], [[-6.9309, 24.0368], [-6.9309, 24.0223], [-6.9468, 24.0223], [-6.9468, 24.0368], [-6.9309, 24.0368]], [[-7.8552, 23.9932], [-7.8552, 23.9641], [-7.887, 23.9786], [-7.887, 24.0077], [-7.8552, 23.9932]], [[-7.8233, 23.9495], [-7.8074, 23.9204], [-7.8392, 23.9204], [-7.8392, 23.9495], [-7.8233, 23.9495]], [[-5.0505, 23.9058], [-5.0505, 23.9204], [-4.9708, 23.9204], [-4.9708, 23.8912], [-5.0186, 23.8912], [-5.0186, 23.9058], [-5.0505, 23.9058]], [[-5.0983, 23.8767], [-5.0983, 23.8621], [-5.1142, 23.8621], [-5.1142, 23.8767], [-5.0983, 23.8767]], [[-5.0824, 23.7892], [-5.0824, 23.7454], [-5.1461, 23.7454], [-5.1461, 23.7746], [-5.162, 23.7746], [-5.162, 23.7892], [-5.1939, 23.7892], [-5.1939, 23.7746], [-5.2098, 23.7746], [-5.2098, 23.8038], [-5.1939, 23.8038], [-5.1939, 23.8184], [-5.1302, 23.8184], [-5.1302, 23.7892], [-5.0983, 23.8038], [-5.0983, 23.7892], [-5.0824, 23.7892]], [[-5.0505, 23.8038], [-5.0505, 23.7892], [-5.0664, 23.7892], [-5.0664, 23.8038], [-5.0505, 23.8038]], [[-5.8313, 23.7892], [-5.8313, 23.7454], [-5.8791, 23.7454], [-5.8791, 23.7892], [-5.8313, 23.7892]], [[-6.2138, 23.76], [-6.2138, 23.7309], [-6.2297, 23.7309], [-6.2297, 23.76], [-6.2138, 23.76]], [[-6.1979, 23.7163], [-6.1979, 23.7017], [-6.2138, 23.7017], [-6.2138, 23.7163], [-6.1979, 23.7163]], [[-6.1819, 23.7017], [-6.1819, 23.6725], [-6.1979, 23.6725], [-6.1979, 23.7017], [-6.1819, 23.7017]], [[-5.3055, 23.7017], [-5.3055, 23.6725], [-5.3373, 23.6871], [-5.3373, 23.7163], [-5.3055, 23.7017]], [[-6.1182, 23.5265], [-6.1182, 23.5118], [-6.1341, 23.5118], [-6.1341, 23.4826], [-6.1819, 23.4826], [-6.1819, 23.5411], [-6.1501, 23.5411], [-6.1501, 23.5265], [-6.1341, 23.5265], [-6.1341, 23.5703], [-6.1022, 23.5703], [-6.1022, 23.5849], [-6.0385, 23.5849], [-6.0385, 23.5703], [-6.0544, 23.5703], [-6.0544, 23.5411], [-6.1182, 23.5265]], [[-5.7039, 23.4826], [-5.7039, 23.4534], [-5.7357, 23.4534], [-5.7357, 23.4826], [-5.7039, 23.4826]], [[-6.1501, 23.4388], [-6.1501, 23.4095], [-6.166, 23.4095], [-6.166, 23.4388], [-6.1501, 23.4388]], [[-5.656, 23.3803], [-5.656, 23.4095], [-5.6401, 23.4095], [-5.6401, 23.3949], [-5.6082, 23.3949], [-5.6082, 23.3803], [-5.656, 23.3803]]], [[[-8.8591, 24.4872], [-8.8273, 24.4727], [-8.8273, 24.5017], [-8.8591, 24.5162], [-8.8591, 24.4872]]], [[[14.3114, 23.76], [14.2796, 23.76], [14.2636, 23.7309], [14.2318, 23.7309], [14.2477, 23.7017], [14.3114, 23.7017], [14.3114, 23.76]]], [[[14.1521, 23.6871], [14.184, 23.6871], [14.184, 23.7163], [14.1521, 23.7163], [14.1521, 23.6871]]], [[[14.0246, 23.6579], [14.0405, 23.6579], [14.0405, 23.7017], [14.0087, 23.7017], [14.0087, 23.6871], [13.9927, 23.6871], [13.9927, 23.6579], [14.0246, 23.6433], [14.0246, 23.6579]]]]}, "properties": {"geo_id": "GEO_MER_HALAKHEL", "nom": "Halakhel", "type": "MER", "superficie_km2": 1345741, "statut": "[PROPOSITION] placement"}}, {"type": "Feature", "geometry": {"type": "MultiPolygon", "coordinates": [[[[12.431, 13.5396], [12.447, 13.5396], [12.447, 13.5086], [12.4788, 13.4931], [12.4629, 13.4621], [12.4948, 13.4621], [12.4948, 13.4776], [12.5107, 13.4776], [12.5107, 13.5086], [12.4788, 13.5086], [12.4788, 13.5861], [12.431, 13.5861], [12.431, 13.5396]]], [[[12.9728, 14.6524], [12.9888, 14.6524], [13.0047, 14.6216], [12.9728, 14.6216], [12.9728, 14.637], [12.925, 14.637], [12.9091, 14.6062], [12.8772, 14.6062], [12.8772, 14.5599], [12.8613, 14.5599], [12.8454, 14.529], [12.7976, 14.529], [12.7976, 14.4982], [12.7657, 14.4828], [12.7657, 14.3747], [12.7976, 14.3747], [12.7976, 14.3438], [12.8135, 14.3438], [12.8135, 14.313], [12.8294, 14.313], [12.8294, 14.2821], [12.8454, 14.2821], [12.8454, 14.2666], [12.8294, 14.2666], [12.8294, 14.2203], [12.8613, 14.2203], [12.8613, 14.174], [12.8454, 14.174], [12.8454, 14.1276], [12.8613, 14.1276], [12.8613, 14.0967], [12.8294, 14.0967], [12.8294, 14.0812], [12.8135, 14.0812], [12.8135, 14.0658], [12.7816, 14.0658], [12.7816, 14.0503], [12.7338, 14.0503], [12.7179, 14.0812], [12.6701, 14.0812], [12.6701, 14.0967], [12.6541, 14.0967], [12.6541, 14.0812], [12.6382, 14.0812], [12.6382, 14.0658], [12.6063, 14.0503], [12.6063, 14.0194], [12.5745, 14.0194], [12.5745, 13.9885], [12.5426, 13.9885], [12.5266, 14.0194], [12.3992, 14.0194], [12.3992, 14.0349], [12.3832, 14.0349], [12.3832, 14.0658], [12.3514, 14.0658], [12.3514, 14.0967], [12.3354, 14.0967], [12.3354, 14.1121], [12.3035, 14.1121], [12.3035, 14.0812], [12.2876, 14.0812], [12.2876, 14.0658], [12.2717, 14.0658], [12.2557, 14.0349], [12.2239, 14.0349], [12.2239, 14.0658], [12.192, 14.0812], [12.192, 14.0658], [12.1601, 14.0503], [12.1601, 13.9575], [12.1123, 13.9575], [12.1123, 13.9421], [12.0964, 13.9421], [12.0964, 13.9111], [12.0804, 13.9111], [12.0804, 13.8802], [12.0486, 13.8647], [12.0486, 13.8338], [12.0645, 13.8338], [12.0645, 13.8183], [12.0804, 13.8183], [12.0804, 13.8028], [12.0964, 13.8028], [12.0964, 13.7874], [12.1123, 13.7874], [12.1123, 13.7719], [12.1283, 13.7719], [12.1442, 13.7409], [12.2239, 13.7409], [12.2239, 13.7564], [12.2717, 13.7564], [12.2717, 13.7719], [12.3354, 13.7719], [12.3354, 13.7409], [12.3832, 13.7409], [12.3832, 13.7564], [12.431, 13.7564], [12.431, 13.7719], [12.4629, 13.7719], [12.4629, 13.8183], [12.5107, 13.8183], [12.5107, 13.7254], [12.4629, 13.7254], [12.4629, 13.6945], [12.4788, 13.6945], [12.4788, 13.648], [12.4948, 13.648], [12.4948, 13.5861], [12.5266, 13.5861], [12.5426, 13.6171], [12.6223, 13.6171], [12.6223, 13.6325], [12.6541, 13.6325], [12.6701, 13.6635], [12.7019, 13.6635], [12.7019, 13.648], [12.7338, 13.6325], [12.7338, 13.5706], [12.7019, 13.5551], [12.7019, 13.4931], [12.686, 13.4931], [12.686, 13.4621], [12.6701, 13.4621], [12.6701, 13.4311], [12.686, 13.4311], [12.686, 13.4156], [12.6701, 13.4156], [12.6701, 13.3846], [12.6063, 13.4001], [12.6063, 13.3846], [12.5745, 13.3691], [12.5585, 13.4001], [12.5266, 13.4001], [12.5266, 13.4621], [12.4948, 13.4621], [12.4948, 13.4156], [12.4788, 13.4156], [12.4788, 13.3846], [12.4629, 13.3846], [12.4629, 13.3691], [12.447, 13.3691], [12.447, 13.3536], [12.4151, 13.3381], [12.4151, 13.3071], [12.431, 13.3071], [12.431, 13.2916], [12.4151, 13.2916], [12.4151, 13.2761], [12.3673, 13.2761], [12.3673, 13.2295], [12.3832, 13.2295], [12.3832, 13.214], [12.3673, 13.214], [12.3673, 13.1675], [12.3992, 13.1675], [12.3992, 13.152], [12.4151, 13.152], [12.4151, 13.1209], [12.431, 13.1209], [12.431, 13.1054], [12.4629, 13.1054], [12.4629, 13.0744], [12.447, 13.0744], [12.447, 13.0278], [12.4629, 13.0278], [12.4629, 13.0123], [12.447, 13.0123], [12.431, 12.9812], [12.3832, 12.9812], [12.3832, 12.9502], [12.4151, 12.9502], [12.431, 12.9191], [12.3992, 12.9036], [12.3992, 12.857], [12.3832, 12.857], [12.3832, 12.8259], [12.3673, 12.8259], [12.3673, 12.7948], [12.3354, 12.7793], [12.3354, 12.7482], [12.3195, 12.7482], [12.3195, 12.7326], [12.3354, 12.7326], [12.3354, 12.7015], [12.3673, 12.7015], [12.3673, 12.6705], [12.3992, 12.6705], [12.3992, 12.686], [12.4151, 12.686], [12.4151, 12.6705], [12.431, 12.6705], [12.431, 12.6549], [12.4629, 12.6394], [12.4629, 12.6549], [12.4788, 12.6549], [12.4788, 12.6705], [12.4629, 12.6705], [12.4629, 12.7482], [12.5266, 12.7637], [12.5426, 12.7948], [12.5904, 12.7948], [12.5904, 12.8103], [12.6541, 12.8103], [12.6541, 12.8259], [12.7019, 12.8259], [12.7019, 12.8414], [12.7338, 12.8414], [12.7338, 12.7948], [12.7497, 12.7948], [12.7497, 12.8103], [12.7657, 12.8103], [12.7657, 12.7948], [12.8294, 12.7948], [12.8294, 12.7171], [12.7976, 12.7015], [12.7976, 12.6549], [12.8135, 12.6549], [12.8135, 12.6238], [12.8294, 12.6238], [12.8294, 12.5772], [12.8135, 12.5772], [12.7976, 12.5149], [12.7497, 12.5149], [12.7497, 12.4994], [12.7338, 12.4994], [12.7338, 12.4371], [12.7497, 12.4371], [12.7497, 12.3282], [12.7816, 12.3282], [12.7816, 12.3749], [12.7976, 12.3749], [12.8135, 12.406], [12.8294, 12.406], [12.8294, 12.3904], [12.8613, 12.3904], [12.8613, 12.406], [12.8932, 12.4216], [12.9091, 12.4838], [12.941, 12.4838], [12.941, 12.4683], [12.9569, 12.4683], [12.9569, 12.3749], [12.9888, 12.3749], [12.9888, 12.3282], [13.0525, 12.3282], [13.0525, 12.3437], [13.1163, 12.3437], [13.1163, 12.3282], [13.1322, 12.3282], [13.1322, 12.3437], [13.1641, 12.3437], [13.1641, 12.3126], [13.18, 12.3126], [13.18, 12.3282], [13.2438, 12.3282], [13.2438, 12.3437], [13.2597, 12.3437], [13.2597, 12.3126], [13.2756, 12.3126], [13.2756, 12.3437], [13.2916, 12.3437], [13.2916, 12.3593], [13.3553, 12.3593], [13.3553, 12.3282], [13.3872, 12.3282], [13.3872, 12.3437], [13.419, 12.3282], [13.419, 12.3437], [13.435, 12.3437], [13.435, 12.3749], [13.4987, 12.3749], [13.4987, 12.4216], [13.5147, 12.4216], [13.5147, 12.4527], [13.5625, 12.4527], [13.5625, 12.4683], [13.5784, 12.4683], [13.5943, 12.4371], [13.6421, 12.4371], [13.6421, 12.4216], [13.6581, 12.4216], [13.674, 12.3904], [13.7059, 12.3904], [13.7059, 12.3749], [13.7218, 12.3749], [13.7218, 12.3282], [13.7378, 12.3282], [13.7218, 12.2659], [13.7378, 12.2659], [13.7378, 12.2192], [13.7537, 12.2192], [13.7537, 12.2036], [13.8015, 12.2036], [13.8015, 12.188], [13.8334, 12.188], [13.8493, 12.1569], [13.8812, 12.1569], [13.8971, 12.188], [13.9131, 12.188], [13.9131, 12.1725], [13.929, 12.1725], [13.929, 12.188], [13.9609, 12.188], [13.9609, 12.1413], [13.9449, 12.1413], [13.9449, 12.1101], [13.9609, 12.1101], [13.9609, 12.0946], [13.9768, 12.0946], [13.9768, 12.079], [13.9927, 12.079], [14.0087, 12.0478], [14.0724, 12.0322], [14.0724, 12.0166], [14.0883, 12.0166], [14.0883, 11.9543], [14.1043, 11.9543], [14.1043, 11.9387], [14.1202, 11.9387], [14.1362, 11.9075], [14.168, 11.9075], [14.168, 11.8919], [14.184, 11.8919], [14.184, 11.8763], [14.168, 11.8763], [14.168, 11.8451], [14.1521, 11.8451], [14.1521, 11.8139], [14.1999, 11.8139], [14.1999, 11.7983], [14.2636, 11.7983], [14.2636, 11.7827], [14.3274, 11.7827], [14.3274, 11.7983], [14.3114, 11.7983], [14.3274, 11.8295], [14.3752, 11.8295], [14.3911, 11.8607], [14.5186, 11.8451], [14.5345, 11.9075], [14.5505, 11.9075], [14.5505, 11.9231], [14.5824, 11.9231], [14.5824, 11.8763], [14.5664, 11.8763], [14.5664, 11.8451], [14.5824, 11.8451], [14.5824, 11.8295], [14.5664, 11.8295], [14.5664, 11.7983], [14.5824, 11.7983], [14.5824, 11.7827], [14.6142, 11.7827], [14.6142, 11.7671], [14.6302, 11.7671], [14.6302, 11.7827], [14.662, 11.7827], [14.662, 11.7983], [14.6939, 11.7983], [14.678, 11.7671], [14.7098, 11.7671], [14.7098, 11.7827], [14.7258, 11.7827], [14.7258, 11.8139], [14.6939, 11.8295], [14.6939, 11.8451], [14.7098, 11.8451], [14.7098, 11.9231], [14.7258, 11.9231], [14.7258, 11.9387], [14.7417, 11.9387], [14.7417, 11.9231], [14.7736, 11.9231], [14.7736, 11.9075], [14.8055, 11.9075], [14.8055, 11.9231], [14.8214, 11.9231], [14.8214, 11.9699], [14.8055, 11.9699], [14.7895, 12.0634], [14.7736, 12.0634], [14.7736, 12.079], [14.7576, 12.079], [14.7576, 12.0946], [14.7417, 12.0946], [14.7258, 12.1257], [14.662, 12.1413], [14.662, 12.1725], [14.678, 12.1725], [14.678, 12.188], [14.7098, 12.188], [14.7258, 12.1569], [14.7576, 12.1569], [14.7576, 12.2192], [14.7736, 12.2192], [14.7736, 12.2503], [14.7895, 12.2503], [14.7895, 12.2348], [14.8373, 12.2348], [14.8373, 12.188], [14.8692, 12.188], [14.8692, 12.1725], [14.8851, 12.1725], [14.9011, 12.1413], [14.9329, 12.1413], [14.9329, 12.1257], [14.9489, 12.1257], [14.9648, 12.0946], [14.9967, 12.0946], [14.9967, 12.1101], [15.0286, 12.1101], [15.0286, 12.1257], [15.0604, 12.1101], [15.0604, 11.9855], [15.0923, 11.9855], [15.0923, 11.9699], [15.1082, 11.9699], [15.1082, 11.9543], [15.1242, 11.9543], [15.1242, 11.9387], [15.1401, 11.9387], [15.1401, 11.9231], [15.172, 11.9075], [15.172, 11.8607], [15.156, 11.8607], [15.156, 11.7983], [15.172, 11.7983], [15.172, 11.7827], [15.2039, 11.7827], [15.2039, 11.7671], [15.1879, 11.7671], [15.1879, 11.7359], [15.2039, 11.7359], [15.2039, 11.7203], [15.1879, 11.7203], [15.1879, 11.7047], [15.2039, 11.7047], [15.2039, 11.6891], [15.1879, 11.6891], [15.1879, 11.6267], [15.2039, 11.6267], [15.2198, 11.5955], [15.2676, 11.5955], [15.2676, 11.6111], [15.2517, 11.6111], [15.2517, 11.6267], [15.2198, 11.6267], [15.2198, 11.6423], [15.2357, 11.6423], [15.2357, 11.6579], [15.2517, 11.6579], [15.2517, 11.6423], [15.2995, 11.6423], [15.2995, 11.6891], [15.3154, 11.6891], [15.3154, 11.7047], [15.3473, 11.7047], [15.3473, 11.7203], [15.3791, 11.7359], [15.3791, 11.7671], [15.4429, 11.7671], [15.4429, 11.7827], [15.4588, 11.7827], [15.4588, 11.8139], [15.4429, 11.8139], [15.4429, 11.9543], [15.411, 11.9543], [15.411, 11.9699], [15.3951, 11.9699], [15.3951, 11.9855], [15.411, 11.9855], [15.411, 12.0478], [15.3951, 12.0478], [15.3791, 12.079], [15.4429, 12.0634], [15.4429, 12.079], [15.4588, 12.079], [15.4588, 12.0946], [15.4907, 12.0946], [15.5066, 12.1257], [15.5704, 12.1413], [15.5704, 12.2036], [15.6182, 12.2036], [15.6182, 12.188], [15.6341, 12.188], [15.6341, 12.1569], [15.6501, 12.1569], [15.6501, 12.1413], [15.6819, 12.1413], [15.6819, 12.2036], [15.6501, 12.2192], [15.6501, 12.2503], [15.666, 12.2503], [15.666, 12.2659], [15.6979, 12.2815], [15.6979, 12.3437], [15.6819, 12.3437], [15.6819, 12.3593], [15.7457, 12.3593], [15.7457, 12.3437], [15.7616, 12.3437], [15.7616, 12.3126], [15.7775, 12.3126], [15.7775, 12.3437], [15.7935, 12.3437], [15.7935, 12.3749], [15.7775, 12.3749], [15.7775, 12.406], [15.7935, 12.406], [15.7935, 12.4994], [15.8253, 12.5149], [15.8253, 12.5772], [15.8413, 12.5772], [15.8413, 12.5927], [15.8732, 12.5927], [15.8732, 12.5772], [15.905, 12.5772], [15.905, 12.5616], [15.9688, 12.5616], [15.9688, 12.546], [16.0006, 12.546], [16.0006, 12.5149], [16.0166, 12.5149], [16.0166, 12.4216], [16.0006, 12.4216], [16.0006, 12.4527], [15.9369, 12.4527], [15.9369, 12.3904], [15.921, 12.3904], [15.921, 12.3749], [15.8891, 12.3749], [15.8891, 12.3904], [15.8732, 12.3904], [15.8732, 12.3126], [15.8572, 12.3126], [15.8572, 12.2815], [15.8732, 12.2815], [15.8572, 12.2503], [15.8732, 12.2503], [15.8732, 12.2348], [15.8891, 12.2348], [15.8891, 12.2815], [15.9369, 12.2815], [15.9369, 12.297], [15.9528, 12.297], [15.9528, 12.3282], [15.9369, 12.3282], [15.921, 12.3593], [15.9528, 12.3593], [15.9528, 12.3437], [15.9688, 12.3437], [15.9847, 12.3749], [16.0325, 12.3749], [16.0325, 12.406], [16.0644, 12.3904], [16.0644, 12.3749], [16.0484, 12.3749], [16.0484, 12.3126], [16.0644, 12.3126], [16.0644, 12.297], [16.1441, 12.297], [16.1441, 12.3126], [16.16, 12.3126], [16.16, 12.3282], [16.1759, 12.3282], [16.1919, 12.3593], [16.2237, 12.3593], [16.2237, 12.3749], [16.2556, 12.3904], [16.2556, 12.4683], [16.2078, 12.4683], [16.2078, 12.546], [16.2237, 12.546], [16.2237, 12.5772], [16.2556, 12.5772], [16.2715, 12.6394], [16.3353, 12.6705], [16.3353, 12.7171], [16.3512, 12.7171], [16.3512, 12.7637], [16.3672, 12.7637], [16.3512, 12.7948], [16.3194, 12.7948], [16.3034, 12.8259], [16.2715, 12.8259], [16.2715, 12.8414], [16.2556, 12.8414], [16.2556, 12.8725], [16.2875, 12.8725], [16.2875, 12.857], [16.3353, 12.857], [16.3353, 12.8414], [16.3512, 12.8414], [16.3512, 12.857], [16.3672, 12.857], [16.3672, 12.9502], [16.3512, 12.9502], [16.3512, 12.9657], [16.3353, 12.9657], [16.3353, 12.9967], [16.3194, 12.9967], [16.3194, 13.0588], [16.2715, 13.0588], [16.2715, 13.0433], [16.2397, 13.0433], [16.2397, 13.0278], [16.2078, 13.0278], [16.2078, 13.0123], [16.1759, 13.0123], [16.1759, 13.0278], [16.16, 13.0278], [16.16, 13.0123], [16.1281, 13.0123], [16.1281, 13.0278], [16.1122, 13.0278], [16.1122, 13.0588], [16.0963, 13.0588], [16.0963, 13.1054], [16.1281, 13.1054], [16.1281, 13.1365], [16.16, 13.1365], [16.16, 13.1209], [16.1919, 13.1209], [16.2078, 13.0899], [16.2397, 13.0899], [16.2397, 13.1365], [16.3034, 13.1209], [16.3194, 13.152], [16.3831, 13.152], [16.3831, 13.2451], [16.415, 13.2451], [16.415, 13.2761], [16.3831, 13.2916], [16.3831, 13.3846], [16.3672, 13.3846], [16.3672, 13.4001], [16.2875, 13.4001], [16.2875, 13.3536], [16.2715, 13.3536], [16.2715, 13.3226], [16.2556, 13.3226], [16.2556, 13.3381], [16.2237, 13.3381], [16.2237, 13.3536], [16.2078, 13.3536], [16.1919, 13.3846], [16.1441, 13.3846], [16.1441, 13.4001], [16.1281, 13.4001], [16.1281, 13.4311], [16.1441, 13.4311], [16.1441, 13.4156], [16.1759, 13.4311], [16.1759, 13.4466], [16.1441, 13.4466], [16.1441, 13.5086], [16.16, 13.5086], [16.16, 13.5861], [16.1919, 13.6016], [16.1919, 13.648], [16.16, 13.648], [16.16, 13.6325], [16.1441, 13.6325], [16.1441, 13.648], [16.1122, 13.6635], [16.1122, 13.7564], [16.0803, 13.7564], [16.0803, 13.7719], [16.0644, 13.7719], [16.0644, 13.7564], [16.0325, 13.7564], [16.0325, 13.7719], [16.0166, 13.7719], [16.0006, 13.7409], [15.9528, 13.7409], [15.9528, 13.71], [15.921, 13.71], [15.921, 13.8028], [15.905, 13.8028], [15.905, 13.8183], [15.8732, 13.8338], [15.8732, 13.8647], [15.8572, 13.8647], [15.8572, 13.9111], [15.8253, 13.9111], [15.8253, 13.8957], [15.7775, 13.8957], [15.7775, 13.8802], [15.7616, 13.8802], [15.7616, 13.9111], [15.7457, 13.9111], [15.7457, 13.9266], [15.7138, 13.9421], [15.7138, 13.9266], [15.6501, 13.9266], [15.6501, 13.9111], [15.6341, 13.9111], [15.6341, 13.8802], [15.5704, 13.8957], [15.5704, 13.9266], [15.5385, 13.9266], [15.5385, 13.973], [15.4907, 13.973], [15.4907, 13.9885], [15.4588, 13.9885], [15.4588, 14.0349], [15.4429, 14.0349], [15.427, 14.0658], [15.3791, 14.0658], [15.3791, 14.0812], [15.3632, 14.0812], [15.3632, 14.1276], [15.2995, 14.1431], [15.2995, 14.174], [15.2835, 14.174], [15.2835, 14.1585], [15.2517, 14.1431], [15.2517, 14.1585], [15.2357, 14.1585], [15.2357, 14.1894], [15.172, 14.1894], [15.172, 14.2049], [15.1401, 14.2049], [15.1242, 14.2357], [15.0764, 14.2357], [15.0764, 14.2512], [15.0923, 14.2512], [15.0923, 14.2821], [15.1082, 14.2821], [15.1082, 14.313], [15.0764, 14.313], [15.0764, 14.3593], [15.0604, 14.3593], [15.0445, 14.3902], [15.0126, 14.3902], [15.0126, 14.4056], [14.9807, 14.4056], [14.9807, 14.3902], [14.9489, 14.3747], [14.9489, 14.4056], [14.917, 14.4056], [14.917, 14.4365], [14.9011, 14.4365], [14.9011, 14.4519], [14.8692, 14.4365], [14.8692, 14.3902], [14.8373, 14.3902], [14.8373, 14.3747], [14.8214, 14.3747], [14.8214, 14.1894], [14.8373, 14.1894], [14.8373, 14.1276], [14.8214, 14.1276], [14.8214, 14.1121], [14.8692, 14.1121], [14.8692, 14.0812], [14.8373, 14.0658], [14.8373, 14.0194], [14.7736, 14.0349], [14.7736, 14.0503], [14.7576, 14.0503], [14.7576, 14.0812], [14.7258, 14.0812], [14.7098, 14.1431], [14.662, 14.1431], [14.678, 14.174], [14.7098, 14.174], [14.7098, 14.2049], [14.662, 14.2049], [14.662, 14.2512], [14.6461, 14.2512], [14.6461, 14.2666], [14.6302, 14.2666], [14.6302, 14.2512], [14.5983, 14.2357], [14.5983, 14.1894], [14.5664, 14.174], [14.5664, 14.1585], [14.5824, 14.1585], [14.5824, 14.0812], [14.5186, 14.0967], [14.5186, 14.0658], [14.5345, 14.0658], [14.5345, 14.0503], [14.4867, 14.0503], [14.4867, 14.0658], [14.4071, 14.0658], [14.3752, 14.1276], [14.3114, 14.1276], [14.3114, 14.174], [14.2955, 14.174], [14.2955, 14.1894], [14.2636, 14.2049], [14.2636, 14.2512], [14.2318, 14.2512], [14.2318, 14.2821], [14.2158, 14.2821], [14.2158, 14.313], [14.2477, 14.313], [14.2477, 14.3438], [14.2636, 14.3438], [14.2636, 14.421], [14.2955, 14.421], [14.2955, 14.4056], [14.3114, 14.4056], [14.3114, 14.4365], [14.3593, 14.4365], [14.3593, 14.4056], [14.3911, 14.4056], [14.3911, 14.421], [14.3752, 14.421], [14.3752, 14.4519], [14.3593, 14.4519], [14.3593, 14.4673], [14.3274, 14.4673], [14.3274, 14.4828], [14.3114, 14.4828], [14.2955, 14.4519], [14.2318, 14.4519], [14.2318, 14.4365], [14.2158, 14.4365], [14.2158, 14.421], [14.184, 14.4056], [14.168, 14.4365], [14.1043, 14.4365], [14.1043, 14.421], [14.0883, 14.421], [14.0883, 14.4519], [14.0724, 14.4519], [14.0724, 14.4673], [14.0405, 14.4673], [14.0405, 14.4828], [14.0246, 14.4828], [14.0087, 14.5136], [13.9768, 14.5136], [13.9768, 14.4982], [13.9449, 14.4828], [13.9449, 14.4519], [13.929, 14.4519], [13.9131, 14.421], [13.8812, 14.421], [13.8812, 14.4365], [13.8493, 14.4365], [13.8493, 14.4519], [13.8334, 14.4519], [13.8174, 14.421], [13.7537, 14.4056], [13.7378, 14.4365], [13.7059, 14.421], [13.7059, 14.4365], [13.674, 14.4365], [13.674, 14.4519], [13.6262, 14.4519], [13.6262, 14.4365], [13.6103, 14.4365], [13.6262, 14.4982], [13.5943, 14.5136], [13.5943, 14.5445], [13.5625, 14.5445], [13.5625, 14.4828], [13.5465, 14.4828], [13.5465, 14.4673], [13.5784, 14.4673], [13.5784, 14.4365], [13.5465, 14.421], [13.5465, 14.4365], [13.5306, 14.4365], [13.5306, 14.4828], [13.5147, 14.4828], [13.5147, 14.4982], [13.4987, 14.4982], [13.4987, 14.4828], [13.4669, 14.4828], [13.4669, 14.4982], [13.4031, 14.4982], [13.4031, 14.4828], [13.3872, 14.4828], [13.3872, 14.4982], [13.3394, 14.4982], [13.3394, 14.5136], [13.3075, 14.5136], [13.3075, 14.529], [13.2756, 14.5445], [13.2756, 14.5753], [13.2597, 14.5753], [13.2597, 14.5907], [13.2278, 14.5907], [13.2119, 14.6216], [13.18, 14.6216], [13.18, 14.637], [13.1163, 14.637], [13.1163, 14.6524], [13.1003, 14.6524], [13.1003, 14.6832], [13.0366, 14.6832], [13.0366, 14.6678], [13.0207, 14.6678], [13.0047, 14.6987], [12.9728, 14.6987], [12.9728, 14.6524]], [[13.4031, 12.3749], [13.4031, 12.3904], [13.3872, 12.3904], [13.3872, 12.4216], [13.4031, 12.4216], [13.4031, 12.406], [13.419, 12.406], [13.435, 12.3749], [13.4031, 12.3749]], [[14.2636, 11.8139], [14.2796, 11.8139], [14.2796, 11.7983], [14.2636, 11.7983], [14.2636, 11.8139]], [[14.5983, 11.8295], [14.5983, 11.8139], [14.5824, 11.8139], [14.5824, 11.8295], [14.5983, 11.8295]], [[16.3034, 13.3536], [16.3034, 13.3381], [16.2875, 13.3381], [16.2875, 13.3536], [16.3034, 13.3536]], [[15.7935, 13.8802], [15.7935, 13.8647], [15.7775, 13.8647], [15.7775, 13.8802], [15.7935, 13.8802]], [[14.662, 14.1276], [14.6302, 14.1276], [14.6302, 14.1431], [14.662, 14.1431], [14.662, 14.1276]], [[13.5147, 14.3747], [13.5147, 14.3284], [13.4987, 14.3284], [13.4987, 14.3593], [13.4828, 14.3593], [13.4828, 14.3747], [13.5147, 14.3747]], [[14.2158, 14.3747], [14.2158, 14.3593], [14.1999, 14.3593], [14.1999, 14.3747], [14.2158, 14.3747]], [[13.4031, 14.3593], [13.4031, 14.3438], [13.435, 14.3284], [13.435, 14.2975], [13.419, 14.2975], [13.419, 14.313], [13.3872, 14.313], [13.3872, 14.3593], [13.4031, 14.3593]], [[13.3712, 14.3284], [13.3712, 14.313], [13.3553, 14.313], [13.3553, 14.3284], [13.3712, 14.3284]], [[13.3234, 14.313], [13.3234, 14.2975], [13.3075, 14.2975], [13.3075, 14.313], [13.3234, 14.313]], [[13.9449, 14.2512], [13.9449, 14.2357], [13.929, 14.2357], [13.929, 14.2512], [13.9449, 14.2512]], [[15.0923, 14.2049], [15.0923, 14.174], [15.0764, 14.174], [15.0764, 14.1585], [15.0604, 14.1585], [15.0604, 14.2049], [15.0923, 14.2049]], [[14.3911, 14.0812], [14.3911, 14.0658], [14.3752, 14.0658], [14.3752, 14.0812], [14.3911, 14.0812]], [[14.9489, 14.0812], [14.9489, 14.0503], [14.9011, 14.0503], [14.8851, 14.0812], [14.9489, 14.0812]], [[15.8572, 13.7409], [15.8572, 13.7254], [15.8413, 13.7254], [15.8572, 13.6635], [15.7616, 13.648], [15.7616, 13.679], [15.8094, 13.679], [15.8094, 13.7254], [15.8253, 13.7254], [15.8253, 13.7409], [15.8572, 13.7409]], [[15.8732, 13.648], [15.8732, 13.6325], [15.8572, 13.6325], [15.8572, 13.648], [15.8732, 13.648]], [[12.6382, 13.3691], [12.6382, 13.3226], [12.6063, 13.3226], [12.6063, 13.3691], [12.6382, 13.3691]], [[12.6382, 13.2916], [12.6382, 13.2451], [12.6223, 13.2451], [12.6223, 13.2606], [12.6063, 13.2606], [12.5904, 13.2916], [12.6382, 13.2916]], [[12.4629, 13.1675], [12.4629, 13.152], [12.447, 13.152], [12.447, 13.1675], [12.4629, 13.1675]], [[12.7657, 13.1675], [12.7657, 13.1054], [12.7179, 13.1054], [12.7179, 13.1365], [12.7338, 13.1365], [12.7497, 13.1675], [12.7657, 13.1675]], [[12.7179, 13.0744], [12.7179, 13.0588], [12.7019, 13.0588], [12.7019, 13.0744], [12.7179, 13.0744]], [[12.7338, 12.9502], [12.7338, 12.9346], [12.7179, 12.9346], [12.7179, 12.9502], [12.7338, 12.9502]], [[16.0803, 12.6549], [16.0803, 12.6394], [16.0644, 12.6394], [16.0644, 12.6549], [16.0803, 12.6549]], [[16.0963, 12.6238], [16.0963, 12.5927], [16.0325, 12.5616], [16.0484, 12.6238], [16.0963, 12.6238]], [[14.9489, 12.5305], [14.9489, 12.5149], [14.9648, 12.5149], [14.9648, 12.4994], [14.9967, 12.4838], [14.9967, 12.4683], [14.9807, 12.4683], [14.9807, 12.4216], [14.8851, 12.4216], [14.8692, 12.4838], [14.8851, 12.4838], [14.8851, 12.4994], [14.9011, 12.4994], [14.917, 12.5305], [14.9489, 12.5305]], [[14.9967, 12.4216], [14.9967, 12.406], [14.9807, 12.406], [14.9807, 12.4216], [14.9967, 12.4216]], [[14.7098, 12.2503], [14.7098, 12.2036], [14.6939, 12.2036], [14.6939, 12.2192], [14.662, 12.2192], [14.662, 12.2036], [14.6461, 12.2036], [14.6461, 12.2348], [14.662, 12.2348], [14.662, 12.2503], [14.7098, 12.2503]], [[14.6461, 12.1725], [14.5983, 12.1725], [14.5983, 12.188], [14.6302, 12.188], [14.6302, 12.2036], [14.6461, 12.2036], [14.6461, 12.1725]], [[14.4549, 12.2192], [14.4549, 12.188], [14.4389, 12.188], [14.423, 12.2192], [14.4549, 12.2192]], [[14.1999, 12.1725], [14.1999, 12.1413], [14.168, 12.1413], [14.168, 12.1725], [14.1999, 12.1725]], [[14.2318, 12.1413], [14.2318, 12.1257], [14.1999, 12.1101], [14.1999, 12.1413], [14.2318, 12.1413]], [[14.4549, 12.1725], [14.4549, 12.1569], [14.4389, 12.1569], [14.4389, 12.1725], [14.4549, 12.1725]], [[14.2477, 12.079], [14.2477, 12.0634], [14.2158, 12.0634], [14.2158, 12.079], [14.2477, 12.079]], [[15.2835, 11.7047], [15.2835, 11.6891], [15.2517, 11.6891], [15.2517, 11.7047], [15.2835, 11.7047]]]]}, "properties": {"geo_id": "GEO_LAC_TUMAZI", "nom": "Tùmázì", "type": "LAC", "altitude_m": 620, "statut": "[PROPOSITION] placement"}}, {"type": "Feature", "geometry": {"type": "MultiPolygon", "coordinates": [[[[22.7574, 22.3082], [22.7415, 22.3082], [22.7415, 22.2787], [22.7255, 22.2787], [22.7255, 22.2935], [22.6937, 22.2935], [22.6937, 22.2787], [22.6777, 22.2787], [22.6777, 22.264], [22.6458, 22.2492], [22.6458, 22.205], [22.6299, 22.205], [22.6299, 22.1902], [22.598, 22.1902], [22.598, 22.205], [22.5821, 22.205], [22.5662, 22.2345], [22.5502, 22.2345], [22.5502, 22.2197], [22.4865, 22.2197], [22.4865, 22.2345], [22.4387, 22.2345], [22.4387, 22.2197], [22.4227, 22.2197], [22.4227, 22.2345], [22.3909, 22.2345], [22.3909, 22.2197], [22.3749, 22.2197], [22.3749, 22.2345], [22.359, 22.2345], [22.359, 22.264], [22.3271, 22.2787], [22.3271, 22.2492], [22.3112, 22.2492], [22.3112, 22.2197], [22.3271, 22.2197], [22.3271, 22.1755], [22.3112, 22.1755], [22.2953, 22.146], [22.2793, 22.146], [22.2793, 22.1607], [22.2634, 22.1607], [22.2634, 22.146], [22.1678, 22.146], [22.1518, 22.1755], [22.12, 22.1755], [22.1359, 22.205], [22.0881, 22.205], [22.0881, 22.1755], [22.0562, 22.1755], [22.0403, 22.146], [22.0084, 22.146], [22.0084, 22.1312], [21.9765, 22.1164], [21.9765, 22.0426], [21.9606, 22.0426], [21.9606, 22.0278], [21.9287, 22.0278], [21.9287, 22.0131], [21.8809, 22.0131], [21.8809, 21.9983], [21.8491, 21.9983], [21.8491, 21.9835], [21.8331, 21.9835], [21.8172, 22.0131], [21.7853, 22.0131], [21.7853, 22.0278], [21.7375, 22.0278], [21.7375, 21.9983], [21.7056, 21.9983], [21.7056, 21.9835], [21.6578, 21.9835], [21.6578, 22.0131], [21.626, 22.0131], [21.626, 21.9983], [21.61, 21.9983], [21.61, 21.9687], [21.5941, 21.9687], [21.5941, 21.9392], [21.5622, 21.9392], [21.5622, 21.9687], [21.5463, 21.9687], [21.5463, 21.9539], [21.5144, 21.9539], [21.5144, 21.9392], [21.4825, 21.9392], [21.4825, 21.9244], [21.5144, 21.9096], [21.5144, 21.8652], [21.4985, 21.8652], [21.4825, 21.8357], [21.4507, 21.8357], [21.4507, 21.8209], [21.4347, 21.8209], [21.4347, 21.7913], [21.4666, 21.7765], [21.4666, 21.7469], [21.4347, 21.7321], [21.4347, 21.7025], [21.4188, 21.7025], [21.4188, 21.6877], [21.4029, 21.6877], [21.4029, 21.7025], [21.355, 21.7025], [21.355, 21.6877], [21.3869, 21.6877], [21.3869, 21.6728], [21.4029, 21.6728], [21.4188, 21.6432], [21.371, 21.6432], [21.355, 21.6728], [21.2913, 21.6877], [21.2913, 21.7025], [21.2594, 21.7173], [21.2594, 21.7469], [21.2913, 21.7469], [21.2913, 21.8061], [21.3072, 21.8061], [21.3072, 21.8209], [21.2913, 21.8209], [21.2913, 21.8357], [21.2594, 21.8357], [21.2594, 21.8504], [21.2276, 21.8504], [21.2276, 21.8652], [21.1957, 21.8504], [21.1957, 21.7617], [21.2116, 21.7617], [21.2276, 21.7025], [21.1957, 21.6877], [21.1957, 21.658], [21.116, 21.658], [21.1001, 21.5988], [21.0682, 21.584], [21.0682, 21.4654], [21.0523, 21.4654], [21.0523, 21.4505], [21.0841, 21.4357], [21.0841, 21.406], [21.1001, 21.406], [21.1001, 21.3912], [21.1479, 21.3912], [21.1479, 21.3615], [21.1798, 21.3467], [21.1798, 21.2873], [21.1957, 21.2873], [21.1957, 21.2576], [21.2116, 21.2576], [21.2276, 21.2279], [21.2594, 21.2279], [21.2594, 21.213], [21.355, 21.213], [21.355, 21.1685], [21.3869, 21.1685], [21.3869, 21.1536], [21.4029, 21.1536], [21.4029, 21.1387], [21.4347, 21.1239], [21.4347, 21.109], [21.4188, 21.109], [21.4188, 21.0644], [21.4347, 21.0644], [21.4347, 21.0495], [21.4666, 21.0347], [21.4666, 21.0198], [21.4347, 21.0198], [21.4347, 20.99], [21.4507, 20.99], [21.4507, 20.9751], [21.4825, 20.99], [21.4825, 20.9751], [21.4985, 20.9751], [21.4985, 20.9454], [21.5303, 20.9305], [21.5303, 20.9007], [21.5463, 20.9007], [21.5463, 20.8858], [21.5781, 20.8858], [21.5781, 20.871], [21.61, 20.871], [21.61, 20.8561], [21.6578, 20.8561], [21.6578, 20.8263], [21.6738, 20.8263], [21.6738, 20.8114], [21.6578, 20.8114], [21.6578, 20.7965], [21.626, 20.7816], [21.6419, 20.7518], [21.626, 20.7518], [21.626, 20.7369], [21.5941, 20.7369], [21.5941, 20.722], [21.61, 20.722], [21.61, 20.6922], [21.5463, 20.6773], [21.5463, 20.6474], [21.5144, 20.6325], [21.5144, 20.5579], [21.5303, 20.5579], [21.5303, 20.4982], [21.5622, 20.4833], [21.5622, 20.4236], [21.5941, 20.4087], [21.5941, 20.3788], [21.61, 20.3788], [21.61, 20.3489], [21.626, 20.3489], [21.626, 20.334], [21.6738, 20.334], [21.6738, 20.3489], [21.6897, 20.3489], [21.6897, 20.3638], [21.7056, 20.3638], [21.7056, 20.3788], [21.7216, 20.3788], [21.7375, 20.4087], [21.7694, 20.4087], [21.7694, 20.3937], [21.8331, 20.4087], [21.8331, 20.4385], [21.8172, 20.4385], [21.8012, 20.4684], [21.7375, 20.4535], [21.7216, 20.4833], [21.7375, 20.4833], [21.7375, 20.5132], [21.7534, 20.5132], [21.7534, 20.5281], [21.8012, 20.5281], [21.8012, 20.543], [21.8491, 20.543], [21.8491, 20.5579], [21.865, 20.5579], [21.865, 20.543], [21.8969, 20.543], [21.8969, 20.5579], [21.9128, 20.5579], [21.9128, 20.6027], [21.9925, 20.6027], [21.9925, 20.6176], [22.0403, 20.6176], [22.0403, 20.6027], [22.0562, 20.6027], [22.0722, 20.6325], [22.1518, 20.6325], [22.1518, 20.6474], [22.2156, 20.6325], [22.2156, 20.6474], [22.2475, 20.6474], [22.2475, 20.6176], [22.2634, 20.6176], [22.2634, 20.5878], [22.2315, 20.5878], [22.2315, 20.543], [22.2475, 20.543], [22.2475, 20.5132], [22.2793, 20.5132], [22.2793, 20.5281], [22.2953, 20.5281], [22.2953, 20.5132], [22.3431, 20.5132], [22.3431, 20.543], [22.3909, 20.543], [22.4068, 20.5729], [22.4387, 20.5729], [22.4227, 20.6027], [22.4865, 20.6027], [22.4865, 20.6176], [22.5343, 20.6176], [22.5343, 20.6474], [22.5184, 20.6474], [22.5184, 20.6922], [22.4865, 20.6922], [22.4865, 20.6773], [22.4546, 20.6773], [22.4546, 20.6922], [22.4387, 20.6922], [22.4387, 20.6773], [22.4068, 20.6773], [22.4068, 20.6474], [22.3749, 20.6325], [22.3749, 20.6474], [22.3112, 20.6474], [22.2953, 20.6773], [22.2634, 20.6773], [22.2634, 20.6623], [22.2475, 20.6623], [22.2475, 20.6773], [22.2315, 20.6773], [22.2315, 20.6922], [22.2156, 20.6922], [22.2156, 20.7071], [22.1996, 20.7071], [22.1996, 20.722], [22.1678, 20.7369], [22.1678, 20.7667], [22.2156, 20.7667], [22.2315, 20.7965], [22.2475, 20.7965], [22.2475, 20.7667], [22.2793, 20.7518], [22.2793, 20.7816], [22.2953, 20.7816], [22.3112, 20.8114], [22.359, 20.8114], [22.359, 20.8561], [22.3749, 20.8561], [22.3749, 20.871], [22.4227, 20.871], [22.4227, 20.8858], [22.5024, 20.8858], [22.5024, 20.871], [22.5662, 20.871], [22.5662, 20.8263], [22.614, 20.8263], [22.6299, 20.8561], [22.6458, 20.8561], [22.6458, 20.8412], [22.6777, 20.8412], [22.6777, 20.8858], [22.7096, 20.9007], [22.7096, 20.9305], [22.7415, 20.9305], [22.7415, 20.9454], [22.7893, 20.9454], [22.7893, 20.9603], [22.853, 20.9454], [22.853, 20.9603], [22.8849, 20.9603], [22.9008, 20.99], [22.9646, 20.99], [22.9646, 20.9454], [22.9805, 20.9454], [22.9964, 20.9156], [23.0124, 20.9156], [23.0124, 20.9305], [23.0761, 20.9305], [23.092, 20.9603], [23.1239, 20.9603], [23.1239, 20.9454], [23.2673, 20.9454], [23.2673, 20.9305], [23.2992, 20.9305], [23.2992, 20.9156], [23.2833, 20.9156], [23.2673, 20.8858], [23.2992, 20.8858], [23.2992, 20.9007], [23.3151, 20.9007], [23.3151, 20.9156], [23.3311, 20.9156], [23.347, 20.9454], [23.363, 20.9454], [23.363, 20.9156], [23.3948, 20.9156], [23.4108, 20.8858], [23.4426, 20.8858], [23.4426, 20.9305], [23.4745, 20.9305], [23.4745, 20.9156], [23.4904, 20.9156], [23.4904, 20.9007], [23.4745, 20.9007], [23.4745, 20.8412], [23.4904, 20.8412], [23.4904, 20.8114], [23.4586, 20.8114], [23.4586, 20.7667], [23.4745, 20.7667], [23.4745, 20.7518], [23.4904, 20.7518], [23.4904, 20.7369], [23.5064, 20.7369], [23.5064, 20.722], [23.5382, 20.7071], [23.5382, 20.722], [23.5701, 20.722], [23.5701, 20.7816], [23.6179, 20.7816], [23.6179, 20.8263], [23.6339, 20.8263], [23.6179, 20.8561], [23.6817, 20.8412], [23.6817, 20.871], [23.6976, 20.871], [23.6976, 20.8858], [23.7613, 20.871], [23.7613, 20.9007], [23.7454, 20.9007], [23.7454, 20.9156], [23.7295, 20.9156], [23.7295, 20.9007], [23.6976, 20.9156], [23.6976, 20.9603], [23.7454, 20.9603], [23.7454, 20.9454], [23.7773, 20.9454], [23.7773, 20.9603], [23.7932, 20.9603], [23.7932, 20.9454], [23.857, 20.9454], [23.857, 20.9603], [23.8729, 20.9603], [23.8729, 20.9454], [23.9048, 20.9454], [23.9048, 20.9007], [23.9526, 20.9007], [23.9526, 20.9454], [23.9685, 20.9454], [23.9685, 20.9603], [23.9366, 20.9751], [23.9366, 21.0198], [23.9526, 21.0198], [23.9526, 21.0347], [23.9366, 21.0347], [23.9366, 21.0644], [23.9048, 21.0793], [23.9048, 21.1387], [23.9207, 21.1387], [23.9207, 21.1685], [23.9844, 21.1685], [24.0004, 21.1982], [24.0641, 21.1833], [24.0641, 21.1982], [24.0801, 21.1982], [24.0801, 21.2427], [24.096, 21.2427], [24.096, 21.2576], [24.1279, 21.2724], [24.1279, 21.317], [24.1119, 21.317], [24.1119, 21.3318], [24.1757, 21.3318], [24.1757, 21.3467], [24.1438, 21.3615], [24.1438, 21.3764], [24.1597, 21.3764], [24.1438, 21.4654], [24.1279, 21.4654], [24.1279, 21.4802], [24.096, 21.4802], [24.096, 21.495], [24.0641, 21.495], [24.0641, 21.5395], [24.0482, 21.5395], [24.0482, 21.5543], [24.0163, 21.5691], [24.0323, 21.5988], [24.0004, 21.6136], [24.0004, 21.658], [23.9366, 21.6728], [23.9366, 21.7025], [23.9526, 21.7025], [23.9526, 21.7173], [23.9048, 21.7173], [23.9048, 21.7321], [23.8888, 21.7321], [23.8888, 21.7469], [23.857, 21.7617], [23.857, 21.7913], [23.841, 21.7913], [23.841, 21.8061], [23.8092, 21.8061], [23.8092, 21.8209], [23.7932, 21.8209], [23.7932, 21.8504], [23.7773, 21.8504], [23.7773, 21.88], [23.8092, 21.88], [23.8092, 21.8652], [23.841, 21.8652], [23.841, 21.8504], [23.8888, 21.8504], [23.9048, 21.88], [23.9207, 21.88], [23.9207, 21.8504], [23.9366, 21.8504], [23.9526, 21.88], [23.9844, 21.88], [23.9844, 21.8652], [24.0323, 21.8652], [24.0323, 21.88], [24.0482, 21.88], [24.0482, 21.9835], [24.0641, 21.9835], [24.0641, 22.0131], [24.0482, 22.0131], [24.0482, 21.9983], [24.0004, 21.9983], [23.9844, 22.0278], [23.9526, 22.0131], [23.9526, 22.0426], [23.9844, 22.0426], [23.9844, 22.0721], [23.9685, 22.0721], [23.9685, 22.0869], [23.9526, 22.0869], [23.9526, 22.1017], [23.9207, 22.1164], [23.9207, 22.1312], [23.9366, 22.1312], [23.9366, 22.146], [23.9207, 22.146], [23.9207, 22.1755], [23.9048, 22.1755], [23.9048, 22.1902], [23.9207, 22.1902], [23.9207, 22.2345], [23.8888, 22.2345], [23.8888, 22.2492], [23.8729, 22.2492], [23.857, 22.2197], [23.8092, 22.2197], [23.8092, 22.205], [23.7454, 22.205], [23.7454, 22.1902], [23.7135, 22.1902], [23.7135, 22.205], [23.6976, 22.205], [23.6976, 22.2197], [23.6657, 22.2345], [23.6657, 22.2197], [23.6498, 22.2197], [23.6498, 22.1755], [23.6339, 22.1755], [23.6339, 22.1607], [23.602, 22.146], [23.602, 22.1755], [23.6179, 22.1755], [23.6179, 22.2345], [23.602, 22.2345], [23.602, 22.2492], [23.5542, 22.2492], [23.5542, 22.2345], [23.4745, 22.2345], [23.4745, 22.2787], [23.3948, 22.2787], [23.3948, 22.264], [23.4108, 22.264], [23.4108, 22.2197], [23.3311, 22.2197], [23.3311, 22.2345], [23.2992, 22.2345], [23.2992, 22.2492], [23.2355, 22.264], [23.2355, 22.2935], [23.1558, 22.2935], [23.1558, 22.2787], [23.1399, 22.2787], [23.1558, 22.2492], [23.1239, 22.2345], [23.1239, 22.1902], [23.092, 22.1755], [23.092, 22.146], [23.0283, 22.146], [23.0283, 22.1607], [22.9646, 22.1607], [22.9646, 22.1755], [22.9008, 22.1755], [22.9008, 22.1607], [22.8689, 22.1607], [22.8689, 22.1755], [22.8052, 22.1902], [22.8052, 22.2197], [22.7893, 22.2197], [22.7893, 22.264], [22.8052, 22.264], [22.8052, 22.323], [22.7574, 22.323], [22.7574, 22.3082]], [[21.7853, 21.9835], [21.7853, 21.9687], [21.7375, 21.9687], [21.7375, 21.9835], [21.7853, 21.9835]], [[21.8172, 21.8504], [21.8172, 21.8357], [21.8012, 21.8357], [21.8012, 21.8504], [21.8172, 21.8504]], [[23.347, 21.8061], [23.347, 21.7913], [23.3311, 21.7913], [23.3311, 21.8061], [23.347, 21.8061]], [[21.3232, 21.6136], [21.3232, 21.5988], [21.3391, 21.5988], [21.3391, 21.6136], [21.371, 21.6136], [21.371, 21.5988], [21.3869, 21.5988], [21.3869, 21.584], [21.371, 21.584], [21.371, 21.5395], [21.3232, 21.5395], [21.3232, 21.5691], [21.3072, 21.5691], [21.3072, 21.5988], [21.2913, 21.5988], [21.2913, 21.6136], [21.3232, 21.6136]], [[21.3232, 21.5247], [21.3072, 21.5247], [21.3072, 21.5395], [21.3232, 21.5395], [21.3232, 21.5247]], [[24.0004, 21.5691], [24.0004, 21.5395], [23.9685, 21.5395], [23.9685, 21.5691], [24.0004, 21.5691]], [[21.3391, 21.495], [21.3391, 21.4802], [21.3072, 21.4654], [21.3072, 21.495], [21.3391, 21.495]], [[21.2913, 21.4654], [21.2913, 21.4357], [21.2594, 21.4357], [21.2754, 21.4654], [21.2913, 21.4654]], [[24.0163, 21.4654], [24.0163, 21.4357], [24.0004, 21.4357], [24.0004, 21.4654], [24.0163, 21.4654]], [[21.3232, 21.406], [21.3232, 21.3764], [21.2913, 21.3764], [21.2913, 21.406], [21.3232, 21.406]], [[21.2276, 21.3467], [21.2116, 21.317], [21.1957, 21.317], [21.1957, 21.3615], [21.2276, 21.3467]], [[23.0602, 21.1387], [23.0602, 21.1239], [23.0442, 21.1239], [23.0442, 21.1387], [23.0602, 21.1387]], [[23.5382, 20.99], [23.5382, 20.9603], [23.5223, 20.9603], [23.5223, 20.9454], [23.5064, 20.9454], [23.5064, 20.99], [23.5382, 20.99]], [[22.0084, 20.9305], [22.0084, 20.9007], [22.0403, 20.8858], [22.0403, 20.8412], [22.0562, 20.8412], [22.0562, 20.8263], [22.0722, 20.8263], [22.0722, 20.8561], [22.104, 20.8561], [22.104, 20.871], [22.1359, 20.871], [22.1359, 20.8561], [22.1518, 20.8561], [22.1518, 20.8263], [22.1359, 20.8263], [22.12, 20.7965], [22.0881, 20.7965], [22.0881, 20.7816], [21.9765, 20.7816], [21.9765, 20.7965], [21.9447, 20.8114], [21.9447, 20.8412], [21.8969, 20.8412], [21.8969, 20.8858], [21.9447, 20.8858], [21.9447, 20.9156], [21.9765, 20.9156], [21.9765, 20.9305], [22.0084, 20.9305]], [[22.3112, 20.8412], [22.3112, 20.8263], [22.2793, 20.8114], [22.2793, 20.8412], [22.3112, 20.8412]], [[22.1837, 20.8114], [22.1837, 20.7965], [22.1678, 20.7965], [22.1678, 20.8114], [22.1837, 20.8114]]], [[[22.3431, 20.7369], [22.3112, 20.722], [22.3271, 20.6922], [22.3431, 20.6922], [22.3431, 20.722], [22.3749, 20.722], [22.3749, 20.7369], [22.3431, 20.7518], [22.3431, 20.7369]]]]}, "properties": {"geo_id": "GEO_LAC_AKHTIR", "nom": "Akhtir", "type": "LAC", "altitude_m": 1200, "statut": "[PROPOSITION] placement"}}, {"type": "Feature", "geometry": {"type": "MultiPolygon", "coordinates": [[[[-11.7116, 11.9387], [-11.7276, 11.9387], [-11.7276, 11.9075], [-11.7435, 11.9075], [-11.7435, 11.8763], [-11.7276, 11.8763], [-11.7276, 11.8607], [-11.7754, 11.8607], [-11.7754, 11.8919], [-11.8391, 11.9075], [-11.8391, 11.8919], [-11.8072, 11.8763], [-11.8072, 11.8607], [-11.8232, 11.8607], [-11.8232, 11.8139], [-11.8391, 11.8139], [-11.8391, 11.7827], [-11.9029, 11.7827], [-11.9029, 11.7983], [-11.8869, 11.7983], [-11.8869, 11.8607], [-11.9029, 11.8607], [-11.9188, 11.8295], [-11.9666, 11.8295], [-11.9666, 11.8763], [-11.9507, 11.8763], [-11.9507, 11.8919], [-11.9188, 11.8919], [-11.9188, 11.9075], [-11.9507, 11.9231], [-11.9507, 11.9387], [-11.9347, 11.9387], [-11.9507, 11.9699], [-11.9825, 11.9699], [-11.9825, 11.9543], [-11.9985, 11.9543], [-11.9985, 11.9231], [-12.0303, 11.9231], [-12.0303, 11.9075], [-12.0622, 11.9231], [-12.0622, 11.9075], [-12.0781, 11.9075], [-12.0781, 11.8919], [-12.0622, 11.8919], [-12.0781, 11.8607], [-12.0463, 11.8451], [-12.0463, 11.7983], [-12.0622, 11.7983], [-12.0622, 11.7827], [-12.0941, 11.7827], [-12.0941, 11.7983], [-12.11, 11.7983], [-12.11, 11.7827], [-12.1419, 11.7827], [-12.1419, 11.7515], [-12.126, 11.7515], [-12.126, 11.7359], [-12.11, 11.7359], [-12.11, 11.7203], [-12.0941, 11.7203], [-12.0781, 11.6891], [-12.0303, 11.6891], [-12.0303, 11.6735], [-11.9985, 11.6735], [-11.9985, 11.6579], [-11.9825, 11.6579], [-11.9825, 11.6423], [-12.0144, 11.6423], [-12.0144, 11.6111], [-11.9825, 11.6111], [-11.9825, 11.6267], [-11.9666, 11.6267], [-11.9666, 11.6111], [-11.9347, 11.5955], [-11.9347, 11.5642], [-11.8869, 11.5642], [-11.8869, 11.533], [-11.871, 11.533], [-11.871, 11.5018], [-11.9029, 11.4862], [-11.9029, 11.4706], [-11.8869, 11.4706], [-11.8869, 11.4549], [-11.9029, 11.4549], [-11.9029, 11.4081], [-11.9188, 11.4081], [-11.9188, 11.3768], [-11.9507, 11.3612], [-11.9507, 11.2987], [-11.9347, 11.2987], [-11.9347, 11.2675], [-11.9188, 11.2675], [-11.9188, 11.2518], [-11.9347, 11.2518], [-11.9347, 11.2049], [-11.9825, 11.2049], [-11.9825, 11.2362], [-11.9666, 11.2362], [-11.9666, 11.2518], [-11.9825, 11.2518], [-11.9825, 11.2675], [-12.0144, 11.2675], [-12.0144, 11.2987], [-12.0303, 11.2987], [-12.0303, 11.3143], [-12.0622, 11.33], [-12.0622, 11.3612], [-12.0463, 11.3612], [-12.0303, 11.3925], [-12.0622, 11.3925], [-12.0622, 11.4081], [-12.0781, 11.4081], [-12.0781, 11.3612], [-12.0941, 11.3612], [-12.0941, 11.3456], [-12.126, 11.3456], [-12.126, 11.33], [-12.1578, 11.33], [-12.1578, 11.2675], [-12.1738, 11.2675], [-12.1738, 11.2518], [-12.1897, 11.2518], [-12.2056, 11.2206], [-12.2853, 11.2206], [-12.3012, 11.1893], [-12.3172, 11.1893], [-12.3172, 11.2049], [-12.3491, 11.2049], [-12.365, 11.1737], [-12.5243, 11.1737], [-12.5243, 11.1893], [-12.5403, 11.1893], [-12.5403, 11.158], [-12.5562, 11.158], [-12.5562, 11.0799], [-12.5722, 11.0799], [-12.5722, 10.986], [-12.604, 10.986], [-12.604, 10.9704], [-12.5881, 10.9704], [-12.604, 10.8765], [-12.5881, 10.8765], [-12.5881, 10.8452], [-12.5562, 10.8452], [-12.5562, 10.8139], [-12.5403, 10.8139], [-12.5403, 10.7669], [-12.5243, 10.7669], [-12.5243, 10.7513], [-12.4606, 10.7356], [-12.4606, 10.7513], [-12.4287, 10.7513], [-12.4287, 10.7669], [-12.365, 10.7669], [-12.365, 10.7826], [-12.3491, 10.7826], [-12.3491, 10.8608], [-12.3012, 10.8608], [-12.3012, 10.8765], [-12.2694, 10.8765], [-12.2694, 10.8921], [-12.2534, 10.8921], [-12.2534, 10.8765], [-12.2056, 10.8765], [-12.2056, 10.8608], [-12.1897, 10.8608], [-12.1897, 10.8452], [-12.1578, 10.8295], [-12.1738, 10.7356], [-12.1578, 10.7356], [-12.1578, 10.7199], [-12.126, 10.7199], [-12.126, 10.7043], [-12.11, 10.7043], [-12.11, 10.673], [-12.0781, 10.673], [-12.0781, 10.6573], [-12.11, 10.6573], [-12.11, 10.6416], [-12.126, 10.6416], [-12.126, 10.5947], [-12.1419, 10.5947], [-12.1419, 10.579], [-12.1897, 10.579], [-12.1897, 10.5633], [-12.2056, 10.5633], [-12.2056, 10.532], [-12.2534, 10.532], [-12.2534, 10.5163], [-12.2853, 10.5163], [-12.2853, 10.5007], [-12.3172, 10.5007], [-12.3172, 10.485], [-12.3012, 10.485], [-12.3012, 10.4693], [-12.2853, 10.4693], [-12.2694, 10.438], [-12.2216, 10.438], [-12.2216, 10.4223], [-12.1897, 10.4066], [-12.1897, 10.3596], [-12.1738, 10.3596], [-12.1738, 10.3439], [-12.126, 10.3439], [-12.126, 10.2655], [-12.11, 10.2655], [-12.11, 10.2499], [-12.0781, 10.2499], [-12.0781, 10.1871], [-12.0622, 10.1871], [-12.0622, 10.1714], [-12.0781, 10.1714], [-12.0781, 10.0302], [-12.0941, 10.0302], [-12.0941, 10.0145], [-12.0303, 9.9832], [-12.0303, 9.9361], [-12.0463, 9.9361], [-12.0622, 9.9047], [-12.11, 9.9047], [-12.11, 9.8733], [-12.126, 9.8733], [-12.126, 9.8262], [-12.0622, 9.8262], [-12.0303, 9.7634], [-11.9985, 9.7791], [-11.9985, 9.8262], [-11.9825, 9.8262], [-11.9825, 9.9047], [-11.9666, 9.9047], [-11.9666, 9.889], [-11.9347, 9.889], [-11.9347, 9.9204], [-11.8869, 9.9204], [-11.8869, 9.9047], [-11.871, 9.9047], [-11.855, 9.8733], [-11.8391, 9.8733], [-11.8391, 9.889], [-11.8072, 9.889], [-11.8072, 9.9047], [-11.8232, 9.9047], [-11.8232, 9.9204], [-11.8072, 9.9204], [-11.8232, 10.0145], [-11.855, 10.0145], [-11.871, 10.0773], [-11.9029, 10.0773], [-11.9029, 10.093], [-11.871, 10.093], [-11.871, 10.1087], [-11.8391, 10.1244], [-11.8391, 10.1714], [-11.8232, 10.1714], [-11.8232, 10.2185], [-11.8391, 10.2185], [-11.8391, 10.2342], [-11.8232, 10.2342], [-11.8232, 10.2499], [-11.7913, 10.2655], [-11.7913, 10.2812], [-11.8072, 10.2812], [-11.8072, 10.3283], [-11.7913, 10.3283], [-11.7913, 10.3439], [-11.7754, 10.3439], [-11.7594, 10.3753], [-11.6798, 10.3753], [-11.6798, 10.3596], [-11.6638, 10.3596], [-11.6479, 10.3283], [-11.5045, 10.3283], [-11.5045, 10.3126], [-11.4885, 10.3126], [-11.4726, 10.2812], [-11.4407, 10.2812], [-11.4248, 10.2499], [-11.3929, 10.2499], [-11.3929, 10.2342], [-11.377, 10.2342], [-11.361, 10.2028], [-11.3292, 10.2028], [-11.3292, 10.2342], [-11.361, 10.2342], [-11.361, 10.2655], [-11.2973, 10.2655], [-11.2973, 10.2812], [-11.2814, 10.2812], [-11.2654, 10.2499], [-11.2176, 10.2499], [-11.2176, 10.2342], [-11.1857, 10.2342], [-11.1857, 10.2185], [-11.1698, 10.2185], [-11.1698, 10.2342], [-11.0901, 10.2342], [-11.0901, 10.2028], [-11.0583, 10.2028], [-11.0583, 10.2185], [-10.9945, 10.2185], [-10.9945, 10.2342], [-10.9148, 10.2342], [-10.9148, 10.2499], [-10.883, 10.2499], [-10.883, 10.2812], [-10.8511, 10.2812], [-10.8511, 10.2969], [-10.8352, 10.2969], [-10.8352, 10.3283], [-10.8511, 10.3283], [-10.8511, 10.3439], [-10.8989, 10.3439], [-10.8989, 10.391], [-10.883, 10.391], [-10.883, 10.4066], [-10.8511, 10.4223], [-10.8511, 10.438], [-10.867, 10.438], [-10.867, 10.4536], [-10.8511, 10.4536], [-10.8511, 10.5477], [-10.8192, 10.5633], [-10.8192, 10.626], [-10.8352, 10.626], [-10.8352, 10.6416], [-10.8192, 10.6416], [-10.8192, 10.673], [-10.8033, 10.673], [-10.8033, 10.7669], [-10.7714, 10.7669], [-10.7714, 10.8139], [-10.7395, 10.8139], [-10.7395, 10.8452], [-10.7236, 10.8452], [-10.7236, 10.8608], [-10.7077, 10.8608], [-10.7077, 10.8452], [-10.6758, 10.8452], [-10.6758, 10.8608], [-10.6599, 10.8608], [-10.6599, 10.7982], [-10.6121, 10.7982], [-10.5961, 10.8295], [-10.5643, 10.8295], [-10.5643, 10.8452], [-10.5483, 10.8452], [-10.5483, 10.8765], [-10.5324, 10.8765], [-10.5324, 10.8921], [-10.5164, 10.8921], [-10.5164, 10.8765], [-10.4846, 10.8765], [-10.4846, 10.8608], [-10.5164, 10.8608], [-10.5005, 10.8295], [-10.4527, 10.8295], [-10.4527, 10.8452], [-10.4368, 10.8452], [-10.4368, 10.9234], [-10.4527, 10.9234], [-10.4527, 10.9391], [-10.4846, 10.9391], [-10.4846, 10.9547], [-10.4686, 10.9547], [-10.4686, 11.0173], [-10.4527, 11.0173], [-10.4527, 11.0642], [-10.4208, 11.0486], [-10.4208, 11.0173], [-10.389, 11.0173], [-10.389, 11.0329], [-10.373, 11.0329], [-10.3571, 11.0642], [-10.3252, 11.0642], [-10.3252, 11.0486], [-10.3093, 11.0486], [-10.3093, 11.0642], [-10.2774, 11.0642], [-10.2774, 11.0799], [-10.2615, 11.0799], [-10.2615, 11.0955], [-10.2933, 11.1111], [-10.2933, 11.1424], [-10.3093, 11.1424], [-10.3093, 11.158], [-10.373, 11.1424], [-10.373, 11.1111], [-10.4049, 11.1268], [-10.4049, 11.1424], [-10.389, 11.1424], [-10.373, 11.1737], [-10.3412, 11.1737], [-10.3412, 11.1893], [-10.3571, 11.1893], [-10.3571, 11.2049], [-10.3412, 11.2049], [-10.3412, 11.33], [-10.3571, 11.33], [-10.3571, 11.3768], [-10.3412, 11.3768], [-10.3412, 11.4081], [-10.3571, 11.4081], [-10.3571, 11.4237], [-10.3412, 11.4237], [-10.3412, 11.4393], [-10.3571, 11.4393], [-10.3571, 11.4549], [-10.389, 11.4549], [-10.389, 11.4706], [-10.4368, 11.4706], [-10.4368, 11.4862], [-10.4208, 11.4862], [-10.4208, 11.533], [-10.4527, 11.533], [-10.4527, 11.5486], [-10.5005, 11.5486], [-10.5324, 11.4862], [-10.6121, 11.4862], [-10.6121, 11.4706], [-10.628, 11.4706], [-10.628, 11.4549], [-10.6599, 11.4549], [-10.6599, 11.4393], [-10.6917, 11.4393], [-10.6917, 11.4549], [-10.7077, 11.4549], [-10.7077, 11.5018], [-10.6917, 11.5018], [-10.6917, 11.5174], [-10.7077, 11.5174], [-10.7077, 11.5486], [-10.7395, 11.5486], [-10.7395, 11.5799], [-10.6758, 11.5799], [-10.6758, 11.5955], [-10.6599, 11.5955], [-10.6599, 11.6111], [-10.6917, 11.6267], [-10.6917, 11.7047], [-10.6758, 11.7047], [-10.6758, 11.7203], [-10.7236, 11.7203], [-10.7236, 11.7047], [-10.7395, 11.7047], [-10.7395, 11.6579], [-10.7874, 11.6579], [-10.7874, 11.6891], [-10.8033, 11.6891], [-10.8033, 11.6423], [-10.7714, 11.6423], [-10.7714, 11.5955], [-10.8033, 11.5955], [-10.8192, 11.5642], [-10.8352, 11.5642], [-10.8352, 11.5799], [-10.8511, 11.5799], [-10.867, 11.6111], [-10.9148, 11.6111], [-10.9148, 11.6423], [-10.9786, 11.6423], [-10.9786, 11.6579], [-11.0742, 11.6423], [-11.0742, 11.6579], [-11.0583, 11.6579], [-11.0583, 11.6891], [-11.0742, 11.6891], [-11.0742, 11.7047], [-11.1061, 11.7047], [-11.1061, 11.7203], [-11.1857, 11.7203], [-11.1857, 11.7359], [-11.2017, 11.7359], [-11.2017, 11.7203], [-11.2176, 11.7203], [-11.2176, 11.6891], [-11.2495, 11.6735], [-11.2495, 11.7203], [-11.3132, 11.7047], [-11.3132, 11.7203], [-11.3292, 11.7203], [-11.3292, 11.7515], [-11.3451, 11.7515], [-11.3451, 11.7671], [-11.377, 11.7827], [-11.377, 11.8451], [-11.361, 11.8451], [-11.361, 11.8763], [-11.377, 11.8763], [-11.377, 11.9075], [-11.3929, 11.9075], [-11.3929, 11.9387], [-11.4088, 11.9387], [-11.4088, 11.9699], [-11.4248, 11.9699], [-11.4248, 11.9855], [-11.4567, 11.9855], [-11.4567, 11.9699], [-11.4885, 11.9699], [-11.5045, 11.9387], [-11.5363, 11.9387], [-11.5363, 11.9699], [-11.616, 11.9699], [-11.616, 11.9855], [-11.6479, 11.9855], [-11.6479, 12.001], [-11.7116, 12.0166], [-11.7116, 11.9387]], [[-12.126, 10.7513], [-12.0781, 10.7513], [-12.0781, 10.7199], [-12.126, 10.7199], [-12.126, 10.7513]], [[-12.0303, 9.9989], [-11.9507, 9.9989], [-11.9507, 9.9204], [-11.9825, 9.9204], [-11.9825, 9.9361], [-11.9985, 9.9361], [-11.9825, 9.9675], [-11.9985, 9.9675], [-11.9985, 9.9832], [-12.0303, 9.9832], [-12.0303, 9.9989]], [[-10.8989, 10.4066], [-10.8989, 10.4223], [-10.883, 10.4223], [-10.883, 10.4066], [-10.8989, 10.4066]], [[-10.7077, 11.6423], [-10.7077, 11.6267], [-10.7236, 11.6267], [-10.7236, 11.6423], [-10.7077, 11.6423]], [[-10.7236, 11.6111], [-10.7395, 11.6111], [-10.7395, 11.6267], [-10.7236, 11.6267], [-10.7236, 11.6111]], [[-11.1061, 11.6267], [-11.1061, 11.5955], [-11.1379, 11.5799], [-11.1379, 11.6111], [-11.122, 11.6111], [-11.122, 11.6267], [-11.1061, 11.6267]], [[-11.2495, 11.5486], [-11.2495, 11.533], [-11.2654, 11.533], [-11.2654, 11.5486], [-11.2495, 11.5486]], [[-10.8352, 11.5486], [-10.8352, 11.533], [-10.867, 11.533], [-10.867, 11.5486], [-10.8352, 11.5486]], [[-11.2654, 11.3925], [-11.2654, 11.3612], [-11.2973, 11.3612], [-11.2814, 11.3925], [-11.2654, 11.3925]], [[-11.2495, 11.3612], [-11.2495, 11.3456], [-11.2176, 11.3456], [-11.2017, 11.3768], [-11.1698, 11.3768], [-11.1698, 11.3612], [-11.1539, 11.3612], [-11.1539, 11.33], [-11.1857, 11.33], [-11.2017, 11.2987], [-11.2495, 11.2987], [-11.2495, 11.3143], [-11.2654, 11.3143], [-11.2654, 11.3612], [-11.2495, 11.3612]], [[-11.1379, 11.3143], [-11.1379, 11.2987], [-11.1539, 11.2987], [-11.1539, 11.3143], [-11.1379, 11.3143]], [[-10.8511, 11.3143], [-10.8511, 11.2987], [-10.867, 11.2987], [-10.867, 11.3143], [-10.8511, 11.3143]], [[-10.7714, 11.2987], [-10.7714, 11.2831], [-10.7874, 11.2831], [-10.7874, 11.2987], [-10.7714, 11.2987]], [[-12.0941, 10.8139], [-12.0941, 10.7826], [-12.11, 10.7826], [-12.11, 10.7669], [-12.1419, 10.7669], [-12.1419, 10.7826], [-12.126, 10.7826], [-12.11, 10.8139], [-12.0941, 10.8139]], [[-11.6319, 10.8139], [-11.6319, 10.7982], [-11.6479, 10.7982], [-11.6479, 10.8139], [-11.6319, 10.8139]], [[-12.0622, 10.6416], [-12.0463, 10.6103], [-12.0941, 10.6103], [-12.0941, 10.6416], [-12.0622, 10.6416]], [[-11.616, 10.391], [-11.616, 10.3753], [-11.6319, 10.3753], [-11.6319, 10.391], [-11.616, 10.391]], [[-10.9148, 10.3439], [-10.9148, 10.3126], [-10.9467, 10.2969], [-10.9467, 10.2655], [-10.9786, 10.2655], [-10.9786, 10.3126], [-10.9467, 10.3126], [-10.9308, 10.3439], [-10.9148, 10.3439]]], [[[-10.8033, 10.579], [-10.7714, 10.5633], [-10.7714, 10.5477], [-10.8033, 10.5477], [-10.8033, 10.5163], [-10.7555, 10.5163], [-10.7555, 10.4693], [-10.6917, 10.4693], [-10.6917, 10.4536], [-10.6439, 10.4536], [-10.6439, 10.485], [-10.6121, 10.5007], [-10.628, 10.5947], [-10.6917, 10.5947], [-10.7077, 10.5633], [-10.7236, 10.5633], [-10.7395, 10.5947], [-10.8033, 10.5947], [-10.8033, 10.579]], [[-10.7077, 10.5477], [-10.7077, 10.532], [-10.7236, 10.532], [-10.7236, 10.5477], [-10.7077, 10.5477]]]]}, "properties": {"geo_id": "GEO_LAC_MOPAMA", "nom": "Mopámà", "type": "LAC", "altitude_m": 800, "statut": "[PROPOSITION] placement"}}, {"type": "Feature", "geometry": {"type": "LineString", "coordinates": [[-16.0, 19.8], [-15.72, 19.8604], [-15.44, 19.9216], [-15.16, 19.9832], [-14.88, 20.0448], [-14.6, 20.1063], [-14.32, 20.1672], [-14.04, 20.2274], [-13.76, 20.2864], [-13.48, 20.3441], [-13.2, 20.4], [-12.9204, 20.4549], [-12.6416, 20.5096], [-12.3631, 20.5636], [-12.0848, 20.6168], [-11.8062, 20.6687], [-11.5272, 20.7192], [-11.2473, 20.7678], [-10.9664, 20.8144], [-10.684, 20.8585], [-10.4, 20.9], [-10.1145, 20.939], [-9.828, 20.976], [-9.5405, 21.011], [-9.252, 21.044], [-8.9625, 21.075], [-8.672, 21.104], [-8.3805, 21.131], [-8.088, 21.156], [-7.7945, 21.179], [-7.5, 21.2], [-7.204, 21.2181], [-6.9064, 21.2328], [-6.6074, 21.2447], [-6.3072, 21.2544], [-6.0062, 21.2625], [-5.7048, 21.2696], [-5.4032, 21.2763], [-5.1016, 21.2832], [-4.8005, 21.2909], [-4.5, 21.3]]}, "properties": {"geo_id": "GEO_ORO_URUMATI_HALEKH", "nom": "||Urumati-halekh", "type": "ORO", "role": "ligne de crête", "statut": "[PROPOSITION] placement"}}, {"type": "Feature", "geometry": {"type": "LineString", "coordinates": [[-5.2, 22.0], [-5.1291, 21.92], [-5.0568, 21.84], [-4.9837, 21.76], [-4.9104, 21.68], [-4.8375, 21.6], [-4.7656, 21.52], [-4.6953, 21.44], [-4.6272, 21.36], [-4.5619, 21.28], [-4.5, 21.2], [-4.4419, 21.12], [-4.3872, 21.04], [-4.3353, 20.96], [-4.2856, 20.88], [-4.2375, 20.8], [-4.1904, 20.72], [-4.1437, 20.64], [-4.0968, 20.56], [-4.0491, 20.48], [-4.0, 20.4]]}, "properties": {"geo_id": "GEO_ORO_OKHETI", "nom": "!Okheti", "type": "ORO", "role": "ligne de crête", "statut": "[PROPOSITION] placement"}}, {"type": "Feature", "geometry": {"type": "LineString", "coordinates": [[-4.5, 21.3], [-4.2, 21.2696], [-3.9, 21.2384], [-3.6, 21.2068], [-3.3, 21.1752], [-3.0, 21.1438], [-2.7, 21.1128], [-2.4, 21.0826], [-2.1, 21.0536], [-1.8, 21.026], [-1.5, 21.0], [-1.1978, 20.976], [-0.892, 20.9536], [-0.5842, 20.9327], [-0.276, 20.9128], [0.0312, 20.8937], [0.336, 20.8752], [0.6368, 20.8568], [0.932, 20.8384], [1.2203, 20.8195], [1.5, 20.8], [1.7658, 20.7796], [2.016, 20.7584], [2.2553, 20.7368], [2.488, 20.7152], [2.7188, 20.6938], [2.952, 20.6728], [3.1922, 20.6526], [3.444, 20.6336], [3.7118, 20.616], [4.0, 20.6], [4.3095, 20.586], [4.636, 20.5736], [4.9765, 20.5626], [5.328, 20.5528], [5.6875, 20.5438], [6.052, 20.5352], [6.4185, 20.5268], [6.784, 20.5184], [7.1455, 20.5095], [7.5, 20.5], [7.85, 20.49], [8.2, 20.48], [8.55, 20.47], [8.9, 20.46], [9.25, 20.45], [9.6, 20.44], [9.95, 20.43], [10.3, 20.42], [10.65, 20.41], [11.0, 20.4], [11.3509, 20.3904], [11.7032, 20.3816], [12.0563, 20.3732], [12.4096, 20.3648], [12.7625, 20.3562], [13.1144, 20.3472], [13.4647, 20.3373], [13.8128, 20.3264], [14.1581, 20.314], [14.5, 20.3], [14.8408, 20.2894], [15.1824, 20.2856], [15.5236, 20.2852], [15.8632, 20.2848], [16.2, 20.2812], [16.5328, 20.2712], [16.8604, 20.2514], [17.1816, 20.2184], [17.4952, 20.1691], [17.8, 20.1], [18.0974, 20.0118], [18.3896, 19.908], [18.6762, 19.7902], [18.9568, 19.66], [19.2313, 19.5188], [19.4992, 19.368], [19.7604, 19.2092], [20.0144, 19.044], [20.261, 18.8738], [20.5, 18.7], [20.7315, 18.5179], [20.956, 18.3232], [21.1735, 18.1183], [21.384, 17.9056], [21.5875, 17.6875], [21.784, 17.4664], [21.9735, 17.2447], [22.156, 17.0248], [22.3315, 16.8091], [22.5, 16.6], [22.661, 16.3928], [22.8144, 16.1824], [22.9603, 15.9706], [23.0992, 15.7592], [23.2313, 15.55], [23.3568, 15.3448], [23.4762, 15.1454], [23.5896, 14.9536], [23.6974, 14.7712], [23.8, 14.6], [23.8943, 14.4416], [23.9784, 14.2952], [24.0541, 14.1586], [24.1232, 14.0296], [24.1875, 13.9062], [24.2488, 13.7864], [24.3089, 13.668], [24.3696, 13.5488], [24.4327, 13.4268], [24.5, 13.3]]}, "properties": {"geo_id": "GEO_ORO_URUMATI_KARA", "nom": "||Urumati-k'ara", "type": "ORO", "role": "ligne de crête", "statut": "[PROPOSITION] placement"}}, {"type": "Feature", "geometry": {"type": "LineString", "coordinates": [[24.5, 13.3], [24.7, 13.1675], [24.9, 13.0312], [25.1, 12.8927], [25.3, 12.7536], [25.5, 12.6156], [25.7, 12.4804], [25.9, 12.3496], [26.1, 12.2248], [26.3, 12.1077], [26.5, 12.0], [26.7, 11.9014], [26.9, 11.81], [27.1, 11.7251], [27.3, 11.646], [27.5, 11.5719], [27.7, 11.502], [27.9, 11.4356], [28.1, 11.372], [28.3, 11.3104], [28.5, 11.25], [28.7, 11.1938], [28.9, 11.144], [29.1, 11.0992], [29.3, 11.058], [29.5, 11.0187], [29.7, 10.98], [29.9, 10.9402], [30.1, 10.898], [30.3, 10.8518], [30.5, 10.8], [30.7009, 10.7444], [30.9032, 10.6876], [31.1063, 10.6292], [31.3096, 10.5688], [31.5125, 10.5063], [31.7144, 10.4412], [31.9147, 10.3734], [32.1128, 10.3024], [32.3081, 10.2281], [32.5, 10.15], [32.6904, 10.0649], [32.8808, 9.9712], [33.0704, 9.8713], [33.2584, 9.7676], [33.4438, 9.6625], [33.6256, 9.5584], [33.803, 9.4577], [33.9752, 9.3628], [34.1411, 9.2761], [34.3, 9.2], [34.4516, 9.1329], [34.5968, 9.0716], [34.7362, 9.0156], [34.8704, 8.9648], [35.0, 8.9188], [35.1256, 8.8772], [35.2478, 8.8398], [35.3672, 8.8064], [35.4844, 8.7765], [35.6, 8.75], [35.7122, 8.7288], [35.8192, 8.7144], [35.922, 8.7056], [36.0216, 8.7012], [36.1188, 8.7], [36.2144, 8.7008], [36.3095, 8.7024], [36.4048, 8.7036], [36.5014, 8.7032], [36.6, 8.7]]}, "properties": {"geo_id": "GEO_ORO_URUMATI_KARA", "nom": "||Urumati-k'ara", "type": "ORO", "role": "ligne de crête", "statut": "[PROPOSITION] placement"}}, {"type": "Feature", "geometry": {"type": "LineString", "coordinates": [[-4.6, 20.8], [-4.7096, 20.66], [-4.8184, 20.52], [-4.9268, 20.38], [-5.0352, 20.24], [-5.1438, 20.1], [-5.2528, 19.96], [-5.3626, 19.82], [-5.4736, 19.68], [-5.586, 19.54], [-5.7, 19.4], [-5.8164, 19.2604], [-5.9352, 19.1216], [-6.0558, 18.9831], [-6.1776, 18.8448], [-6.3, 18.7062], [-6.4224, 18.5672], [-6.5442, 18.4273], [-6.6648, 18.2864], [-6.7836, 18.144], [-6.9, 18.0], [-7.0145, 17.8536], [-7.128, 17.7048], [-7.2405, 17.5542], [-7.352, 17.4024], [-7.4625, 17.25], [-7.572, 17.0976], [-7.6805, 16.9458], [-7.788, 16.7952], [-7.8945, 16.6464], [-8.0, 16.5], [-8.1045, 16.3551], [-8.208, 16.2104], [-8.3105, 16.0664], [-8.412, 15.9232], [-8.5125, 15.7812], [-8.612, 15.6408], [-8.7105, 15.5022], [-8.808, 15.3656], [-8.9045, 15.2314], [-9.0, 15.1], [-9.0945, 14.9714], [-9.188, 14.8456], [-9.2805, 14.7222], [-9.372, 14.6008], [-9.4625, 14.4812], [-9.552, 14.3632], [-9.6405, 14.2464], [-9.728, 14.1304], [-9.8145, 14.015], [-9.9, 13.9], [-9.984, 13.786], [-10.0664, 13.6736], [-10.1474, 13.5626], [-10.2272, 13.4528], [-10.3062, 13.3438], [-10.3848, 13.2352], [-10.4632, 13.1268], [-10.5416, 13.0184], [-10.6204, 12.9096], [-10.7, 12.8]]}, "properties": {"geo_id": "GEO_ORO_URUMATI_LONGO", "nom": "||Urumati-lóngò", "type": "ORO", "role": "ligne de crête", "statut": "[PROPOSITION] placement"}}, {"type": "Feature", "geometry": {"type": "LineString", "coordinates": [[38.8, 15.4], [38.7482, 15.18], [38.6936, 14.96], [38.6374, 14.74], [38.5808, 14.52], [38.525, 14.3], [38.4712, 14.08], [38.4206, 13.86], [38.3744, 13.64], [38.3338, 13.42], [38.3, 13.2], [38.2716, 12.9791], [38.2464, 12.7568], [38.2249, 12.5337], [38.2072, 12.3104], [38.1938, 12.0875], [38.1848, 11.8656], [38.1806, 11.6453], [38.1816, 11.4272], [38.188, 11.2119], [38.2, 11.0], [38.2184, 10.7906], [38.2432, 10.5824], [38.2738, 10.3758], [38.3096, 10.1712], [38.35, 9.9687], [38.3944, 9.7688], [38.4422, 9.5716], [38.4928, 9.3776], [38.5456, 9.187], [38.6, 9.0], [38.6556, 8.807], [38.7128, 8.6024], [38.7722, 8.3924], [38.8344, 8.1832], [38.9, 7.9812], [38.9696, 7.7928], [39.0438, 7.6242], [39.1232, 7.4816], [39.2084, 7.3714], [39.3, 7.3], [39.3984, 7.2714], [39.5032, 7.2816], [39.6138, 7.3242], [39.7296, 7.3928], [39.85, 7.4812], [39.9744, 7.5832], [40.1022, 7.6924], [40.2328, 7.8024], [40.3656, 7.907], [40.5, 8.0], [40.6356, 8.0892], [40.7728, 8.1856], [40.9122, 8.2874], [41.0544, 8.3928], [41.2, 8.5], [41.3496, 8.6072], [41.5038, 8.7126], [41.6632, 8.8144], [41.8284, 8.9108], [42.0, 9.0], [42.1775, 9.083], [42.36, 9.1624], [42.5475, 9.2384], [42.74, 9.3112], [42.9375, 9.3812], [43.14, 9.4488], [43.3475, 9.5142], [43.56, 9.5776], [43.7775, 9.6394], [44.0, 9.7], [44.232, 9.7586], [44.476, 9.8144], [44.729, 9.8678], [44.988, 9.9192], [45.25, 9.9688], [45.512, 10.0168], [45.771, 10.0636], [46.024, 10.1096], [46.268, 10.1549], [46.5, 10.2], [46.7202, 10.244], [46.932, 10.2864], [47.1367, 10.3273], [47.336, 10.3672], [47.5312, 10.4062], [47.724, 10.4448], [47.9158, 10.4831], [48.108, 10.5216], [48.3022, 10.5604], [48.5, 10.6]]}, "properties": {"geo_id": "GEO_ORO_URUMATI_QOYRA", "nom": "||Urumati-qoyra", "type": "ORO", "role": "ligne de crête", "statut": "[PROPOSITION] placement"}}, {"type": "Feature", "geometry": {"type": "LineString", "coordinates": [[6.2, 36.2], [6.424, 36.152], [6.6544, 36.1072], [6.8884, 36.0642], [7.1232, 36.0216], [7.3563, 35.9781], [7.5848, 35.9324], [7.8062, 35.8831], [8.0176, 35.8288], [8.2164, 35.7682], [8.4, 35.7], [8.5683, 35.6255], [8.724, 35.5468], [8.8688, 35.4638], [9.004, 35.3764], [9.1312, 35.2844], [9.252, 35.1876], [9.3677, 35.0859], [9.48, 34.9792], [9.5902, 34.8673], [9.7, 34.75], [9.8057, 34.6239], [9.904, 34.4872], [9.9962, 34.3423], [10.084, 34.1916], [10.1688, 34.0375], [10.252, 33.8824], [10.3352, 33.7287], [10.42, 33.5788], [10.5078, 33.4351], [10.6, 33.3], [10.6942, 33.1686], [10.7872, 33.0356], [10.88, 32.903], [10.9736, 32.7728], [11.0688, 32.6469], [11.1664, 32.5272], [11.2674, 32.4157], [11.3728, 32.3144], [11.4834, 32.2252], [11.6, 32.15], [11.7229, 32.0924], [11.8512, 32.0524], [11.9843, 32.0265], [12.1216, 32.0112], [12.2625, 32.0031], [12.4064, 31.9988], [12.5527, 31.9948], [12.7008, 31.9876], [12.8501, 31.9738], [13.0, 31.95], [13.1528, 31.9199], [13.3104, 31.8892], [13.4716, 31.8573], [13.6352, 31.8236], [13.8, 31.7875], [13.9648, 31.7484], [14.1284, 31.7057], [14.2896, 31.6588], [14.4472, 31.6071], [14.6, 31.55], [14.7476, 31.4848], [14.8912, 31.4108], [15.0315, 31.33], [15.1696, 31.2444], [15.3062, 31.1562], [15.4424, 31.0676], [15.579, 30.9806], [15.7168, 30.8972], [15.8568, 30.8196], [16.0, 30.75], [16.146, 30.6867], [16.2936, 30.6268], [16.4426, 30.5701], [16.5928, 30.5164], [16.7438, 30.4656], [16.8952, 30.4176], [17.0468, 30.3722], [17.1984, 30.3292], [17.3495, 30.2885], [17.5, 30.25], [17.6513, 30.2083], [17.8048, 30.1608], [17.9594, 30.111], [18.1144, 30.0624], [18.2688, 30.0188], [18.4216, 29.9836], [18.572, 29.9606], [18.7192, 29.9532], [18.8622, 29.9652], [19.0, 30.0], [19.1312, 30.0615], [19.256, 30.148], [19.3758, 30.255], [19.492, 30.378], [19.6062, 30.5125], [19.72, 30.654], [19.8348, 30.798], [19.952, 30.94], [20.0733, 31.0755], [20.2, 31.2], [20.3319, 31.3218], [20.4672, 31.45], [20.6053, 31.5818], [20.7456, 31.714], [20.8875, 31.8438], [21.0304, 31.968], [21.1737, 32.0838], [21.3168, 32.188], [21.4591, 32.2778], [21.6, 32.35], [21.7391, 32.4057], [21.8768, 32.4484], [22.0137, 32.4792], [22.1504, 32.4992], [22.2875, 32.5094], [22.4256, 32.5108], [22.5653, 32.5045], [22.7072, 32.4916], [22.8519, 32.4731], [23.0, 32.45], [23.1519, 32.4188], [23.3072, 32.3764], [23.4653, 32.3246], [23.6256, 32.2652], [23.7875, 32.2], [23.9504, 32.1308], [24.1137, 32.0594], [24.2768, 31.9876], [24.4391, 31.9172], [24.6, 31.85], [24.7591, 31.7827], [24.9168, 31.7116], [25.0737, 31.6379], [25.2304, 31.5628], [25.3875, 31.4875], [25.5456, 31.4132], [25.7053, 31.3411], [25.8672, 31.2724], [26.0319, 31.2083], [26.2, 31.15], [26.3732, 31.0967], [26.552, 31.0468], [26.7348, 31.0001], [26.92, 30.9564], [27.1062, 30.9156], [27.292, 30.8776], [27.4758, 30.8422], [27.656, 30.8092], [27.8312, 30.7785], [28.0, 30.75], [28.1622, 30.7249], [28.3192, 30.704], [28.472, 30.6866], [28.6216, 30.672], [28.7688, 30.6594], [28.9144, 30.648], [29.0594, 30.6371], [29.2048, 30.626], [29.3514, 30.6139], [29.5, 30.6]]}, "properties": {"geo_id": "GEO_ORO_COTIERE_N", "nom": null, "type": "ORO", "role": "ligne de crête", "statut": "[PROPOSITION] placement"}}, {"type": "Feature", "geometry": {"type": "LineString", "coordinates": [[-13.3, 12.3], [-13.2696, 12.2005], [-13.2384, 12.1016], [-13.2068, 12.0032], [-13.1752, 11.9048], [-13.1438, 11.8063], [-13.1128, 11.7072], [-13.0827, 11.6074], [-13.0536, 11.5064], [-13.026, 11.4041], [-13.0, 11.3], [-12.9773, 11.1927], [-12.9584, 11.0816], [-12.9421, 10.9679], [-12.9272, 10.8528], [-12.9125, 10.7375], [-12.8968, 10.6232], [-12.8789, 10.5111], [-12.8576, 10.4024], [-12.8317, 10.2983], [-12.8, 10.2], [-12.7622, 10.1078], [-12.7192, 10.0208], [-12.672, 9.9379], [-12.6216, 9.8584], [-12.5688, 9.7812], [-12.5144, 9.7056], [-12.4595, 9.6305], [-12.4048, 9.5552], [-12.3514, 9.4786], [-12.3, 9.4]]}, "properties": {"geo_id": "GEO_ORO_MUWULE", "nom": "Mù-wúlè", "type": "ORO", "role": "ligne de crête", "statut": "[PROPOSITION] placement"}}, {"type": "Feature", "geometry": {"type": "LineString", "coordinates": [[-10.8, 9.5], [-10.7005, 9.4409], [-10.6016, 9.3832], [-10.5032, 9.3263], [-10.4048, 9.2696], [-10.3063, 9.2125], [-10.2072, 9.1544], [-10.1074, 9.0947], [-10.0064, 9.0328], [-9.9041, 8.9681], [-9.8, 8.9], [-9.694, 8.8281], [-9.5864, 8.7528], [-9.4774, 8.6747], [-9.3672, 8.5944], [-9.2562, 8.5125], [-9.1448, 8.4296], [-9.0332, 8.3463], [-8.9216, 8.2632], [-8.8105, 8.1809], [-8.7, 8.1]]}, "properties": {"geo_id": "GEO_ORO_MUDARHOBI", "nom": "Mù-dárhòbì", "type": "ORO", "role": "ligne de crête", "statut": "[PROPOSITION] placement"}}, {"type": "Feature", "geometry": {"type": "LineString", "coordinates": [[13.3, 11.6], [13.3532, 11.5109], [13.4112, 11.4232], [13.472, 11.3363], [13.5336, 11.2496], [13.5938, 11.1625], [13.6504, 11.0744], [13.7014, 10.9847], [13.7448, 10.8928], [13.7784, 10.7981], [13.8, 10.7], [13.8084, 10.5981], [13.8048, 10.4928], [13.7914, 10.3847], [13.7704, 10.2744], [13.7438, 10.1625], [13.7136, 10.0496], [13.6821, 9.9363], [13.6512, 9.8232], [13.6232, 9.7109], [13.6, 9.6]]}, "properties": {"geo_id": "GEO_ORO_KUKIBO", "nom": "Kù-kɨ́bò", "type": "ORO", "role": "ligne de crête", "statut": "[PROPOSITION] placement"}}, {"type": "Feature", "geometry": {"type": "LineString", "coordinates": [[37.3867, 11.634], [37.3904, 11.6212], [37.3879, 11.586], [37.3888, 11.5702], [37.3956, 11.5498], [37.4044, 11.5469], [37.4163, 11.5479], [37.4459, 11.5333], [37.4732, 11.5342], [37.5015, 11.5179], [37.6017, 11.4952], [37.6147, 11.4882], [37.655, 11.4367], [37.6626, 11.4076], [37.6811, 11.3786], [37.7436, 11.3128], [37.7649, 11.2965], [37.78, 11.2801], [37.7858, 11.2759], [37.7959, 11.2729], [37.8169, 11.2692], [37.8269, 11.2654], [37.8403, 11.2567], [37.8713, 11.2241], [37.8777, 11.2208], [37.8858, 11.2199], [37.9024, 11.2208], [37.9116, 11.2188], [37.9231, 11.2098], [37.9301, 11.2071], [37.9475, 11.2066], [37.9617, 11.208], [37.9754, 11.2072], [37.9915, 11.2003], [38.0232, 11.1798], [38.0383, 11.1746], [38.0679, 11.172], [38.0864, 11.1663], [38.0942, 11.1627], [38.1047, 11.1596], [38.1134, 11.1612], [38.1221, 11.1644], [38.1319, 11.1661], [38.1498, 11.1641], [38.1799, 11.1546], [38.1969, 11.1518], [38.2008, 11.153], [38.2136, 11.1627], [38.2187, 11.1653], [38.2222, 11.1636], [38.2257, 11.1605], [38.231, 11.1592], [38.2583, 11.1592], [38.2799, 11.1555], [38.2954, 11.1505], [38.3272, 11.1319], [38.3648, 11.0982], [38.3756, 11.0904], [38.3909, 11.0894], [38.4136, 11.091], [38.4343, 11.0898], [38.4433, 11.0804], [38.4478, 11.0671], [38.4585, 11.0511], [38.4819, 11.0258], [38.4889, 11.0135], [38.4917, 10.9962], [38.4917, 10.9637], [38.496, 10.9488], [38.5147, 10.9221], [38.5191, 10.9058], [38.5162, 10.8864], [38.5054, 10.8507], [38.5054, 10.8309], [38.5108, 10.8155], [38.5244, 10.7915], [38.5259, 10.7757], [38.5237, 10.7698], [38.5151, 10.7549], [38.5122, 10.7477], [38.5113, 10.7415], [38.5132, 10.6921], [38.5112, 10.6806], [38.5054, 10.6658], [38.4754, 10.624], [38.4713, 10.6075], [38.468, 10.5462], [38.4706, 10.514], [38.4889, 10.4771], [38.4793, 10.449], [38.4819, 10.4324], [38.4864, 10.4169], [38.4893, 10.3862], [38.498, 10.371], [38.488, 10.3632], [38.4829, 10.3538], [38.4563, 10.2459], [38.4501, 10.2344], [38.441, 10.227], [38.4321, 10.2235], [38.4264, 10.2178], [38.4274, 10.2036], [38.4337, 10.183], [38.4351, 10.1726], [38.433, 10.1615], [38.4187, 10.1421], [38.3965, 10.1312], [38.371, 10.1269], [38.3471, 10.1276], [38.3215, 10.1341], [38.3115, 10.1343], [38.3018, 10.1323], [38.2745, 10.1224], [38.2462, 10.1165], [38.2378, 10.1112], [38.2345, 10.107], [38.2271, 10.0882], [38.2254, 10.0852], [38.2002, 10.0606], [38.1923, 10.0554], [38.1829, 10.0511], [38.1231, 10.0356], [37.9812, 9.9696], [37.9348, 9.937], [37.9253, 9.9333], [37.9072, 9.9321], [37.8976, 9.9304], [37.8904, 9.9265], [37.8848, 9.9207], [37.8755, 9.9075], [37.867, 9.8986], [37.796, 9.8594], [37.7866, 9.857], [37.7787, 9.858], [37.771, 9.8603], [37.7621, 9.8618], [37.7471, 9.8585], [37.7188, 9.8437], [37.7029, 9.8428], [37.6093, 9.9119], [37.5942, 9.9294], [37.5893, 9.9417], [37.5654, 9.9683], [37.5454, 9.9962], [37.5313, 10.0067], [37.436, 10.0484], [37.4023, 10.0585], [37.3677, 10.0626], [37.3528, 10.0572], [37.3479, 10.0445], [37.3443, 10.0299], [37.3335, 10.0184], [37.323, 10.0172], [37.3147, 10.0218], [37.308, 10.0301], [37.3032, 10.0393], [37.2996, 10.0507], [37.2991, 10.0725], [37.2975, 10.0845], [37.2892, 10.0946], [37.2739, 10.1019], [37.2568, 10.1061], [37.2436, 10.1066], [37.2315, 10.1039], [37.2257, 10.1035], [37.2195, 10.1048], [37.21, 10.1102], [37.186, 10.1345], [37.1729, 10.1683], [37.1846, 10.1988], [37.1996, 10.2271], [37.1963, 10.2543], [37.1811, 10.2615], [37.1138, 10.2617], [37.0942, 10.2685], [37.0754, 10.2794], [37.0462, 10.3028], [36.9021, 10.33], [36.8613, 10.3446], [36.8409, 10.3489], [36.7944, 10.3518], [36.7838, 10.3544], [36.7744, 10.3593], [36.7681, 10.3655], [36.7627, 10.3721], [36.7568, 10.3767], [36.7481, 10.3771], [36.7237, 10.3702], [36.7144, 10.3697], [36.6004, 10.38], [36.5543, 10.3793], [36.5344, 10.3867], [36.5209, 10.406], [36.5195, 10.4234], [36.5224, 10.4414], [36.5221, 10.4583], [36.5117, 10.4728], [36.5004, 10.4772], [36.4894, 10.4754], [36.44, 10.4521], [36.4327, 10.4464], [36.4297, 10.4378], [36.4309, 10.4028], [36.427, 10.389], [36.4182, 10.3817], [36.3933, 10.3738], [36.3811, 10.3654], [36.3735, 10.3534], [36.3615, 10.3266], [36.3452, 10.3039], [36.3414, 10.2952], [36.3399, 10.2866], [36.34, 10.2794], [36.3428, 10.256], [36.3423, 10.2481], [36.3408, 10.2402], [36.3384, 10.2328], [36.3333, 10.2245], [36.3198, 10.2145], [36.3136, 10.2076], [36.3049, 10.1892], [36.2885, 10.1658], [36.2828, 10.161], [36.2654, 10.1502], [36.2463, 10.1417], [36.2266, 10.1372], [36.2063, 10.1375], [36.1546, 10.151], [36.1386, 10.152], [36.1266, 10.1489], [36.104, 10.1386], [36.0913, 10.1365], [36.0796, 10.139], [36.0562, 10.1494], [36.0449, 10.1504], [36.0391, 10.1476], [36.0292, 10.138], [36.023, 10.1345], [36.0151, 10.1326], [36.0108, 10.1322], [36.0068, 10.1326], [36.0033, 10.134], [35.9985, 10.1381], [35.9957, 10.1396], [35.9888, 10.1397], [35.9794, 10.1376], [35.9701, 10.1345], [35.9636, 10.1312], [35.9585, 10.1267], [35.9472, 10.1094], [35.9429, 10.1047], [35.9287, 10.0935], [35.9247, 10.087], [35.9231, 10.0804], [35.9221, 10.0661], [35.9112, 10.0449], [35.8897, 10.0311], [35.8642, 10.0236], [35.84, 10.0216], [35.819, 10.0262], [35.7959, 10.0447], [35.7475, 10.0548], [35.7368, 10.0545], [35.7276, 10.0489], [35.7237, 10.0396], [35.7239, 10.0284], [35.7265, 10.0181], [35.7361, 9.9956], [35.7368, 9.9844], [35.729, 9.9757], [35.7202, 9.9726], [35.6912, 9.9675], [35.677, 9.963], [35.6704, 9.9632], [35.664, 9.9671], [35.6594, 9.9729], [35.6504, 9.9936], [35.6406, 10.0066], [35.628, 10.0165], [35.6138, 10.0238], [35.59, 10.0327], [35.5699, 10.0501], [35.506, 10.0899], [35.4959, 10.107], [35.4773, 10.1166], [35.4417, 10.1308], [35.433, 10.1236], [35.4155, 10.1155], [35.4081, 10.1103], [35.398, 10.1166], [35.3767, 10.1254], [35.3672, 10.1308], [35.3613, 10.1356], [35.357, 10.1401], [35.3508, 10.1491], [35.3411, 10.1637], [35.3362, 10.169], [35.3242, 10.1844], [35.3164, 10.2039], [35.3123, 10.2258], [35.3119, 10.2481], [35.3144, 10.2608], [35.3287, 10.2971], [35.3296, 10.3085], [35.3269, 10.3175], [35.3184, 10.336], [35.3126, 10.3569], [35.3087, 10.366], [35.2947, 10.3845], [35.2898, 10.3939], [35.2866, 10.4043], [35.2854, 10.4161], [35.2905, 10.4548], [35.2879, 10.4676], [35.2739, 10.4985], [35.2644, 10.5119], [35.2515, 10.5235], [35.2436, 10.5276], [35.2183, 10.5327], [35.2097, 10.5364], [35.2022, 10.5416], [35.1831, 10.5605], [35.1773, 10.5638], [35.1546, 10.5694], [35.1475, 10.5728], [35.1425, 10.5785], [35.1406, 10.587], [35.1396, 10.598], [35.1348, 10.617], [35.1338, 10.628], [35.1355, 10.6366], [35.144, 10.6487], [35.1475, 10.6584], [35.148, 10.6685], [35.1461, 10.6895], [35.1475, 10.6993], [35.1531, 10.7108], [35.1656, 10.7257], [35.17, 10.7485], [35.1793, 10.7689], [35.1816, 10.7788], [35.1802, 10.7898], [35.1751, 10.811], [35.1747, 10.8235], [35.194, 10.8759], [35.1988, 10.885], [35.2008, 10.8933], [35.1983, 10.9427], [35.1934, 10.9562], [35.1768, 10.9766], [35.1699, 10.9878], [35.166, 11.0034], [35.1672, 11.0332], [35.1657, 11.0491], [35.1847, 11.0642], [35.1939, 11.0853], [35.193, 11.1083], [35.1821, 11.1293], [35.1629, 11.1434], [35.1171, 11.1624], [35.0992, 11.1752], [35.0839, 11.2003], [35.0771, 11.2199], [35.065, 11.2335], [35.0346, 11.2407], [34.9668, 11.2405], [34.9329, 11.2445], [34.9042, 11.2586], [34.8967, 11.2608], [34.8906, 11.2568], [34.8853, 11.251], [34.8796, 11.2481], [34.8644, 11.2492], [34.8406, 11.2543], [34.8259, 11.2555], [34.8117, 11.26], [34.7992, 11.2709], [34.7776, 11.2965], [34.7446, 11.3072], [34.7207, 11.329], [34.7071, 11.3526], [34.6832, 11.3883], [34.6529, 11.4121], [34.6139, 11.4357], [34.5786, 11.463], [34.5507, 11.4931], [34.5134, 11.5228], [34.4597, 11.5524], [34.419, 11.5908], [34.3904, 11.6454], [34.3803, 11.6906], [34.3865, 11.7344], [34.3839, 11.77], [34.3796, 11.7831], [34.3623, 11.9527], [34.3526, 11.9837], [34.3168, 12.0616], [34.3131, 12.0745], [34.3113, 12.1046], [34.3054, 12.1366], [34.3058, 12.1543], [34.3489, 12.2247], [34.3381, 12.243], [34.3396, 12.2606], [34.3523, 12.2964], [34.3543, 12.3504], [34.3523, 12.3653], [34.3435, 12.3819], [34.3305, 12.393], [34.2975, 12.41], [34.2841, 12.4205], [34.2708, 12.4442], [34.2605, 12.4578], [34.2437, 12.4673], [34.206, 12.4698], [34.1878, 12.4745], [34.1659, 12.4934], [34.1542, 12.506], [34.1475, 12.5155], [34.144, 12.5375], [34.1513, 12.5521], [34.1782, 12.5742], [34.186, 12.5907], [34.1806, 12.606], [34.1428, 12.6433], [34.1375, 12.6535], [34.1401, 12.7043], [34.1333, 12.7563], [34.1355, 12.7687], [34.141, 12.7712], [34.1426, 12.7748], [34.1333, 12.7905], [34.1266, 12.7962], [34.1104, 12.8015], [34.0649, 12.8365], [34.0545, 12.8519], [34.0449, 12.8754], [34.0439, 12.8824], [34.0395, 12.8929], [34.0297, 12.8902], [34.0204, 12.8826], [34.0172, 12.8786], [34.0044, 12.8711], [33.9951, 12.8636], [33.9916, 12.8653], [33.9961, 12.8861], [34.0149, 12.9121], [34.0213, 12.9282], [34.0134, 12.9447], [33.9865, 12.9616], [33.9785, 12.9717], [33.9756, 12.9922], [33.9788, 12.9997], [33.9853, 13.0058], [33.9893, 13.012], [33.9858, 13.0198], [33.9778, 13.0254], [33.9622, 13.0312], [33.9551, 13.0369], [33.9429, 13.0707], [33.9763, 13.1231], [33.9722, 13.1601], [33.9609, 13.1644], [33.9278, 13.1605], [33.9209, 13.1703], [33.9274, 13.1877], [33.9533, 13.2105], [33.9551, 13.2286], [33.9507, 13.2369], [33.9453, 13.239], [33.9395, 13.2394], [33.934, 13.2429], [33.919, 13.2645], [33.9136, 13.2696], [33.9059, 13.272], [33.8848, 13.2748], [33.8794, 13.2764], [33.8745, 13.2875], [33.8738, 13.3116], [33.8696, 13.3212], [33.8582, 13.323], [33.8362, 13.3031], [33.8213, 13.3075], [33.804, 13.3228], [33.791, 13.3309], [33.7769, 13.3332], [33.7559, 13.3311], [33.7273, 13.3207], [33.7153, 13.3225], [33.7019, 13.3385], [33.7004, 13.3461], [33.7031, 13.3643], [33.7019, 13.372], [33.6956, 13.3805], [33.6712, 13.4031], [33.6619, 13.4185], [33.6641, 13.4295], [33.6708, 13.4402], [33.6746, 13.4546], [33.6731, 13.4725], [33.6689, 13.4908], [33.6625, 13.5081], [33.6541, 13.5229], [33.6476, 13.5291], [33.6316, 13.5393], [33.6261, 13.5446], [33.6251, 13.5519], [33.6279, 13.5718], [33.6261, 13.5782], [33.5878, 13.5856], [33.5701, 13.594], [33.575, 13.6092], [33.5834, 13.6212], [33.5933, 13.6497], [33.6021, 13.6638], [33.6099, 13.669], [33.6155, 13.6699], [33.6187, 13.6728], [33.6199, 13.6842], [33.6192, 13.6939], [33.6168, 13.7047], [33.6123, 13.7148], [33.6056, 13.7221], [33.5919, 13.725], [33.5763, 13.7232], [33.5615, 13.7242], [33.5504, 13.7358], [33.551, 13.7513], [33.5665, 13.7568], [33.6056, 13.7556], [33.6227, 13.7611], [33.6249, 13.773], [33.6158, 13.785], [33.5987, 13.7904], [33.5791, 13.7923], [33.5605, 13.7992], [33.5474, 13.812], [33.5442, 13.832], [33.5515, 13.8491], [33.5641, 13.8509], [33.5806, 13.8484], [33.5987, 13.8518], [33.6099, 13.8625], [33.6162, 13.878], [33.6192, 13.8958], [33.6199, 13.9136], [33.6145, 13.9309], [33.5906, 13.9478], [33.5852, 13.9623], [33.5935, 13.9686], [33.6122, 13.9706], [33.6311, 13.9771], [33.6404, 13.9964], [33.6124, 14.0374], [33.6194, 14.0434], [33.6347, 14.048], [33.6404, 14.0511], [33.6524, 14.061], [33.6558, 14.0664], [33.6602, 14.0784], [33.6612, 14.0865], [33.6594, 14.1043], [33.6602, 14.1125], [33.6646, 14.1198], [33.6773, 14.1337], [33.6808, 14.1404], [33.6812, 14.1582], [33.6749, 14.1653], [33.6631, 14.1702], [33.6466, 14.1814], [33.6442, 14.1868], [33.6425, 14.2032], [33.6404, 14.2087], [33.631, 14.2115], [33.6196, 14.2097], [33.6098, 14.2108], [33.6056, 14.2224], [33.6089, 14.2359], [33.6231, 14.2599], [33.6261, 14.2767], [33.621, 14.2907], [33.5489, 14.3503], [33.5442, 14.3592], [33.5501, 14.4169], [33.5442, 14.4346], [33.5147, 14.4205], [33.5042, 14.4346], [33.5017, 14.461], [33.4963, 14.4831], [33.4841, 14.4918], [33.4705, 14.4943], [33.4594, 14.4998], [33.4548, 14.5172], [33.4527, 14.5347], [33.4472, 14.5447], [33.4274, 14.565], [33.3723, 14.6606], [33.3538, 14.7274], [33.3384, 14.7505], [33.3176, 14.7295], [33.3067, 14.743], [33.3058, 14.7576], [33.3075, 14.7736], [33.304, 14.791], [33.2988, 14.7962], [33.2837, 14.7999], [33.2773, 14.804], [33.2743, 14.8107], [33.2703, 14.8285], [33.2561, 14.8504], [33.2491, 14.8786], [33.2218, 14.902], [33.2158, 14.9169], [33.2146, 14.9827], [33.2166, 14.9905], [33.2197, 14.9986], [33.2219, 15.0074], [33.2214, 15.0174], [33.2149, 15.0306], [33.1929, 15.0528], [33.1841, 15.0653], [33.1795, 15.0839], [33.1795, 15.1011], [33.1774, 15.1175], [33.1671, 15.1339], [33.1257, 15.1617], [33.1128, 15.1745], [33.0917, 15.2193], [33.085, 15.2298], [33.0693, 15.2389], [33.0532, 15.2435], [33.0386, 15.2496], [33.0269, 15.2636], [33.0029, 15.2858], [32.9675, 15.2929], [32.9286, 15.2957], [32.8931, 15.3049], [32.8378, 15.3396], [32.7883, 15.3572], [32.773, 15.37], [32.7544, 15.3978], [32.7422, 15.4098], [32.7249, 15.4147], [32.7109, 15.4225], [32.7056, 15.4405], [32.704, 15.461], [32.7007, 15.4761], [32.6768, 15.5037], [32.6201, 15.5458], [32.5982, 15.573], [32.5845, 15.6066], [32.5751, 15.6185], [32.5574, 15.627], [32.5479, 15.6265], [32.5387, 15.6228], [32.5284, 15.6202], [32.5162, 15.6233], [32.5082, 15.627], [32.4889, 15.6326]]}, "properties": {"geo_id": "GEO_FLV_TANAHIL", "nom": "Tira-ñara / Tanāḥil", "type": "FLV", "statut": "[PROPOSITION] tracé"}}, {"type": "Feature", "geometry": {"type": "LineString", "coordinates": [[37.113, 11.855], [37.1118, 11.8721], [37.1304, 11.8973], [37.1629, 11.9068], [37.2131, 11.9147], [37.2581, 11.9269], [37.2981, 11.9016], [37.3457, 11.8583], [37.3657, 11.8101], [37.3811, 11.751], [37.3853, 11.7034], [37.3775, 11.6651], [37.3765, 11.6512], [37.3867, 11.634]]}, "properties": {"geo_id": "GEO_FLV_TANAHIL", "nom": "Tira-ñara / Tanāḥil", "type": "FLV", "statut": "[PROPOSITION] tracé"}}, {"type": "Feature", "geometry": {"type": "LineString", "coordinates": [[37.179, 11.0358], [37.1624, 11.0432], [37.1347, 11.0761], [37.1104, 11.0836], [37.0989, 11.0927], [37.088, 11.1136], [37.0733, 11.1518], [37.0624, 11.1717], [37.0457, 11.1904], [37.024, 11.2001], [36.9977, 11.1928], [36.9946, 11.2137], [36.9697, 11.2439], [36.9635, 11.2654], [36.9666, 11.2758], [36.9722, 11.2869], [36.9762, 11.2974], [36.9708, 11.315], [36.9732, 11.3255], [36.9784, 11.3356], [36.984, 11.3436], [37.0113, 11.3626], [37.0182, 11.3715], [37.0183, 11.3827], [37.0136, 11.3937], [37.0102, 11.4049], [37.0147, 11.4163], [37.0171, 11.4324], [36.9985, 11.476], [36.9977, 11.4945], [37.0022, 11.5015], [37.0127, 11.5098], [37.0182, 11.5156], [37.0216, 11.5254], [37.0216, 11.5342], [37.0244, 11.5405], [37.0357, 11.5428], [37.0435, 11.5507], [37.068, 11.5872], [37.0733, 11.5981], [37.0678, 11.6121], [37.0588, 11.6251], [37.0615, 11.6347], [37.0899, 11.6385], [37.0997, 11.6414], [37.1098, 11.6483], [37.1174, 11.6564], [37.1206, 11.663], [37.1222, 11.678], [37.1266, 11.6839], [37.1331, 11.687], [37.1411, 11.6937], [37.1487, 11.7076], [37.1544, 11.7158], [37.1622, 11.7216], [37.1712, 11.7215], [37.1881, 11.7126], [37.1963, 11.7142], [37.2022, 11.7215], [37.1997, 11.7262], [37.1938, 11.7301], [37.1895, 11.7347], [37.1752, 11.7694], [37.1624, 11.7789], [37.1524, 11.7801], [37.142, 11.7827], [37.1275, 11.7961], [37.1155, 11.8091], [37.1148, 11.8234], [37.113, 11.855]]}, "properties": {"geo_id": "GEO_FLV_TANAHIL", "nom": "Tira-ñara / Tanāḥil", "type": "FLV", "statut": "[PROPOSITION] tracé"}}, {"type": "Feature", "geometry": {"type": "LineString", "coordinates": [[35.5834, 16.0], [35.5693, 16.0231], [35.5156, 16.0786], [35.5059, 16.0952], [35.4644, 16.2084], [35.4507, 16.2305], [35.4264, 16.2465], [35.3997, 16.2581], [35.3803, 16.2703], [35.3644, 16.2874], [35.2753, 16.4167], [35.2649, 16.4506], [35.2671, 16.4715], [35.2715, 16.4907], [35.273, 16.51], [35.2662, 16.5312], [35.2468, 16.5588], [35.1991, 16.6116], [35.1619, 16.6731], [35.1438, 16.6953], [35.0977, 16.7385], [35.0701, 16.7725], [35.0053, 16.8828], [34.9719, 16.9166], [34.9599, 16.9343], [34.9544, 16.9597], [34.9576, 17.0057], [34.9546, 17.0267], [34.9407, 17.0483], [34.921, 17.0628], [34.8999, 17.0693], [34.8552, 17.076], [34.8351, 17.0828], [34.7781, 17.1133], [34.7329, 17.1462], [34.6547, 17.2277], [34.6069, 17.2539], [34.5874, 17.2569], [34.5466, 17.2576], [34.5268, 17.2608]]}, "properties": {"geo_id": "GEO_FLV_BUHLELA", "nom": "Buhlela", "type": "FLV", "statut": "[PROPOSITION] tracé"}}, {"type": "Feature", "geometry": {"type": "LineString", "coordinates": [[34.2472, 17.4088], [34.2159, 17.4361], [34.2014, 17.4678], [34.2073, 17.5174], [34.2037, 17.5333], [34.187, 17.5634], [34.1684, 17.5855], [34.1459, 17.6006], [34.0833, 17.624], [34.0161, 17.6622], [33.9848, 17.666]]}, "properties": {"geo_id": "GEO_FLV_BUHLELA", "nom": "Buhlela", "type": "FLV", "statut": "[PROPOSITION] tracé"}}, {"type": "Feature", "geometry": {"type": "LineString", "coordinates": [[39.2664, 11.9749], [39.136, 11.9401], [39.0767, 11.9165], [39.0432, 11.9107], [38.9337, 11.9202], [38.9291, 11.918], [38.915, 11.9082], [38.906, 11.906], [38.893, 11.9069], [38.8818, 11.9097], [38.8715, 11.9142], [38.8609, 11.9202], [38.8331, 11.9449], [38.8269, 11.9544], [38.8259, 11.965], [38.8272, 11.9786], [38.8257, 11.9903], [38.808, 12.0008], [38.7983, 12.0241], [38.7896, 12.0295], [38.7688, 12.0295], [38.7622, 12.0316], [38.7598, 12.0363], [38.7592, 12.0432], [38.7467, 12.0417], [38.7276, 12.0324], [38.7177, 12.0295], [38.7083, 12.0301], [38.6853, 12.0351], [38.6466, 12.038], [38.6275, 12.0429], [38.5879, 12.0636], [38.5606, 12.0732], [38.5532, 12.0773], [38.5347, 12.1009], [38.5296, 12.1046], [38.5029, 12.1057], [38.4854, 12.1108], [38.4734, 12.1233], [38.4638, 12.1462], [38.4551, 12.1766], [38.4501, 12.1871], [38.4426, 12.1968], [38.436, 12.2025], [38.4314, 12.2098], [38.4296, 12.2247], [38.4331, 12.2456], [38.4581, 12.3101], [38.4615, 12.3303], [38.4614, 12.3554], [38.4551, 12.3767], [38.4402, 12.3858], [38.4302, 12.3939], [38.4231, 12.4132], [38.416, 12.4547], [38.4161, 12.4761], [38.4282, 12.559], [38.4504, 12.5975], [38.4581, 12.6192], [38.4578, 12.6412], [38.4463, 12.6843], [38.4433, 12.7045], [38.4488, 12.728], [38.4633, 12.7416], [38.5054, 12.7563], [38.5232, 12.766], [38.5576, 12.7919], [38.5708, 12.7973], [38.6143, 12.7995], [38.6337, 12.8037], [38.6493, 12.8109], [38.665, 12.8263], [38.6633, 12.8381], [38.6547, 12.8524], [38.646, 12.9008], [38.6365, 12.9095], [38.6215, 12.9123], [38.6016, 12.9195], [38.5842, 12.9356], [38.5817, 12.9523], [38.5903, 12.9691], [38.6172, 13.0015], [38.6562, 13.0862], [38.6867, 13.1349], [38.7161, 13.2521], [38.7251, 13.2726], [38.7306, 13.2925], [38.7251, 13.3106], [38.7275, 13.3238], [38.7251, 13.3749], [38.7214, 13.3863], [38.705, 13.3937], [38.6982, 13.4117], [38.6909, 13.4546], [38.6773, 13.4845], [38.672, 13.5024], [38.6699, 13.5266], [38.6675, 13.5361], [38.6616, 13.5438], [38.6538, 13.5489], [38.6456, 13.5508], [38.6407, 13.556], [38.6358, 13.5917], [38.5951, 13.6447], [38.5879, 13.6569], [38.5772, 13.6622], [38.5122, 13.6805], [38.4955, 13.688], [38.4878, 13.6927], [38.4146, 13.7512], [38.3831, 13.7845], [38.3756, 13.7904], [38.3655, 13.7955], [38.3466, 13.8026], [38.3283, 13.8045], [38.3203, 13.7941], [38.3181, 13.7884], [38.3123, 13.7803], [38.3045, 13.773], [38.2843, 13.7667], [38.2744, 13.7596], [38.2667, 13.7526], [38.2615, 13.7494], [38.2516, 13.7462], [38.2365, 13.7321], [38.2276, 13.7289], [38.1931, 13.7289], [38.1713, 13.7321], [38.1334, 13.7462], [38.0918, 13.7515], [38.0541, 13.7609], [38.0088, 13.7654], [38.0, 13.7731], [37.9954, 13.7878], [37.9846, 13.8109], [37.9692, 13.8265], [37.9164, 13.8518], [37.892, 13.8812], [37.8775, 13.8891], [37.8679, 13.8729], [37.8587, 13.8802], [37.8489, 13.8843], [37.8384, 13.8863], [37.8263, 13.8872], [37.8264, 13.885], [37.8223, 13.8802], [37.8167, 13.8753], [37.8128, 13.8729], [37.8067, 13.8734], [37.7957, 13.8785], [37.7891, 13.8797], [37.7813, 13.8775], [37.773, 13.8733], [37.7639, 13.8716], [37.7546, 13.8763], [37.7341, 13.8968], [37.7258, 13.9031], [37.7208, 13.9029], [37.7164, 13.9006], [37.7104, 13.9002], [37.6742, 13.9112], [37.6606, 13.9215], [37.655, 13.9378], [37.6514, 13.954], [37.6426, 13.9664], [37.6215, 13.989], [37.6159, 13.9985], [37.6079, 14.0231], [37.6074, 14.0279], [37.6087, 14.0389], [37.6079, 14.0436], [37.6047, 14.047], [37.5959, 14.0526], [37.5942, 14.0542], [37.5806, 14.0818], [37.5789, 14.0967], [37.5735, 14.1013], [37.565, 14.1019], [37.5532, 14.1057], [37.5352, 14.1171], [37.5249, 14.129], [37.5203, 14.1456], [37.5191, 14.1712], [37.516, 14.1807], [37.5082, 14.1883], [37.4981, 14.1933], [37.4878, 14.1951], [37.475, 14.1998], [37.469, 14.211], [37.4639, 14.236], [37.4565, 14.2548], [37.4522, 14.2608], [37.4117, 14.2938], [37.3972, 14.3019], [37.3945, 14.3126], [37.3949, 14.3353], [37.3936, 14.3502], [37.3897, 14.3583], [37.3745, 14.3732], [37.3365, 14.4266], [37.3176, 14.4373], [37.2932, 14.4576], [37.2796, 14.4556], [37.2578, 14.4483], [37.1838, 14.4497], [37.1491, 14.4421], [37.1206, 14.421], [37.1054, 14.3994], [37.0973, 14.3797], [37.0938, 14.3593], [37.0933, 14.3353], [37.0903, 14.3144], [37.0829, 14.2979], [37.0722, 14.2855], [37.0598, 14.277], [37.052, 14.2755], [37.0337, 14.2777], [37.0256, 14.277], [37.011, 14.2652], [37.0051, 14.2634], [36.9949, 14.2643], [36.9863, 14.267], [36.9783, 14.2713], [36.9703, 14.277], [36.9522, 14.3011], [36.9465, 14.305], [36.9133, 14.3092], [36.8482, 14.3279], [36.8159, 14.3322], [36.7476, 14.3322], [36.7379, 14.3299], [36.7216, 14.3202], [36.7131, 14.3179], [36.6681, 14.3179], [36.648, 14.3148], [36.6171, 14.3006], [36.6033, 14.2975], [36.582, 14.2969], [36.5652, 14.2931], [36.5527, 14.2829], [36.5452, 14.2634], [36.526, 14.2637], [36.5143, 14.2563], [36.5044, 14.2456], [36.4907, 14.236], [36.474, 14.2335], [36.4309, 14.2389], [36.4148, 14.2429], [36.3984, 14.2493], [36.3888, 14.2568], [36.3803, 14.2658], [36.3671, 14.277], [36.3615, 14.2799], [36.3467, 14.2838], [36.3211, 14.2958], [36.3193, 14.2975], [36.288, 14.2976], [36.2603, 14.2876], [36.2026, 14.2565], [36.1685, 14.2429], [36.148, 14.2224], [36.0379, 14.221], [36.0172, 14.2237], [36.0003, 14.2326], [35.9763, 14.2517], [35.9623, 14.26], [35.9346, 14.2684], [35.9214, 14.2808], [35.912, 14.2966], [35.9084, 14.3115], [35.9031, 14.326], [35.8901, 14.3362], [35.86, 14.349], [35.8543, 14.36], [35.8821, 14.3902], [35.8844, 14.4077], [35.8818, 14.4222], [35.8855, 14.4388], [35.8984, 14.4691], [35.8976, 14.4852], [35.8875, 14.4991], [35.881, 14.5142], [35.9049, 14.5551], [35.9053, 14.5754], [35.8954, 14.6197], [35.8914, 14.6598], [35.9009, 14.6828], [35.922, 14.725], [35.9263, 14.7463], [35.9277, 14.7633], [35.9324, 14.7827], [35.9355, 14.8036], [35.9241, 14.8218], [35.9028, 14.84], [35.8961, 14.8612], [35.8951, 14.8823], [35.9015, 14.9356], [35.9205, 14.9644], [35.9841, 14.9693], [35.9965, 15.0032], [35.9922, 15.0186], [35.974, 15.0524], [35.9658, 15.0825], [35.9565, 15.0997], [35.9356, 15.1273], [35.922, 15.1373], [35.9063, 15.1461], [35.8932, 15.1564], [35.8818, 15.1841], [35.8681, 15.193], [35.853, 15.2004], [35.8435, 15.2087], [35.8259, 15.2565], [35.8189, 15.2707], [35.808, 15.2842], [35.783, 15.3055], [35.7711, 15.3192], [35.7625, 15.3475], [35.7637, 15.406], [35.747, 15.4321], [35.7283, 15.4492], [35.7234, 15.4557], [35.7188, 15.4597], [35.7141, 15.461], [35.7105, 15.4631], [35.7091, 15.4697], [35.7159, 15.4904], [35.7073, 15.5015], [35.6751, 15.5314], [35.6218, 15.6197], [35.6167, 15.6375], [35.6261, 15.6662], [35.6231, 15.7037], [35.5951, 15.83], [35.5894, 15.843], [35.5796, 15.8585], [35.587, 15.8653], [35.5999, 15.8714], [35.6066, 15.8843], [35.6052, 15.8944], [35.5997, 15.9114], [35.5992, 15.9212], [35.6021, 15.929], [35.6122, 15.9482], [35.6135, 15.9559], [35.6066, 15.9681], [35.5959, 15.9768], [35.5872, 15.9869], [35.5857, 16.0037]]}, "properties": {"geo_id": "GEO_FLV_BUHLELA", "nom": "Buhlela", "type": "FLV", "statut": "[PROPOSITION] tracé"}}, {"type": "Feature", "geometry": {"type": "LineString", "coordinates": [[33.693, 18.489], [33.6851, 18.5009], [33.6838, 18.5218], [33.7014, 18.5943], [33.7, 18.6534], [33.6951, 18.6735], [33.6882, 18.691], [33.6721, 18.7155], [33.6675, 18.72], [33.6602, 18.7242], [33.65, 18.7255], [33.6366, 18.7254], [33.6249, 18.7273], [33.6199, 18.7347], [33.615, 18.7381], [33.5817, 18.7386], [33.5702, 18.7415], [33.5632, 18.7492], [33.5596, 18.76], [33.5579, 18.772], [33.5587, 18.7784], [33.5639, 18.7963], [33.5647, 18.8074], [33.5623, 18.8174], [33.5504, 18.8447], [33.5532, 18.9067], [33.5579, 18.9234], [33.5746, 18.9534], [33.5783, 18.9644], [33.5798, 18.9766], [33.5772, 19.1414], [33.5616, 19.179], [33.5339, 19.207], [33.4783, 19.2345], [33.4428, 19.2607], [33.4248, 19.2691], [33.4216, 19.2767], [33.4207, 19.2965], [33.4184, 19.3094], [33.4129, 19.3188], [33.4002, 19.3343], [33.3915, 19.3559], [33.3796, 19.4232], [33.3506, 19.4437], [33.3185, 19.4617], [33.2843, 19.4762], [33.085, 19.5268], [33.0577, 19.5292], [33.0356, 19.5253], [33.0166, 19.5161], [32.9993, 19.5023], [32.9933, 19.4947], [32.9858, 19.4772], [32.9788, 19.4678], [32.9697, 19.4612], [32.962, 19.4609], [32.9535, 19.463], [32.9409, 19.4641], [32.8987, 19.4555], [32.8696, 19.4361], [32.8248, 19.3759], [32.8213, 19.3685], [32.8201, 19.3631], [32.8179, 19.3589], [32.8106, 19.3548], [32.8101, 19.3511], [32.8071, 19.3461], [32.7969, 19.3343], [32.7739, 19.3416], [32.7578, 19.326], [32.745, 19.3043], [32.7208, 19.2854], [32.7124, 19.2664], [32.7007, 19.2252], [32.6831, 19.1889], [32.6567, 19.1651], [32.62, 19.1525], [32.5715, 19.15], [32.5254, 19.1544], [32.5087, 19.1475], [32.502, 19.1252], [32.5, 19.1014], [32.4944, 19.0886], [32.4754, 19.0668], [32.4656, 19.0401], [32.4617, 19.0327], [32.4519, 19.0241], [32.4282, 19.0108], [32.4168, 19.002], [32.3834, 18.9625], [32.358, 18.9234], [32.3554, 18.9136], [32.3551, 18.9044], [32.353, 18.8963], [32.3443, 18.8894], [32.3341, 18.888], [32.3204, 18.8898], [32.3086, 18.8939], [32.3035, 18.8992], [32.2945, 18.913], [32.2735, 18.9137], [32.192, 18.8917], [32.1594, 18.8723], [32.0906, 18.8204], [32.0537, 18.7987], [32.0367, 18.7848], [32.0297, 18.7689], [32.0341, 18.7481], [32.0444, 18.7344], [32.0558, 18.7234], [32.0639, 18.7106], [32.0667, 18.6613], [32.0465, 18.6192], [32.0112, 18.5885], [31.9683, 18.5734], [31.9553, 18.5723], [31.9424, 18.5728], [31.9303, 18.5754], [31.9199, 18.5809], [31.888, 18.5716], [31.8789, 18.5672], [31.8731, 18.5602], [31.8624, 18.5389], [31.8198, 18.4867], [31.8037, 18.4562], [31.7861, 18.4104], [31.7782, 18.3662], [31.7664, 18.3506], [31.728, 18.3276], [31.7037, 18.3037], [31.6917, 18.288], [31.6865, 18.2761], [31.6797, 18.2515], [31.6633, 18.2325], [31.625, 18.1966], [31.5855, 18.1353], [31.563, 18.1082], [31.5288, 18.0806], [31.4917, 18.0595], [31.4507, 18.0442], [31.4078, 18.0366], [31.365, 18.039], [31.3422, 18.0428], [31.3252, 18.0426], [31.3091, 18.0374], [31.2073, 17.9844], [31.1719, 17.9993], [31.1539, 18.0034], [31.1353, 18.0048], [31.1147, 18.0087], [31.0957, 18.0179], [31.0634, 18.039], [31.044, 18.0467], [31.0265, 18.0485], [30.9841, 18.0465], [30.9615, 18.0538], [30.9459, 18.0713], [30.926, 18.1079], [30.8931, 18.1304], [30.8075, 18.1444], [30.7691, 18.1693], [30.7577, 18.1868], [30.7378, 18.2351], [30.7344, 18.255], [30.7291, 18.2695], [30.7061, 18.3061], [30.7002, 18.3276], [30.7019, 18.3485], [30.712, 18.3836], [30.7144, 18.4055], [30.7131, 18.4293], [30.7094, 18.4497], [30.7027, 18.4676], [30.6934, 18.484], [30.6824, 18.4971], [30.624, 18.5467], [30.5869, 18.5935], [30.5767, 18.6156], [30.5592, 18.7092], [30.5357, 18.7521], [30.5154, 18.8233], [30.5048, 18.8341], [30.4916, 18.8418], [30.4854, 18.8605], [30.4805, 18.9029], [30.4669, 18.9554], [30.4668, 18.9713], [30.485, 19.0295], [30.4879, 19.0498], [30.4879, 19.2047], [30.491, 19.2221], [30.4865, 19.2365], [30.4793, 19.2504], [30.4736, 19.2661], [30.4731, 19.2799], [30.478, 19.3238], [30.49, 19.3523], [30.4888, 19.3706], [30.4833, 19.3889], [30.4771, 19.4029], [30.4719, 19.4201], [30.4668, 19.4783], [30.4556, 19.5067], [30.4395, 19.5323], [30.4037, 19.57], [30.3985, 19.5842], [30.3985, 19.6634], [30.3953, 19.6817], [30.3712, 19.7248], [30.3682, 19.7452], [30.3689, 19.76], [30.3657, 19.7727], [30.3507, 19.7869], [30.3342, 19.794], [30.3189, 19.7982], [30.3074, 19.8068], [30.303, 19.8275], [30.312, 19.8672], [30.336, 19.8817], [30.3687, 19.8865], [30.4048, 19.8968], [30.4429, 19.9237], [30.46, 19.9309], [30.4802, 19.9345], [30.5392, 19.9309], [30.5654, 19.943], [30.5872, 19.9724], [30.601, 20.0083], [30.604, 20.0401], [30.5996, 20.054], [30.5767, 20.0948], [30.5663, 20.1324], [30.5624, 20.1701], [30.5637, 20.1874], [30.5675, 20.2054], [30.5875, 20.2584], [30.5868, 20.2722], [30.5698, 20.3008], [30.5474, 20.3309], [30.5232, 20.3473], [30.4932, 20.3541], [30.4531, 20.3554], [30.4182, 20.3489], [30.4019, 20.3499], [30.3883, 20.3619], [30.3582, 20.4237], [30.3306, 20.5231], [30.3129, 20.5509], [30.2988, 20.5821], [30.3062, 20.6157], [30.3247, 20.6468], [30.3523, 20.6821], [30.3624, 20.699], [30.3701, 20.7171], [30.3712, 20.7322], [30.3617, 20.7458], [30.3481, 20.7569], [30.3383, 20.7696], [30.3404, 20.7874], [30.3489, 20.8016], [30.3603, 20.8142], [30.3744, 20.821], [30.4097, 20.8146], [30.4736, 20.8284], [30.5093, 20.8311], [30.5426, 20.8383], [30.567, 20.8579], [30.5767, 20.897], [30.5776, 20.9749], [30.5807, 20.9797], [30.5938, 20.9891], [30.5979, 20.997], [30.5999, 21.018], [30.604, 21.0276], [30.6275, 21.0422], [30.6992, 21.0736], [30.7144, 21.0925], [30.7052, 21.1262], [30.6882, 21.1498], [30.679, 21.173], [30.6934, 21.2051], [30.7163, 21.2264], [30.7695, 21.2579], [30.793, 21.2771], [30.8091, 21.2857], [30.8458, 21.2848], [30.8613, 21.2908], [30.8755, 21.3011], [30.9059, 21.3174], [30.9199, 21.3287], [30.9597, 21.3702], [30.9726, 21.3809], [30.9874, 21.3963], [30.9936, 21.4132], [30.9619, 21.4537], [30.98, 21.4814], [31.0354, 21.5205], [31.0543, 21.5384], [31.0696, 21.5604], [31.0906, 21.6092], [31.0979, 21.6177], [31.1096, 21.6346], [31.1313, 21.6475], [31.1594, 21.6557], [31.1764, 21.6728], [31.1842, 21.6955], [31.1915, 21.7223], [31.194, 21.7501], [31.2009, 21.7667], [31.2227, 21.7973], [31.2473, 21.8209], [31.2954, 21.8499], [31.317, 21.8804], [31.3434, 21.9231], [31.353, 21.9574], [31.3633, 22.0211], [31.3754, 22.0753], [31.3946, 22.1136], [31.4189, 22.1498], [31.4413, 22.1686], [31.4871, 22.2032], [31.5308, 22.241], [31.6023, 22.3126], [31.7241, 22.4018], [31.7573, 22.4285], [31.7849, 22.4403], [31.8276, 22.4543], [31.8608, 22.4738], [31.8779, 22.5002], [31.8831, 22.5396], [31.8963, 22.5729], [31.9142, 22.6017], [31.9341, 22.6271], [31.9941, 22.6819], [32.0322, 22.7047], [32.0745, 22.7259], [32.1028, 22.7357], [32.1353, 22.7455], [32.1847, 22.7507], [32.2166, 22.7381], [32.253, 22.7097], [32.2734, 22.6827], [32.2754, 22.6538], [32.2915, 22.6341], [32.3113, 22.6265], [32.3404, 22.6197], [32.3735, 22.6203], [32.3942, 22.6265], [32.4032, 22.6439], [32.4212, 22.6723], [32.438, 22.6961], [32.4542, 22.7086], [32.479, 22.722], [32.5029, 22.7374], [32.5298, 22.7519], [32.5559, 22.7604], [32.5708, 22.7718], [32.5776, 22.7944], [32.5833, 22.8226], [32.585, 22.856], [32.582, 22.8885], [32.5923, 22.9103], [32.608, 22.9219], [32.6221, 22.9313], [32.634, 22.9368], [32.6477, 22.9491], [32.6676, 22.9716], [32.6834, 22.9946], [32.7052, 23.0555], [32.7223, 23.0796], [32.7529, 23.1097], [32.7817, 23.164], [32.8009, 23.1966], [32.8414, 23.205], [32.8665, 23.2256], [32.8811, 23.2509], [32.9296, 23.2894], [32.9428, 23.3067], [32.9457, 23.3353], [32.9387, 23.3625], [32.9121, 23.3962], [32.8987, 23.4258], [32.901, 23.4545], [32.8941, 23.4918], [32.8823, 23.5104], [32.8657, 23.5265], [32.8564, 23.5389], [32.8608, 23.5572], [32.8662, 23.5997], [32.873, 23.6317], [32.8897, 23.6618], [32.9185, 23.7487], [32.9185, 23.7852], [32.901, 23.8095], [32.8884, 23.8392], [32.8712, 23.8679], [32.8633, 23.8938], [32.8723, 23.9307], [32.8762, 23.9548], [32.8779, 23.9768], [32.8794, 23.9877], [32.8801, 24.0082], [32.8727, 24.0733], [32.8755, 24.0902], [32.8862, 24.1262], [32.8857, 24.1447], [32.8727, 24.1863], [32.8705, 24.199], [32.8727, 24.231], [32.8774, 24.2452], [32.8995, 24.2835], [32.9067, 24.303], [32.9087, 24.3237], [32.9072, 24.4105], [32.9102, 24.4195], [32.917, 24.429], [32.9242, 24.442], [32.9185, 24.448], [32.8993, 24.4532], [32.8779, 24.4899], [32.8832, 24.5299], [32.9204, 24.6109], [32.9301, 24.649], [32.934, 24.6886], [32.9273, 24.7691], [32.9142, 24.8093], [32.8775, 24.8729], [32.8652, 24.9051], [32.8648, 24.9276], [32.8814, 24.9569], [32.8857, 24.9776], [32.8821, 25.015], [32.8727, 25.0503], [32.8572, 25.0826], [32.8362, 25.1049], [32.7412, 25.1542], [32.6865, 25.1953], [32.6162, 25.2316], [32.5834, 25.2534], [32.5596, 25.2831], [32.5505, 25.324], [32.5574, 25.4022], [32.5537, 25.4241], [32.5445, 25.4409], [32.5232, 25.4674], [32.4978, 25.5087], [32.4828, 25.5498], [32.4879, 25.586], [32.5232, 25.612], [32.5715, 25.6244], [32.5955, 25.6364], [32.666, 25.7581], [32.6821, 25.7754], [32.7041, 25.7827], [32.7271, 25.7839], [32.7488, 25.7893], [32.7644, 25.8017], [32.7695, 25.8237], [32.7625, 25.8392], [32.7348, 25.8657], [32.7285, 25.882], [32.7316, 25.9063], [32.7398, 25.9208], [32.7628, 25.9471], [32.7805, 25.9827], [32.7858, 26.0066], [32.7798, 26.026], [32.7705, 26.045], [32.7681, 26.0909], [32.7628, 26.1116], [32.7507, 26.1251], [32.7316, 26.1385], [32.7117, 26.149], [32.6782, 26.1598], [32.6646, 26.1723], [32.6491, 26.1805], [32.6255, 26.1737], [32.6172, 26.1654], [32.613, 26.1555], [32.6103, 26.1461], [32.6057, 26.1396], [32.5964, 26.1373], [32.5698, 26.1339], [32.5641, 26.1287], [32.5523, 26.1211], [32.4522, 26.1171], [32.4341, 26.1116], [32.4169, 26.1002], [32.3959, 26.0806], [32.3746, 26.0683], [32.359, 26.0739], [32.3438, 26.0838], [32.324, 26.0843], [32.3072, 26.0706], [32.3007, 26.0524], [32.2911, 26.0365], [32.2659, 26.0297], [32.2481, 26.0357], [32.2418, 26.0506], [32.2398, 26.0705], [32.235, 26.0912], [32.2271, 26.1024], [32.2127, 26.1159], [32.1967, 26.1273], [32.1837, 26.1321], [32.1657, 26.1426], [32.1321, 26.2079], [32.1171, 26.2183], [32.1013, 26.2221], [32.0605, 26.2215], [32.0571, 26.2095], [32.053, 26.1859], [32.0415, 26.1699], [32.0161, 26.1805], [32.0092, 26.1977], [32.0181, 26.2405], [32.0127, 26.2587], [31.9639, 26.3062], [31.8927, 26.3507], [31.8858, 26.3618], [31.8775, 26.381], [31.8584, 26.3948], [31.8378, 26.4049], [31.8242, 26.4134], [31.8111, 26.4512], [31.8084, 26.5413], [31.7901, 26.5642], [31.7758, 26.5667], [31.7683, 26.5646], [31.7485, 26.5505], [31.7354, 26.5449], [31.7252, 26.543], [31.7039, 26.5436], [31.6983, 26.556], [31.7144, 26.6256], [31.7026, 26.6412], [31.6826, 26.6412], [31.6607, 26.6377], [31.6425, 26.6426], [31.6357, 26.6498], [31.6325, 26.6564], [31.6318, 26.6646], [31.6318, 26.6771], [31.6283, 26.6907], [31.6194, 26.6999], [31.5971, 26.715], [31.5452, 26.7688], [31.5234, 26.7994], [31.5083, 26.8311], [31.4916, 26.887], [31.4815, 26.9068], [31.4679, 26.9252], [31.3816, 26.9919], [31.3528, 27.0237], [31.3036, 27.0986], [31.2974, 27.1376], [31.2798, 27.1579], [31.2525, 27.1656], [31.2173, 27.1668], [31.1985, 27.1744], [31.1878, 27.191], [31.1812, 27.2077], [31.1763, 27.2153], [31.1694, 27.2169], [31.1638, 27.2191], [31.1573, 27.2186], [31.1417, 27.2066], [31.1331, 27.2036], [31.1235, 27.202], [31.1145, 27.2016], [31.1128, 27.2115], [31.113, 27.2569], [31.1111, 27.2699], [31.0969, 27.2763], [31.0542, 27.2792], [31.0354, 27.2835], [31.023, 27.2932], [31.0077, 27.319], [30.995, 27.3313], [30.9662, 27.3468], [30.9631, 27.3559], [30.9739, 27.3723], [30.9409, 27.3841], [30.9073, 27.4011], [30.8782, 27.4208], [30.8579, 27.4412], [30.8489, 27.4598], [30.8523, 27.4708], [30.8603, 27.4816], [30.8648, 27.4995], [30.8615, 27.5194], [30.8502, 27.5544], [30.8511, 27.5777], [30.8575, 27.5971]]}, "properties": {"geo_id": "GEO_FLV_ABNUHIL", "nom": "Tira-qoyra / Abnuḥīl", "type": "FLV", "statut": "[PROPOSITION] tracé"}}, {"type": "Feature", "geometry": {"type": "LineString", "coordinates": [[32.4902, 15.6345], [32.499, 15.6527], [32.502, 15.668], [32.5033, 15.6854], [32.511, 15.7203], [32.5269, 15.7659], [32.5303, 15.7811], [32.53, 15.7983], [32.5191, 15.8295], [32.5185, 15.8443], [32.5499, 15.8828], [32.5503, 15.9191], [32.5369, 15.9901], [32.5369, 16.1148], [32.5403, 16.1378], [32.5442, 16.1453], [32.5473, 16.1664], [32.5505, 16.1756], [32.5567, 16.1838], [32.5816, 16.2058], [32.5921, 16.2203], [32.5987, 16.2359], [32.6079, 16.251], [32.6255, 16.2638], [32.6671, 16.2736], [32.6814, 16.2829], [32.687, 16.3054], [32.6895, 16.3266], [32.6973, 16.3358], [32.7285, 16.3464], [32.7299, 16.3716], [32.7418, 16.3861], [32.7798, 16.4119], [32.7852, 16.4204], [32.7935, 16.439], [32.8311, 16.4631], [32.8626, 16.499], [32.9739, 16.5447], [32.9952, 16.5479], [33.0129, 16.5416], [33.0283, 16.5314], [33.0474, 16.5254], [33.0689, 16.5231], [33.0918, 16.5245], [33.1267, 16.535], [33.1539, 16.5526], [33.2525, 16.6417], [33.2786, 16.6596], [33.392, 16.6864], [33.4262, 16.7008], [33.4548, 16.7169], [33.481, 16.7371], [33.4972, 16.7469], [33.5132, 16.751], [33.5572, 16.7538], [33.5806, 16.7579], [33.5987, 16.7647], [33.6238, 16.7902], [33.6808, 16.8951], [33.7066, 16.9267], [33.7295, 16.9636], [33.7417, 17.0039], [33.7354, 17.0459], [33.7268, 17.0592], [33.7156, 17.0723], [33.706, 17.0868], [33.7019, 17.1039], [33.707, 17.1297], [33.7192, 17.1457], [33.7346, 17.1604], [33.749, 17.1824], [33.7532, 17.2014], [33.749, 17.2687], [33.7529, 17.2935], [33.7632, 17.3138], [33.7786, 17.3312], [33.8272, 17.3747], [33.8523, 17.4058], [33.8723, 17.4419], [33.8862, 17.4841], [33.8936, 17.5317], [33.9024, 17.5565], [33.9172, 17.5672], [33.9399, 17.5742], [33.9597, 17.5914], [33.9746, 17.6135], [33.9824, 17.6349], [33.9837, 17.6571], [33.9756, 17.7206], [33.9773, 17.7427], [33.9893, 17.8062], [33.974, 18.0235], [33.928, 18.2647], [33.8972, 18.3171], [33.8521, 18.314], [33.8521, 18.3202], [33.8175, 18.3181], [33.7916, 18.3511], [33.7564, 18.4515], [33.7511, 18.4624], [33.7428, 18.471], [33.7319, 18.4748], [33.7078, 18.4767], [33.6985, 18.4809], [33.693, 18.489]]}, "properties": {"geo_id": "GEO_FLV_ABNUHIL", "nom": "Tira-qoyra / Abnuḥīl", "type": "FLV", "statut": "[PROPOSITION] tracé"}}, {"type": "Feature", "geometry": {"type": "LineString", "coordinates": [[33.7905, 18.3524], [33.7741, 18.375], [33.7122, 18.4247], [33.6953, 18.4435], [33.6869, 18.4656], [33.693, 18.489]]}, "properties": {"geo_id": "GEO_FLV_ABNUHIL", "nom": "Tira-qoyra / Abnuḥīl", "type": "FLV", "statut": "[PROPOSITION] tracé"}}, {"type": "Feature", "geometry": {"type": "LineString", "coordinates": [[31.1453, 30.1753], [31.1179, 30.189], [31.0933, 30.2067], [31.0811, 30.2117], [31.0676, 30.2215], [31.0596, 30.2237], [31.0508, 30.2217], [31.0369, 30.2123], [31.0292, 30.2094], [31.0087, 30.2097], [30.991, 30.2152], [30.9786, 30.2257], [30.9739, 30.2405], [30.9727, 30.2629], [30.9697, 30.2733], [30.9634, 30.2777], [30.9622, 30.2802], [30.9504, 30.285], [30.9391, 30.288], [30.9297, 30.291], [30.9268, 30.2917], [30.9199, 30.3057], [30.918, 30.3158], [30.9182, 30.327], [30.9168, 30.336], [30.9093, 30.3398], [30.8824, 30.3457], [30.8511, 30.3261], [30.8329, 30.3337], [30.8264, 30.3478], [30.833, 30.3616], [30.8793, 30.3727], [30.8728, 30.3839], [30.8442, 30.4012], [30.8414, 30.4156], [30.8442, 30.43], [30.8486, 30.4429], [30.8511, 30.4531], [30.8491, 30.4636], [30.8442, 30.475], [30.8305, 30.4974], [30.838, 30.5068], [30.8452, 30.5183], [30.8501, 30.5314], [30.8511, 30.5458], [30.843, 30.5484], [30.8355, 30.5471], [30.829, 30.5468], [30.8237, 30.5521], [30.8209, 30.5604], [30.8211, 30.5685], [30.8261, 30.5753], [30.8374, 30.5794], [30.8374, 30.5869], [30.8169, 30.5955], [30.8045, 30.6133], [30.7981, 30.6375], [30.7959, 30.6801], [30.7935, 30.6944], [30.7882, 30.7054], [30.7791, 30.7097], [30.7741, 30.7163], [30.7812, 30.7305], [30.7911, 30.7436], [30.7964, 30.7473], [30.7922, 30.7635], [30.7818, 30.7637], [30.7683, 30.76], [30.7549, 30.7644], [30.753, 30.7754], [30.7603, 30.7889], [30.7701, 30.8005], [30.7759, 30.806], [30.8023, 30.8121], [30.8149, 30.8176], [30.8162, 30.827], [30.8067, 30.8333], [30.7925, 30.8325], [30.7617, 30.827], [30.7849, 30.841], [30.7896, 30.8469], [30.7929, 30.8567], [30.7935, 30.8682], [30.7898, 30.8777], [30.7791, 30.8817], [30.7568, 30.8858], [30.7599, 30.8963], [30.7734, 30.9096], [30.7822, 30.9226], [30.7773, 30.9391], [30.7535, 30.9709], [30.7515, 30.9766], [30.7634, 30.9835], [30.7532, 30.9984], [30.7361, 31.013], [30.7276, 31.0188], [30.7247, 31.0274], [30.728, 31.0422], [30.7276, 31.0523], [30.7231, 31.0621], [30.7092, 31.0785], [30.7063, 31.0831], [30.6991, 31.092], [30.6519, 31.1144], [30.6059, 31.1728], [30.5979, 31.18], [30.5869, 31.1833], [30.5811, 31.1862], [30.5699, 31.1995], [30.5624, 31.2032], [30.5547, 31.2027], [30.5508, 31.1999], [30.5475, 31.197], [30.5426, 31.1964], [30.5424, 31.1959], [30.5252, 31.1964], [30.5253, 31.2021], [30.5192, 31.2293], [30.5147, 31.2379], [30.5078, 31.2379], [30.5078, 31.2305], [30.5016, 31.2305], [30.4993, 31.2335], [30.499, 31.2347], [30.4981, 31.2357], [30.4942, 31.2379], [30.4942, 31.2442], [30.5056, 31.2544], [30.5143, 31.2702], [30.52, 31.2893], [30.5221, 31.3096], [30.521, 31.3201], [30.5181, 31.328], [30.5136, 31.3343], [30.5078, 31.3397], [30.5038, 31.3424], [30.4954, 31.3468], [30.491, 31.3506], [30.4832, 31.3544], [30.4775, 31.3501], [30.4742, 31.3433], [30.4736, 31.3397], [30.4646, 31.3428], [30.458, 31.3479], [30.454, 31.355], [30.4526, 31.3646], [30.4483, 31.3749], [30.4391, 31.3794], [30.4299, 31.3815], [30.4259, 31.3847], [30.4265, 31.4095], [30.4246, 31.429], [30.415, 31.4409], [30.3985, 31.4434]]}, "properties": {"geo_id": "GEO_FLV_ABNUHIL_SAFAQIL", "nom": "Šafāqil", "type": "FLV", "statut": "[PROPOSITION] tracé"}}, {"type": "Feature", "geometry": {"type": "LineString", "coordinates": [[31.1453, 30.1753], [31.1342, 30.1924], [31.1152, 30.2154], [31.1111, 30.2268], [31.1108, 30.255], [31.1079, 30.2708], [31.1006, 30.2777], [31.104, 30.3223], [31.1036, 30.3323], [31.0928, 30.3439], [31.0668, 30.3605], [31.0558, 30.3746], [31.0777, 30.37], [31.0869, 30.3701], [31.0973, 30.3746], [31.1065, 30.3824], [31.1074, 30.3885], [31.1047, 30.3944], [31.1036, 30.4012], [31.1034, 30.4127], [31.1011, 30.4162], [31.102, 30.4157], [31.1111, 30.4149], [31.1191, 30.411], [31.1223, 30.4041], [31.125, 30.4027], [31.1316, 30.4149], [31.1349, 30.4284], [31.1344, 30.4379], [31.1358, 30.4462], [31.1453, 30.4565], [31.1546, 30.4612], [31.1713, 30.4639], [31.1795, 30.4696], [31.1806, 30.475], [31.1792, 30.482], [31.179, 30.4881], [31.1831, 30.4906], [31.1842, 30.4917], [31.1998, 30.4974], [31.2278, 30.5179], [31.2278, 30.5241], [31.2221, 30.5316], [31.2201, 30.5419], [31.2219, 30.5521], [31.2278, 30.5595], [31.2334, 30.5584], [31.24, 30.5522], [31.249, 30.5478], [31.2618, 30.5521], [31.251, 30.565], [31.2535, 30.5882], [31.2686, 30.634], [31.2703, 30.6609], [31.2584, 30.7069], [31.2551, 30.734], [31.2529, 30.7414], [31.2482, 30.7435], [31.2437, 30.7441], [31.2415, 30.7473], [31.2346, 30.7718], [31.2307, 30.8139], [31.2212, 30.8228], [31.2163, 30.8299], [31.2136, 30.8369], [31.2188, 30.8412], [31.2415, 30.8469], [31.2481, 30.8504], [31.2525, 30.8508], [31.2545, 30.8536], [31.2551, 30.8643], [31.2529, 30.8682], [31.2473, 30.8733], [31.2407, 30.8782], [31.2346, 30.8817], [31.2422, 30.8828], [31.2463, 30.8845], [31.2498, 30.8865], [31.2551, 30.8885], [31.2416, 30.8991], [31.245, 30.907], [31.2553, 30.9142], [31.2618, 30.9226], [31.261, 30.9352], [31.2564, 30.9431], [31.2529, 30.951], [31.2551, 30.9636], [31.2633, 30.9737], [31.274, 30.9766], [31.2857, 30.978], [31.2968, 30.9841], [31.2991, 30.9885], [31.3056, 31.0169], [31.3106, 31.0195], [31.3171, 31.0205], [31.3233, 31.025], [31.3305, 31.0344], [31.3373, 31.0412], [31.3459, 31.0467], [31.3582, 31.0523], [31.365, 31.0537], [31.3892, 31.0523], [31.3945, 31.0548], [31.3963, 31.0607], [31.3967, 31.0677], [31.3991, 31.0734], [31.437, 31.1289], [31.4537, 31.1417], [31.4537, 31.148], [31.4504, 31.1566], [31.4576, 31.1638], [31.468, 31.172], [31.4749, 31.1833], [31.4885, 31.1768], [31.5049, 31.1727], [31.5147, 31.1739], [31.5083, 31.1833], [31.5083, 31.1895], [31.5123, 31.1914], [31.5131, 31.1921], [31.5131, 31.1932], [31.5151, 31.1964], [31.5457, 31.1876], [31.5816, 31.1865], [31.6134, 31.1954], [31.6318, 31.2168], [31.631, 31.2307], [31.6251, 31.239], [31.6254, 31.243], [31.6425, 31.2442], [31.6617, 31.2486], [31.676, 31.2589], [31.6777, 31.2703], [31.6592, 31.2783], [31.6619, 31.286], [31.6636, 31.2896], [31.666, 31.2925], [31.6729, 31.2925], [31.6812, 31.2865], [31.6895, 31.2864], [31.6929, 31.291], [31.6865, 31.2988], [31.6865, 31.3062], [31.708, 31.3312], [31.7169, 31.3463], [31.7206, 31.3646], [31.7197, 31.3672], [31.7175, 31.3693], [31.7153, 31.3725], [31.7144, 31.3782], [31.7169, 31.3818], [31.7231, 31.3814], [31.7299, 31.3802], [31.7349, 31.3813], [31.7478, 31.3916], [31.752, 31.3975], [31.7554, 31.4086], [31.7686, 31.4038], [31.7831, 31.4083], [31.8106, 31.4222], [31.8106, 31.4291], [31.8015, 31.442], [31.8046, 31.4581], [31.8149, 31.4717], [31.8274, 31.4775], [31.8248, 31.4841], [31.8307, 31.4989], [31.8447, 31.5253]]}, "properties": {"geo_id": "GEO_FLV_ABNUHIL_SAFAQIL", "nom": "Šafāqil", "type": "FLV", "statut": "[PROPOSITION] tracé"}}, {"type": "Feature", "geometry": {"type": "LineString", "coordinates": [[30.8754, 27.6319], [30.8789, 27.65], [30.8823, 27.6553], [30.8892, 27.6611], [30.8963, 27.6682], [30.8994, 27.6777], [30.8976, 27.6876], [30.8887, 27.7108], [30.8858, 27.7224], [30.8858, 27.8011], [30.8814, 27.8063], [30.8622, 27.8155], [30.8579, 27.8214], [30.8564, 27.8299], [30.8482, 27.8433], [30.8442, 27.8521], [30.8416, 27.8705], [30.8442, 27.8869], [30.8486, 27.9022], [30.8511, 27.9173], [30.8491, 27.9739], [30.8424, 28.0065], [30.8404, 28.0278], [30.8374, 28.0377], [30.8326, 28.0436], [30.819, 28.0567], [30.8162, 28.0616], [30.8088, 28.0714], [30.7617, 28.1059], [30.7529, 28.119], [30.7463, 28.1332], [30.7424, 28.1502], [30.7412, 28.1712], [30.7421, 28.1794], [30.7442, 28.1895], [30.7477, 28.1979], [30.7564, 28.2075], [30.7525, 28.2211], [30.7412, 28.2431], [30.7379, 28.2622], [30.7412, 28.3223], [30.7433, 28.3272], [30.7481, 28.3319], [30.7527, 28.3386], [30.7564, 28.3572], [30.7599, 28.3662], [30.7646, 28.3743], [30.7691, 28.3803], [30.8169, 28.4153], [30.8237, 28.425], [30.8258, 28.4304], [30.8352, 28.4478], [30.8374, 28.4588], [30.8362, 28.4711], [30.8329, 28.4772], [30.8283, 28.4818], [30.8237, 28.4895], [30.8198, 28.5076], [30.8228, 28.5232], [30.8277, 28.5382], [30.8305, 28.5547], [30.8311, 28.564], [30.8326, 28.5731], [30.8357, 28.5816], [30.8408, 28.5889], [30.8445, 28.5976], [30.8421, 28.606], [30.838, 28.6153], [30.8374, 28.6267], [30.8445, 28.6414], [30.856, 28.6542], [30.8667, 28.6696], [30.8736, 28.7081], [30.8796, 28.7193], [30.8994, 28.7434], [30.9073, 28.76], [30.9089, 28.7762], [30.9063, 28.815], [30.9101, 28.8297], [30.9192, 28.8464], [30.9397, 28.8737], [31.0105, 28.942], [31.0292, 28.9693], [31.0427, 29.0083], [31.053, 29.0288], [31.0664, 29.0376], [31.0776, 29.0421], [31.1179, 29.0723], [31.1485, 29.1128], [31.1594, 29.1231], [31.1709, 29.1395], [31.1733, 29.1441], [31.1748, 29.1573], [31.1782, 29.1642], [31.1829, 29.1687], [31.2164, 29.222], [31.2209, 29.2331], [31.212, 29.3482], [31.2135, 29.3597], [31.2169, 29.3653], [31.2223, 29.3711], [31.2268, 29.3797], [31.2278, 29.3939], [31.2254, 29.4053], [31.2158, 29.4174], [31.2135, 29.4286], [31.2153, 29.4371], [31.2201, 29.4429], [31.227, 29.4483], [31.2346, 29.4559], [31.2442, 29.4732], [31.2618, 29.5317], [31.2678, 29.538], [31.2747, 29.5417], [31.2803, 29.5472], [31.283, 29.5589], [31.2713, 29.5877], [31.2686, 29.5999], [31.2704, 29.6252], [31.2773, 29.6446], [31.2885, 29.6587], [31.3036, 29.6688], [31.2804, 29.6966], [31.272, 29.7126], [31.2686, 29.7334], [31.2725, 29.7542], [31.2901, 29.7844], [31.2968, 29.8054], [31.2965, 29.8433], [31.2887, 29.885], [31.276, 29.9227], [31.2618, 29.9488], [31.2363, 29.9744], [31.2254, 29.9894], [31.2209, 30.0078], [31.2374, 30.1146], [31.2369, 30.1238], [31.2341, 30.1334], [31.2284, 30.1411], [31.2185, 30.1461], [31.1795, 30.1501], [31.1663, 30.1559], [31.1453, 30.1753]]}, "properties": {"geo_id": "GEO_FLV_ABNUHIL_SAFAQIL", "nom": "Šafāqil", "type": "FLV", "statut": "[PROPOSITION] tracé"}}, {"type": "Feature", "geometry": {"type": "LineString", "coordinates": [[30.78, 27.6], [30.7689, 27.6027], [30.7578, 27.6055], [30.7467, 27.6084], [30.7355, 27.6111], [30.7244, 27.6134], [30.7132, 27.6151], [30.702, 27.616], [30.6908, 27.6162], [30.6796, 27.6158], [30.6683, 27.615], [30.657, 27.6136], [30.6456, 27.6116], [30.6342, 27.6088], [30.6227, 27.6049], [30.6111, 27.6], [30.5996, 27.5942], [30.5879, 27.5879], [30.5763, 27.5818], [30.5648, 27.5764], [30.5533, 27.5724], [30.542, 27.5719], [30.5308, 27.5732], [30.5197, 27.5756], [30.5086, 27.5788], [30.4976, 27.5824], [30.4866, 27.5859], [30.4756, 27.5893], [30.4646, 27.5928], [30.4535, 27.5968], [30.4425, 27.6016], [30.4315, 27.6073], [30.4206, 27.6141], [30.4097, 27.6217], [30.3988, 27.6301], [30.3878, 27.6387], [30.3768, 27.6476], [30.3659, 27.6562], [30.3549, 27.6642], [30.3439, 27.671], [30.3328, 27.6761], [30.3217, 27.6791], [30.3104, 27.6798], [30.2985, 27.6787], [30.2866, 27.676], [30.2753, 27.6727], [30.264, 27.6695], [30.2527, 27.6667], [30.2415, 27.6646], [30.2302, 27.663], [30.2189, 27.6618], [30.2075, 27.6605], [30.1958, 27.6585], [30.1844, 27.6556], [30.1731, 27.6518], [30.1619, 27.6474], [30.1507, 27.6424], [30.1395, 27.6371], [30.1283, 27.6319], [30.1171, 27.6269], [30.1059, 27.6225], [30.0947, 27.619], [30.0835, 27.6167], [30.0723, 27.6158], [30.0611, 27.6164], [30.0498, 27.6181], [30.0385, 27.6205], [30.0272, 27.623], [30.0159, 27.6253], [30.0045, 27.6274], [29.9931, 27.6291], [29.9818, 27.6306], [29.9705, 27.6319], [29.9592, 27.6328], [29.948, 27.6331], [29.9367, 27.6328], [29.9255, 27.632], [29.9143, 27.6313], [29.903, 27.6312], [29.8916, 27.6319], [29.8802, 27.6337], [29.8688, 27.6365], [29.8574, 27.6398], [29.846, 27.6432], [29.8346, 27.646], [29.8232, 27.6478], [29.812, 27.6482], [29.8006, 27.647], [29.7893, 27.6442], [29.7783, 27.6397], [29.7674, 27.6338], [29.7566, 27.6264], [29.7459, 27.6177], [29.7352, 27.608], [29.7246, 27.5977], [29.714, 27.5872], [29.7034, 27.577], [29.693, 27.5676], [29.6823, 27.5594], [29.6715, 27.5526], [29.6606, 27.5474], [29.6496, 27.5435], [29.6386, 27.5406], [29.6275, 27.5382], [29.6164, 27.536], [29.6057, 27.5339], [29.5951, 27.5316], [29.5841, 27.5293], [29.573, 27.5274], [29.5618, 27.5259], [29.5506, 27.525], [29.5394, 27.5248], [29.5281, 27.5254], [29.5167, 27.5267], [29.5057, 27.529], [29.4947, 27.5318], [29.4831, 27.5349], [29.4715, 27.5382], [29.4599, 27.541], [29.4484, 27.5431], [29.437, 27.5442], [29.4257, 27.5444], [29.4145, 27.5437], [29.4034, 27.5424], [29.3926, 27.5405], [29.3816, 27.5381], [29.3706, 27.5355], [29.3596, 27.5331], [29.3485, 27.5312], [29.3374, 27.5301], [29.3261, 27.53], [29.3147, 27.5303], [29.3034, 27.5306], [29.2923, 27.5302], [29.2812, 27.5289], [29.2701, 27.5267], [29.2591, 27.524], [29.2481, 27.5217], [29.237, 27.5204], [29.2256, 27.5207], [29.2141, 27.5229], [29.2023, 27.5267], [29.1904, 27.5317], [29.1784, 27.5374], [29.1665, 27.543], [29.1546, 27.5481], [29.1428, 27.5522], [29.1312, 27.5549], [29.1198, 27.5562], [29.1085, 27.5561], [29.0973, 27.5549], [29.0862, 27.553], [29.0751, 27.5511], [29.064, 27.5494], [29.0528, 27.5481], [29.0416, 27.5473], [29.0304, 27.5466], [29.0192, 27.5459], [29.008, 27.5448], [28.9968, 27.5436], [28.9856, 27.5425], [28.9744, 27.5417], [28.9631, 27.5414], [28.9519, 27.5415], [28.9406, 27.5415], [28.9293, 27.5409], [28.9182, 27.5391], [28.9072, 27.5358], [28.8964, 27.5311], [28.8856, 27.5253], [28.8749, 27.5191], [28.8641, 27.5131], [28.8533, 27.5077], [28.8424, 27.5029], [28.8314, 27.4986], [28.8205, 27.4946], [28.8095, 27.491], [28.7985, 27.4879], [28.7874, 27.4857], [28.7762, 27.4846], [28.7649, 27.4846], [28.7534, 27.4858], [28.742, 27.4877], [28.7305, 27.49], [28.7191, 27.4922], [28.7077, 27.4942], [28.6962, 27.4958], [28.6848, 27.4972], [28.6734, 27.4988], [28.662, 27.5007], [28.6505, 27.5032], [28.639, 27.5064], [28.6274, 27.5101], [28.6159, 27.514], [28.6043, 27.5178], [28.5928, 27.5213], [28.5812, 27.5244], [28.5698, 27.527], [28.5583, 27.5292], [28.5469, 27.5309], [28.5356, 27.5322], [28.5242, 27.5331], [28.5129, 27.5338], [28.5016, 27.5345], [28.4903, 27.5354], [28.4789, 27.5367], [28.4675, 27.5385], [28.4561, 27.5409], [28.4446, 27.5437], [28.4331, 27.5468], [28.4217, 27.55], [28.4104, 27.5511], [28.399, 27.552], [28.3877, 27.5528], [28.3764, 27.5533], [28.3652, 27.5535], [28.354, 27.553], [28.3428, 27.5516], [28.3317, 27.549], [28.3207, 27.5453], [28.3098, 27.5407], [28.2989, 27.5357], [28.288, 27.5307], [28.277, 27.526], [28.2661, 27.5217], [28.2551, 27.5177], [28.2441, 27.514], [28.233, 27.5105], [28.222, 27.507], [28.211, 27.5035], [28.2, 27.5]]}, "properties": {"geo_id": "GEO_FLV_ABNUHIL_ABNIQA", "nom": "Abnīqa", "type": "FLV", "statut": "[PROPOSITION] tracé"}}, {"type": "Feature", "geometry": {"type": "LineString", "coordinates": [[17.3, 21.6], [17.2889, 21.6028], [17.2778, 21.6056], [17.2667, 21.6086], [17.2559, 21.6118], [17.2453, 21.6155], [17.235, 21.6196], [17.2249, 21.6242], [17.215, 21.6291], [17.2051, 21.634], [17.195, 21.6385], [17.1844, 21.6422], [17.1733, 21.6452], [17.1616, 21.6472], [17.1495, 21.6485], [17.1372, 21.6494], [17.1248, 21.6502], [17.1127, 21.6514], [17.1011, 21.6534], [17.0902, 21.6566], [17.0802, 21.6613], [17.0723, 21.6695], [17.0654, 21.6793], [17.0592, 21.6903], [17.0534, 21.702], [17.0477, 21.7137], [17.0415, 21.7248], [17.0347, 21.7347], [17.0268, 21.7429], [17.0179, 21.7494], [17.008, 21.7544], [16.9974, 21.758], [16.9862, 21.7608], [16.9749, 21.7633], [16.9637, 21.7661], [16.9531, 21.7696], [16.9431, 21.7743], [16.9338, 21.7801], [16.9251, 21.7869], [16.9166, 21.7942], [16.908, 21.8013], [16.8992, 21.8079], [16.8898, 21.8138], [16.88, 21.8187], [16.8697, 21.823], [16.8591, 21.8265], [16.848, 21.8293], [16.8365, 21.8314], [16.8246, 21.8326], [16.8124, 21.8333], [16.8001, 21.834], [16.788, 21.835], [16.7764, 21.8368], [16.7654, 21.8398], [16.7551, 21.8438], [16.7454, 21.849], [16.7363, 21.8553], [16.7278, 21.8626], [16.7199, 21.8708], [16.7124, 21.8795], [16.7047, 21.888], [16.6965, 21.8961], [16.6877, 21.9032], [16.6784, 21.9092], [16.6687, 21.9145], [16.6591, 21.9198], [16.6498, 21.9259], [16.6412, 21.9332], [16.6334, 21.9421], [16.6262, 21.952], [16.6192, 21.9625], [16.6118, 21.9728], [16.6034, 21.9818], [16.5946, 21.9889], [16.5848, 21.994], [16.5741, 21.9972], [16.5626, 21.9989], [16.5507, 21.9996], [16.5385, 21.9999], [16.5265, 22.0003], [16.5146, 22.0012], [16.503, 22.0027], [16.4918, 22.0048], [16.4807, 22.0075], [16.4698, 22.0104], [16.4589, 22.0133], [16.448, 22.016], [16.4369, 22.0182], [16.4255, 22.0199], [16.4139, 22.0212], [16.4024, 22.0226], [16.3912, 22.0247], [16.3806, 22.0283], [16.3708, 22.0335], [16.3618, 22.0403], [16.3534, 22.0485], [16.3453, 22.0574], [16.3372, 22.0664], [16.3289, 22.0751], [16.3202, 22.083], [16.311, 22.0895], [16.3009, 22.0941], [16.2899, 22.0964], [16.2779, 22.0966], [16.2652, 22.0953], [16.2523, 22.0935], [16.2398, 22.0925], [16.2279, 22.093], [16.217, 22.0956], [16.2068, 22.0999], [16.1972, 22.1054], [16.1876, 22.1113], [16.1779, 22.1168], [16.1679, 22.1214], [16.1572, 22.1247], [16.1461, 22.1267], [16.1344, 22.1276], [16.1225, 22.1278], [16.1104, 22.1277], [16.0986, 22.1281], [16.0871, 22.1294], [16.0761, 22.1319], [16.0657, 22.1355], [16.0555, 22.1396], [16.0452, 22.1436], [16.0346, 22.1471], [16.0236, 22.1494], [16.0121, 22.1506], [16.0002, 22.1508], [15.9881, 22.1504], [15.976, 22.1501], [15.9641, 22.1503], [15.9526, 22.1515], [15.9416, 22.154], [15.9311, 22.1576], [15.9211, 22.1621], [15.9113, 22.1671], [15.9015, 22.1724], [15.8916, 22.1774], [15.8815, 22.182], [15.8713, 22.1862], [15.8609, 22.1902], [15.8507, 22.1944], [15.8405, 22.1989], [15.8306, 22.2039], [15.8208, 22.2091], [15.8109, 22.2143], [15.8009, 22.2192], [15.7909, 22.2235], [15.7807, 22.2273], [15.7702, 22.2309], [15.7597, 22.2346], [15.7494, 22.2387], [15.7393, 22.2434], [15.7296, 22.249], [15.7202, 22.2554], [15.711, 22.2624], [15.702, 22.2698], [15.693, 22.2773], [15.684, 22.2846], [15.6747, 22.2914], [15.6651, 22.2974], [15.6552, 22.3028], [15.6452, 22.3077], [15.6352, 22.3126], [15.6253, 22.318], [15.6158, 22.3241], [15.6065, 22.331], [15.5974, 22.3385], [15.5885, 22.3464], [15.5795, 22.3542], [15.5705, 22.3618], [15.5612, 22.3688], [15.5515, 22.3751], [15.5413, 22.3804], [15.5311, 22.3846], [15.5205, 22.388], [15.5097, 22.3907], [15.4988, 22.3934], [15.4883, 22.3969], [15.4782, 22.4017], [15.4687, 22.4082], [15.4598, 22.4163], [15.4513, 22.4254], [15.4427, 22.4344], [15.4336, 22.4421], [15.4237, 22.4479], [15.413, 22.4511], [15.4016, 22.452], [15.3895, 22.4512], [15.377, 22.4492], [15.3644, 22.4469], [15.3519, 22.4448], [15.3396, 22.4433], [15.3276, 22.4426], [15.3159, 22.4427], [15.3045, 22.4439], [15.2935, 22.446], [15.283, 22.4493], [15.2729, 22.4539], [15.2631, 22.4596], [15.2537, 22.4661], [15.2443, 22.473], [15.2349, 22.4797], [15.2253, 22.4858], [15.2155, 22.4914], [15.2056, 22.4965], [15.1955, 22.5015], [15.1855, 22.5065], [15.1756, 22.5117], [15.166, 22.5171], [15.1565, 22.5224], [15.1468, 22.5276], [15.1367, 22.5325], [15.1266, 22.537], [15.1163, 22.5411], [15.1058, 22.5449], [15.0952, 22.5482], [15.0844, 22.5509], [15.0733, 22.5529], [15.0618, 22.5537], [15.0498, 22.5533], [15.0374, 22.5518], [15.0248, 22.5494], [15.0122, 22.5467], [14.9996, 22.5443], [14.9871, 22.5426], [14.9748, 22.5417], [14.9628, 22.5413], [14.9509, 22.5411], [14.9389, 22.5408], [14.9268, 22.5403], [14.9146, 22.5395], [14.9023, 22.5384], [14.89, 22.5372], [14.8776, 22.5358], [14.8651, 22.5343], [14.8526, 22.5328], [14.8402, 22.5315], [14.828, 22.5306], [14.8158, 22.53], [14.8038, 22.5296], [14.7916, 22.529], [14.7793, 22.5278], [14.7667, 22.5261], [14.7541, 22.5242], [14.7416, 22.5227], [14.7296, 22.5225], [14.7184, 22.5242], [14.7079, 22.5278], [14.698, 22.533], [14.6882, 22.5385], [14.6781, 22.5433], [14.6673, 22.5463], [14.6556, 22.5469], [14.643, 22.5452], [14.6298, 22.5419], [14.6165, 22.5382], [14.6035, 22.5354], [14.5913, 22.5346], [14.5802, 22.5367], [14.5703, 22.542], [14.5616, 22.5502], [14.5539, 22.5609], [14.5468, 22.573], [14.5397, 22.5855], [14.5324, 22.5974], [14.5246, 22.6077], [14.5159, 22.6159], [14.5063, 22.6218], [14.4959, 22.6255], [14.4848, 22.6276], [14.4732, 22.6286], [14.4615, 22.6291], [14.4497, 22.6294], [14.4379, 22.6298], [14.4262, 22.6301], [14.4143, 22.6304], [14.4026, 22.6307], [14.391, 22.6315], [14.3797, 22.6333], [14.3691, 22.6366], [14.3592, 22.6416], [14.35, 22.6484], [14.3412, 22.6564], [14.3326, 22.6648], [14.3237, 22.6724], [14.3142, 22.6786], [14.304, 22.683], [14.2932, 22.6858], [14.2828, 22.6896], [14.2724, 22.6933], [14.2622, 22.6977], [14.2523, 22.7029], [14.2427, 22.7088], [14.2333, 22.7151], [14.2238, 22.7212], [14.2141, 22.7267], [14.2041, 22.7316], [14.1939, 22.7359], [14.1836, 22.74], [14.1734, 22.7445], [14.1635, 22.7496], [14.1539, 22.7554], [14.1446, 22.7619], [14.1354, 22.7689], [14.1264, 22.7763], [14.1175, 22.784], [14.1087, 22.7919], [14.1, 22.8]]}, "properties": {"geo_id": "GEO_FLV_MADIKH", "nom": "|Na-madikh / Madīlan", "type": "FLV", "statut": "[PROPOSITION] tracé"}}, {"type": "Feature", "geometry": {"type": "LineString", "coordinates": [[-3.6, 21.9], [-3.5939, 21.9092], [-3.5877, 21.9183], [-3.5814, 21.9273], [-3.575, 21.9362], [-3.5685, 21.945], [-3.562, 21.9537], [-3.5556, 21.9627], [-3.5496, 21.972], [-3.544, 21.9817], [-3.5386, 21.9916], [-3.5331, 22.0014], [-3.5272, 22.0104], [-3.5203, 22.0184], [-3.512, 22.0254], [-3.5027, 22.0313], [-3.4929, 22.0369], [-3.4835, 22.0427], [-3.4751, 22.0496], [-3.4683, 22.0581], [-3.4633, 22.0683], [-3.4586, 22.0788], [-3.455, 22.0904], [-3.4521, 22.1027], [-3.4495, 22.1152], [-3.4468, 22.1276], [-3.4435, 22.1395], [-3.4395, 22.1506], [-3.4346, 22.161], [-3.429, 22.1705], [-3.4229, 22.1797], [-3.4167, 22.1887], [-3.4106, 22.1979], [-3.4047, 22.2071], [-3.3987, 22.2164], [-3.392, 22.2257], [-3.3845, 22.2347], [-3.3768, 22.2425], [-3.3684, 22.2493], [-3.3591, 22.2552], [-3.3488, 22.2602], [-3.3377, 22.2643], [-3.326, 22.2679], [-3.3141, 22.2713], [-3.3026, 22.275], [-3.2918, 22.2795], [-3.282, 22.2849], [-3.2722, 22.2919], [-3.2628, 22.2994], [-3.2544, 22.3063], [-3.2457, 22.3128], [-3.2363, 22.3186], [-3.2262, 22.3237], [-3.2155, 22.3281], [-3.2048, 22.3325], [-3.1944, 22.3373], [-3.1849, 22.3429], [-3.1762, 22.3494], [-3.1682, 22.3567], [-3.1599, 22.3651], [-3.1511, 22.3736], [-3.1431, 22.3813], [-3.1353, 22.3889], [-3.1275, 22.3964], [-3.1197, 22.404], [-3.112, 22.4117], [-3.1042, 22.4193], [-3.0965, 22.4269], [-3.0888, 22.4346], [-3.0813, 22.4425], [-3.0741, 22.4508], [-3.0673, 22.4595], [-3.059, 22.4696], [-3.05, 22.4794], [-3.0423, 22.4875], [-3.0343, 22.4949], [-3.0257, 22.5016], [-3.0165, 22.5075], [-3.0068, 22.5127], [-2.9965, 22.5173], [-2.9858, 22.5214], [-2.9747, 22.5248], [-2.963, 22.5276], [-2.9508, 22.5297], [-2.938, 22.531], [-2.9243, 22.5323], [-2.91, 22.5336], [-2.8965, 22.5347], [-2.8841, 22.5362], [-2.8724, 22.5387], [-2.8611, 22.5417], [-2.85, 22.545], [-2.8388, 22.5482], [-2.8273, 22.5509], [-2.8157, 22.5535], [-2.8041, 22.5561], [-2.7932, 22.5596], [-2.7832, 22.5645], [-2.7746, 22.5712], [-2.7673, 22.5799], [-2.7611, 22.5906], [-2.7559, 22.6024], [-2.7511, 22.6146], [-2.7458, 22.6261], [-2.7393, 22.6359], [-2.7311, 22.6432], [-2.7208, 22.6476], [-2.7086, 22.6493], [-2.695, 22.6489], [-2.6806, 22.6473], [-2.666, 22.6455], [-2.6519, 22.6443], [-2.6387, 22.6446], [-2.627, 22.6469], [-2.6167, 22.6512], [-2.6075, 22.6572], [-2.5991, 22.6642], [-2.5907, 22.6713], [-2.5821, 22.6781], [-2.5732, 22.6845], [-2.5642, 22.6906], [-2.5552, 22.6968], [-2.5465, 22.7035], [-2.538, 22.7104], [-2.5296, 22.7174], [-2.5208, 22.724], [-2.5117, 22.73], [-2.5024, 22.7357], [-2.4931, 22.7414], [-2.4846, 22.7479], [-2.4768, 22.7556], [-2.4698, 22.7645], [-2.4635, 22.7744], [-2.4575, 22.7848], [-2.4516, 22.7953], [-2.4456, 22.8056], [-2.4394, 22.8157], [-2.4329, 22.8253], [-2.4259, 22.8342], [-2.4181, 22.842], [-2.4093, 22.8485], [-2.3997, 22.8538], [-2.3895, 22.8583], [-2.3799, 22.8626], [-2.3713, 22.8676], [-2.3635, 22.8744], [-2.3564, 22.8829], [-2.3502, 22.8927], [-2.3444, 22.903], [-2.3383, 22.913], [-2.3315, 22.9219], [-2.3233, 22.9292], [-2.3139, 22.9348], [-2.3034, 22.9389], [-2.2921, 22.9422], [-2.2807, 22.9452], [-2.2695, 22.9485], [-2.2587, 22.9524], [-2.2492, 22.9564], [-2.2403, 22.9608], [-2.2308, 22.9658], [-2.2209, 22.9708], [-2.2108, 22.9756], [-2.2005, 22.9802], [-2.1901, 22.9846], [-2.1798, 22.9891], [-2.1696, 22.9939], [-2.1597, 22.999], [-2.1501, 23.0044], [-2.1407, 23.01], [-2.1314, 23.0158], [-2.1221, 23.0216], [-2.1124, 23.027], [-2.1025, 23.0315], [-2.092, 23.035], [-2.0802, 23.0378], [-2.0674, 23.0395], [-2.0538, 23.0404], [-2.0398, 23.0407], [-2.0257, 23.0409], [-2.0117, 23.0412], [-1.9981, 23.042], [-1.985, 23.0434], [-1.9727, 23.0457], [-1.9613, 23.049], [-1.9507, 23.0534], [-1.9411, 23.0588], [-1.9324, 23.0654], [-1.9245, 23.0728], [-1.917, 23.0809], [-1.9097, 23.0891], [-1.9025, 23.0972], [-1.8949, 23.1051], [-1.8873, 23.1127], [-1.8798, 23.1206], [-1.8728, 23.129], [-1.8665, 23.1383], [-1.8613, 23.1487], [-1.8571, 23.1602], [-1.8536, 23.1726], [-1.8505, 23.1854], [-1.8475, 23.1983], [-1.8441, 23.2108], [-1.8402, 23.2225], [-1.8358, 23.2335], [-1.8311, 23.244], [-1.826, 23.2545], [-1.8211, 23.2652], [-1.8164, 23.2761], [-1.8121, 23.2874], [-1.8078, 23.2988], [-1.8034, 23.31], [-1.7985, 23.3207], [-1.7927, 23.3304], [-1.7857, 23.3387], [-1.7772, 23.3454], [-1.7673, 23.3506], [-1.7564, 23.3546], [-1.7449, 23.358], [-1.7334, 23.3611], [-1.7223, 23.3644], [-1.7112, 23.3681], [-1.7, 23.372], [-1.6888, 23.3757], [-1.6775, 23.3794], [-1.6661, 23.3829], [-1.6547, 23.3865], [-1.6432, 23.3899], [-1.6314, 23.393], [-1.6192, 23.3957], [-1.6065, 23.3978], [-1.5935, 23.3996], [-1.5803, 23.4012], [-1.5671, 23.4028], [-1.5542, 23.4047], [-1.5412, 23.4065], [-1.5281, 23.4081], [-1.5145, 23.4094], [-1.5007, 23.4103], [-1.4866, 23.411], [-1.4726, 23.4118], [-1.4591, 23.4131], [-1.4464, 23.4152], [-1.4348, 23.4186], [-1.4244, 23.4233], [-1.4152, 23.4292], [-1.4068, 23.4361], [-1.3991, 23.4436], [-1.3918, 23.4516], [-1.3849, 23.4599], [-1.3782, 23.4687], [-1.372, 23.478], [-1.3662, 23.4877], [-1.3605, 23.4974], [-1.3545, 23.5068], [-1.3479, 23.5154], [-1.3402, 23.523], [-1.3317, 23.5297], [-1.3225, 23.5356], [-1.3132, 23.5414], [-1.3042, 23.5477], [-1.2961, 23.5548], [-1.2891, 23.563], [-1.2832, 23.5725], [-1.2784, 23.5832], [-1.2745, 23.5946], [-1.2709, 23.6066], [-1.2674, 23.6184], [-1.2632, 23.6296], [-1.258, 23.6397], [-1.2514, 23.6483], [-1.2434, 23.6556], [-1.2343, 23.6616], [-1.2241, 23.6666], [-1.2131, 23.6707], [-1.2014, 23.674], [-1.1891, 23.6768], [-1.1765, 23.6791], [-1.1638, 23.6815], [-1.1514, 23.6841], [-1.1396, 23.6874], [-1.1287, 23.6915], [-1.1186, 23.6967], [-1.1092, 23.7026], [-1.1002, 23.7087], [-1.091, 23.7146], [-1.081, 23.7199], [-1.0703, 23.7242], [-1.0587, 23.7278], [-1.0468, 23.7309], [-1.0348, 23.7341], [-1.0233, 23.7377], [-1.0123, 23.7418], [-1.002, 23.7467], [-0.9924, 23.7522], [-0.9834, 23.7584], [-0.975, 23.7652], [-0.9672, 23.7725], [-0.9598, 23.7805], [-0.9528, 23.7889], [-0.9461, 23.7974], [-0.9391, 23.8056], [-0.9316, 23.8133], [-0.9232, 23.8201], [-0.9139, 23.8259], [-0.9037, 23.8309], [-0.8931, 23.8355], [-0.8827, 23.8402], [-0.8731, 23.8458], [-0.8647, 23.8526], [-0.8578, 23.8609], [-0.8523, 23.8706], [-0.848, 23.8815], [-0.8444, 23.8932], [-0.8412, 23.9053], [-0.8382, 23.9176], [-0.8355, 23.9301], [-0.8331, 23.9429], [-0.8313, 23.9564], [-0.8302, 23.9707], [-0.8297, 23.9854], [-0.8292, 24.0002], [-0.8282, 24.0145], [-0.8262, 24.0278], [-0.823, 24.0398], [-0.8183, 24.0504], [-0.8121, 24.0594], [-0.8026, 24.065], [-0.7921, 24.0696], [-0.7808, 24.0735], [-0.7689, 24.0768], [-0.7566, 24.0797], [-0.7441, 24.0822], [-0.7312, 24.0845], [-0.7184, 24.0867], [-0.7056, 24.089], [-0.6932, 24.0917], [-0.6814, 24.095], [-0.6703, 24.099], [-0.6599, 24.1037], [-0.6501, 24.1091], [-0.641, 24.1151], [-0.6323, 24.1216], [-0.624, 24.1284], [-0.6159, 24.1355], [-0.6079, 24.1427], [-0.6, 24.15]]}, "properties": {"geo_id": "GEO_FLV_IMIKHREL", "nom": "Imikhrel", "type": "FLV", "statut": "[PROPOSITION] tracé"}}, {"type": "Feature", "geometry": {"type": "LineString", "coordinates": [[-5.0, 22.4], [-5.0115, 22.399], [-5.023, 22.3982], [-5.0345, 22.3978], [-5.0458, 22.3978], [-5.0571, 22.3982], [-5.0682, 22.3992], [-5.0793, 22.4009], [-5.0901, 22.4033], [-5.1009, 22.4066], [-5.1114, 22.411], [-5.1217, 22.4166], [-5.1317, 22.4233], [-5.1416, 22.4311], [-5.1514, 22.4395], [-5.1611, 22.4481], [-5.1708, 22.4564], [-5.1808, 22.4639], [-5.191, 22.4705], [-5.2015, 22.4757], [-5.2121, 22.4797], [-5.2233, 22.4803], [-5.2348, 22.4795], [-5.2465, 22.4774], [-5.2585, 22.474], [-5.2706, 22.4695], [-5.283, 22.4638], [-5.2955, 22.4572], [-5.3081, 22.4503], [-5.3207, 22.4437], [-5.3331, 22.4378], [-5.3452, 22.4334], [-5.3571, 22.4306], [-5.3686, 22.4294], [-5.3799, 22.4296], [-5.391, 22.431], [-5.4019, 22.4332], [-5.4127, 22.4361], [-5.4235, 22.4393], [-5.4342, 22.4429], [-5.4448, 22.4466], [-5.4555, 22.4504], [-5.4661, 22.4542], [-5.4767, 22.4581], [-5.4873, 22.462], [-5.4979, 22.466], [-5.5085, 22.4702], [-5.5191, 22.4743], [-5.5297, 22.4781], [-5.5404, 22.4815], [-5.5513, 22.4842], [-5.5623, 22.4862], [-5.5733, 22.4879], [-5.5843, 22.4897], [-5.5952, 22.4922], [-5.6058, 22.496], [-5.6162, 22.5009], [-5.6265, 22.5066], [-5.6367, 22.5126], [-5.647, 22.5182], [-5.6574, 22.5228], [-5.6682, 22.5259], [-5.6793, 22.527], [-5.6909, 22.5259], [-5.7029, 22.5226], [-5.7152, 22.5176], [-5.7276, 22.5119], [-5.74, 22.5065], [-5.7521, 22.5024], [-5.7639, 22.5], [-5.7754, 22.4992], [-5.7867, 22.4994], [-5.7982, 22.4996], [-5.8097, 22.4995], [-5.8213, 22.4988], [-5.8329, 22.4975], [-5.8445, 22.4962], [-5.8561, 22.4953], [-5.8676, 22.4947], [-5.8791, 22.4941], [-5.8906, 22.493], [-5.9024, 22.4912], [-5.9143, 22.4887], [-5.9262, 22.486], [-5.938, 22.484], [-5.9494, 22.4835], [-5.9606, 22.4847], [-5.9714, 22.4875], [-5.9819, 22.4914], [-5.9925, 22.4956], [-6.0035, 22.4993], [-6.0149, 22.5022], [-6.0261, 22.5039], [-6.0373, 22.5049], [-6.0485, 22.5056], [-6.0596, 22.507], [-6.0704, 22.5097], [-6.0808, 22.5142], [-6.0908, 22.5206], [-6.1004, 22.5287], [-6.1098, 22.5377], [-6.1191, 22.5471], [-6.1285, 22.5564], [-6.1379, 22.5651], [-6.1476, 22.5731], [-6.1573, 22.5805], [-6.1672, 22.5872], [-6.1773, 22.5932], [-6.1876, 22.5984], [-6.198, 22.6028], [-6.2085, 22.6064], [-6.2192, 22.6096], [-6.2298, 22.613], [-6.2403, 22.6172], [-6.2504, 22.6227], [-6.2601, 22.6298], [-6.2696, 22.6382], [-6.2789, 22.6471], [-6.2883, 22.6556], [-6.298, 22.6627], [-6.3082, 22.668], [-6.3189, 22.6711], [-6.33, 22.6723], [-6.3415, 22.6722], [-6.3531, 22.6715], [-6.3648, 22.6707], [-6.3764, 22.6698], [-6.3881, 22.669], [-6.3997, 22.6679], [-6.4115, 22.6662], [-6.4235, 22.6639], [-6.4357, 22.6609], [-6.448, 22.6576], [-6.4602, 22.6545], [-6.4723, 22.652], [-6.4842, 22.6505], [-6.4958, 22.6501], [-6.5071, 22.6504], [-6.5185, 22.651], [-6.53, 22.6509], [-6.5418, 22.6496], [-6.554, 22.6466], [-6.5667, 22.6418], [-6.5797, 22.6354], [-6.593, 22.6284], [-6.6062, 22.6214], [-6.6192, 22.6153], [-6.6318, 22.6107], [-6.6442, 22.6075], [-6.6566, 22.6056], [-6.6689, 22.6044], [-6.6807, 22.6031], [-6.6926, 22.6015], [-6.7047, 22.5995], [-6.7168, 22.5972], [-6.7289, 22.5946], [-6.7412, 22.5919], [-6.7534, 22.5891], [-6.7656, 22.5862], [-6.7778, 22.5838], [-6.7897, 22.5821], [-6.8013, 22.5817], [-6.8125, 22.5831], [-6.8231, 22.5863], [-6.8334, 22.5909], [-6.8434, 22.5965], [-6.8534, 22.6024], [-6.8634, 22.6082], [-6.8734, 22.6137], [-6.884, 22.6189], [-6.8949, 22.6239], [-6.9055, 22.6286], [-6.9159, 22.6328], [-6.9263, 22.6366], [-6.937, 22.6398], [-6.9478, 22.6424], [-6.9587, 22.6446], [-6.9697, 22.6468], [-6.9804, 22.6496], [-6.9908, 22.6537], [-7.0007, 22.6596], [-7.0101, 22.6675], [-7.019, 22.677], [-7.0276, 22.6874], [-7.0363, 22.6978], [-7.0453, 22.7072], [-7.0546, 22.7151], [-7.0644, 22.7213], [-7.0747, 22.7259], [-7.0853, 22.7294], [-7.0964, 22.7326], [-7.1072, 22.7365], [-7.1174, 22.7415], [-7.127, 22.7481], [-7.1362, 22.7563], [-7.1452, 22.7652], [-7.1543, 22.7737], [-7.1638, 22.7808], [-7.174, 22.7855], [-7.1849, 22.7876], [-7.1965, 22.7875], [-7.2086, 22.7857], [-7.221, 22.783], [-7.2334, 22.7802], [-7.2457, 22.7775], [-7.2579, 22.7753], [-7.27, 22.7735], [-7.2819, 22.7723], [-7.2936, 22.7721], [-7.3049, 22.773], [-7.3164, 22.7755], [-7.3274, 22.7793], [-7.3376, 22.784], [-7.3476, 22.7892], [-7.3576, 22.7946], [-7.3675, 22.8001], [-7.3774, 22.8056], [-7.3872, 22.8114], [-7.3969, 22.8176], [-7.4065, 22.8243], [-7.4158, 22.8318], [-7.4249, 22.84], [-7.4337, 22.849], [-7.4423, 22.8587], [-7.4508, 22.8689], [-7.4593, 22.879], [-7.4681, 22.8883], [-7.4772, 22.8963], [-7.4869, 22.9024], [-7.4972, 22.9067], [-7.5079, 22.9095], [-7.519, 22.9114], [-7.5301, 22.9129], [-7.5412, 22.9146], [-7.5522, 22.9168], [-7.563, 22.9193], [-7.5739, 22.9219], [-7.5848, 22.9242], [-7.5959, 22.9259], [-7.6073, 22.9267], [-7.619, 22.9265], [-7.6309, 22.9255], [-7.6431, 22.9239], [-7.6552, 22.9223], [-7.6673, 22.921], [-7.6791, 22.9205], [-7.6905, 22.9212], [-7.7015, 22.9233], [-7.7121, 22.927], [-7.7221, 22.932], [-7.7319, 22.9379], [-7.7415, 22.9444], [-7.751, 22.9509], [-7.7607, 22.957], [-7.7706, 22.9623], [-7.781, 22.9665], [-7.7918, 22.969], [-7.8032, 22.9699], [-7.815, 22.9694], [-7.827, 22.9684], [-7.8389, 22.9678], [-7.8503, 22.9684], [-7.8612, 22.9706], [-7.8717, 22.9742], [-7.8821, 22.9784], [-7.8926, 22.9821], [-7.9037, 22.9846], [-7.9153, 22.9852], [-7.9275, 22.9837], [-7.9405, 22.9801], [-7.954, 22.9749], [-7.9678, 22.9687], [-7.9816, 22.9626], [-7.995, 22.9576], [-8.0076, 22.9549], [-8.0193, 22.955], [-8.0299, 22.9582], [-8.0398, 22.9637], [-8.0491, 22.9707], [-8.0583, 22.978], [-8.0678, 22.9846], [-8.0776, 22.9902], [-8.088, 22.9945], [-8.0995, 22.9982], [-8.1109, 23.0015], [-8.1216, 23.0046], [-8.132, 23.0084], [-8.1419, 23.0135], [-8.1511, 23.0204], [-8.1597, 23.0291], [-8.1676, 23.0396], [-8.1751, 23.0512], [-8.1825, 23.0629], [-8.1901, 23.074], [-8.1983, 23.0837], [-8.2072, 23.0917], [-8.2165, 23.0982], [-8.2262, 23.104], [-8.2359, 23.1095], [-8.2456, 23.1154], [-8.2549, 23.1216], [-8.2639, 23.1284], [-8.2732, 23.1349], [-8.2827, 23.1407], [-8.2926, 23.1456], [-8.3029, 23.1497], [-8.3134, 23.1533], [-8.3239, 23.1567], [-8.3344, 23.1603], [-8.3448, 23.1641], [-8.3551, 23.168], [-8.3655, 23.1717], [-8.3762, 23.1748], [-8.3873, 23.1769], [-8.399, 23.1777], [-8.4113, 23.177], [-8.4241, 23.175], [-8.4376, 23.1722], [-8.4515, 23.1693], [-8.4654, 23.1661], [-8.4792, 23.163], [-8.4929, 23.1601], [-8.5064, 23.1576], [-8.5195, 23.1558], [-8.5322, 23.155], [-8.5443, 23.1554], [-8.5556, 23.1573], [-8.5662, 23.1608], [-8.5759, 23.1658], [-8.585, 23.1724], [-8.5934, 23.1801], [-8.6016, 23.1885], [-8.6097, 23.1969], [-8.619, 23.2052], [-8.6288, 23.2132], [-8.638, 23.2202], [-8.6472, 23.226], [-8.6569, 23.2313], [-8.6668, 23.2359], [-8.677, 23.2403], [-8.6872, 23.2445], [-8.6973, 23.2488], [-8.7075, 23.2532], [-8.7175, 23.2576], [-8.7278, 23.2618], [-8.7383, 23.2655], [-8.7493, 23.2684], [-8.7608, 23.2702], [-8.7729, 23.2712], [-8.7854, 23.2717], [-8.7994, 23.2729], [-8.8129, 23.2749], [-8.8246, 23.2769], [-8.8358, 23.2797], [-8.8466, 23.283], [-8.8572, 23.2867], [-8.8679, 23.2903], [-8.8789, 23.2934], [-8.8904, 23.2957], [-8.9025, 23.2971], [-8.915, 23.2978], [-8.9279, 23.298], [-8.9406, 23.2984], [-8.953, 23.2992], [-8.9648, 23.3011], [-8.9757, 23.3043], [-8.9873, 23.3099], [-8.9986, 23.3177], [-9.0072, 23.3261], [-9.0142, 23.3351], [-9.0205, 23.345], [-9.0261, 23.3558], [-9.0313, 23.3673], [-9.0361, 23.3793], [-9.0407, 23.3916], [-9.0452, 23.404], [-9.0498, 23.4164], [-9.0544, 23.4287], [-9.0589, 23.4411], [-9.0635, 23.4534], [-9.0681, 23.4657], [-9.073, 23.4775], [-9.0785, 23.4887], [-9.0847, 23.4991], [-9.0913, 23.5086], [-9.0983, 23.5172], [-9.1055, 23.5256], [-9.1124, 23.5345], [-9.1186, 23.5442], [-9.1241, 23.5548], [-9.1292, 23.5659], [-9.1343, 23.5769], [-9.1401, 23.5872], [-9.1467, 23.5964], [-9.1541, 23.6045], [-9.1622, 23.6117], [-9.1708, 23.6183], [-9.1797, 23.6245], [-9.1889, 23.6301], [-9.198, 23.6349], [-9.2076, 23.6395], [-9.2178, 23.644], [-9.228, 23.6487], [-9.2377, 23.6539], [-9.2467, 23.6599], [-9.2552, 23.6666], [-9.2636, 23.6735], [-9.2724, 23.6798], [-9.282, 23.6851], [-9.2926, 23.6893], [-9.3039, 23.6925], [-9.3154, 23.6956], [-9.3263, 23.6994], [-9.336, 23.7046], [-9.3442, 23.7116], [-9.3508, 23.72], [-9.3564, 23.7295], [-9.3621, 23.7394], [-9.3682, 23.7488], [-9.3753, 23.7571], [-9.3835, 23.7641], [-9.3928, 23.7697], [-9.4032, 23.7743], [-9.4142, 23.7781], [-9.4255, 23.7814], [-9.4369, 23.7848], [-9.4477, 23.7888], [-9.4578, 23.7937], [-9.4667, 23.7998], [-9.4746, 23.8072], [-9.4815, 23.8153], [-9.488, 23.8235], [-9.4955, 23.8311], [-9.5045, 23.8372], [-9.5155, 23.8411], [-9.5283, 23.8432], [-9.5421, 23.8441], [-9.556, 23.845], [-9.569, 23.8467], [-9.5808, 23.8498], [-9.5912, 23.8544], [-9.6008, 23.8599], [-9.6101, 23.8656], [-9.6196, 23.8712], [-9.6294, 23.8765], [-9.6394, 23.8816], [-9.6493, 23.8873], [-9.6585, 23.8937], [-9.6669, 23.9005], [-9.6748, 23.9078], [-9.6823, 23.9154], [-9.6895, 23.9233], [-9.6964, 23.9315], [-9.7028, 23.9403], [-9.7084, 23.9498], [-9.7134, 23.9599], [-9.718, 23.9705], [-9.7225, 23.9811], [-9.7275, 23.9913], [-9.7332, 24.0007], [-9.7399, 24.0091], [-9.7473, 24.0166], [-9.755, 24.0237], [-9.7626, 24.0311], [-9.7699, 24.0388], [-9.7767, 24.0471], [-9.7833, 24.0555], [-9.7903, 24.0636], [-9.7982, 24.0708], [-9.8074, 24.0768], [-9.8181, 24.0814], [-9.8298, 24.0852], [-9.8417, 24.0886], [-9.8534, 24.0923], [-9.864, 24.097], [-9.8733, 24.103], [-9.8811, 24.1103], [-9.8876, 24.1189], [-9.8929, 24.1284], [-9.8978, 24.1382], [-9.9027, 24.148], [-9.9081, 24.1574], [-9.9139, 24.1665], [-9.9197, 24.1755], [-9.9252, 24.1848], [-9.93, 24.1947], [-9.9339, 24.2053], [-9.9374, 24.2164], [-9.941, 24.2273], [-9.9454, 24.2375], [-9.951, 24.2467], [-9.9575, 24.2546], [-9.9642, 24.2618], [-9.9709, 24.2693], [-9.9773, 24.2777], [-9.9827, 24.287], [-9.9868, 24.2973], [-9.9899, 24.3084], [-9.9923, 24.32], [-9.9945, 24.3318], [-9.9971, 24.3432], [-10.0008, 24.3538], [-10.0061, 24.3632], [-10.0134, 24.3708], [-10.0229, 24.3768], [-10.0345, 24.3811], [-10.0468, 24.383], [-10.0602, 24.3845], [-10.0753, 24.3864], [-10.0908, 24.3881], [-10.1061, 24.3899], [-10.1209, 24.3921], [-10.1345, 24.3952], [-10.1468, 24.3992], [-10.1577, 24.4043], [-10.1676, 24.4101], [-10.1772, 24.4161], [-10.1872, 24.4219], [-10.1982, 24.4269], [-10.2102, 24.4312], [-10.2234, 24.4356], [-10.2363, 24.4406], [-10.2482, 24.4454], [-10.2589, 24.451], [-10.2684, 24.4573], [-10.2768, 24.4643], [-10.2844, 24.4719], [-10.2914, 24.4798], [-10.298, 24.488], [-10.3041, 24.4966], [-10.3094, 24.5056], [-10.314, 24.5151], [-10.318, 24.5251], [-10.3222, 24.5366], [-10.3255, 24.5482], [-10.3285, 24.5585], [-10.3324, 24.5682], [-10.3374, 24.5774], [-10.3435, 24.5858], [-10.3506, 24.5938], [-10.3583, 24.6014], [-10.3665, 24.6088], [-10.3747, 24.6162], [-10.3827, 24.6236], [-10.3901, 24.6314], [-10.3971, 24.6402], [-10.4028, 24.6503], [-10.4065, 24.6606], [-10.4083, 24.6712], [-10.4087, 24.6826], [-10.4078, 24.6946], [-10.4057, 24.7071], [-10.4027, 24.7202], [-10.3989, 24.7336], [-10.3948, 24.7471], [-10.3908, 24.7606], [-10.3876, 24.7737], [-10.3855, 24.786], [-10.3844, 24.7973], [-10.3845, 24.8082], [-10.3857, 24.819], [-10.3874, 24.8296], [-10.3891, 24.8401], [-10.3905, 24.8508], [-10.3916, 24.8616], [-10.3924, 24.8726], [-10.3933, 24.8836], [-10.3943, 24.8944], [-10.3958, 24.9051], [-10.3981, 24.9151], [-10.4013, 24.9246], [-10.4059, 24.9336], [-10.4122, 24.9421], [-10.4203, 24.9498], [-10.4302, 24.9567], [-10.4421, 24.9627], [-10.4558, 24.9679], [-10.4713, 24.9723], [-10.4882, 24.9761], [-10.5061, 24.9795], [-10.5243, 24.9827], [-10.5421, 24.9861], [-10.5591, 24.9897], [-10.5746, 24.9939], [-10.5882, 24.999], [-10.5995, 25.0052], [-10.6086, 25.0123], [-10.6156, 25.0205], [-10.6209, 25.0294], [-10.625, 25.0389], [-10.6285, 25.0486], [-10.6318, 25.0584], [-10.6354, 25.0682], [-10.6392, 25.0777], [-10.6433, 25.087], [-10.6474, 25.0964], [-10.6512, 25.106], [-10.6542, 25.116], [-10.6562, 25.1265], [-10.6571, 25.1374], [-10.6573, 25.1487], [-10.6572, 25.1601], [-10.6575, 25.1713], [-10.6587, 25.1821], [-10.6611, 25.1924], [-10.6644, 25.2022], [-10.6683, 25.2118], [-10.6725, 25.2212], [-10.6767, 25.2306], [-10.6809, 25.24], [-10.6851, 25.2494], [-10.6895, 25.2587], [-10.694, 25.268], [-10.6985, 25.2772], [-10.7029, 25.2865], [-10.7069, 25.296], [-10.7106, 25.3056], [-10.7142, 25.3153], [-10.7181, 25.3248], [-10.7227, 25.334], [-10.7285, 25.3426], [-10.7357, 25.3507], [-10.7444, 25.3582], [-10.7546, 25.3649], [-10.7663, 25.371], [-10.7793, 25.3766], [-10.7932, 25.3817], [-10.8077, 25.3866], [-10.8223, 25.3915], [-10.8364, 25.3967], [-10.8495, 25.4024], [-10.8612, 25.4086], [-10.8711, 25.4155], [-10.8791, 25.4233], [-10.8852, 25.4318], [-10.8894, 25.4412], [-10.892, 25.4513], [-10.8931, 25.4619], [-10.8933, 25.473], [-10.8931, 25.4843], [-10.893, 25.4955], [-10.8936, 25.5064], [-10.8953, 25.5169], [-10.898, 25.5269], [-10.9015, 25.5366], [-10.9048, 25.5463], [-10.9055, 25.5572], [-10.9054, 25.5684], [-10.9046, 25.5799], [-10.9033, 25.5916], [-10.902, 25.6033], [-10.901, 25.6149], [-10.9006, 25.6262], [-10.9012, 25.6371], [-10.9028, 25.6475], [-10.9055, 25.6576], [-10.909, 25.6672], [-10.9131, 25.6766], [-10.9177, 25.6858], [-10.9224, 25.6949], [-10.9271, 25.7041], [-10.9316, 25.7133], [-10.9361, 25.7225], [-10.9407, 25.7317], [-10.9453, 25.7409], [-10.95, 25.75]]}, "properties": {"geo_id": "GEO_FLV_EHUKHTAL", "nom": "Ehukhtal", "type": "FLV", "statut": "[PROPOSITION] tracé"}}, {"type": "Feature", "geometry": {"type": "LineString", "coordinates": [[20.0, 19.5], [20.0097, 19.5056], [20.0196, 19.511], [20.0299, 19.516], [20.0405, 19.5205], [20.0516, 19.5246], [20.0631, 19.5284], [20.0747, 19.532], [20.0862, 19.5356], [20.0974, 19.5397], [20.1078, 19.5446], [20.1172, 19.5504], [20.1258, 19.5572], [20.1337, 19.5647], [20.1413, 19.5723], [20.1493, 19.5795], [20.1581, 19.586], [20.1677, 19.5916], [20.1781, 19.5965], [20.1886, 19.6012], [20.1986, 19.6065], [20.2059, 19.6145], [20.2115, 19.6245], [20.2155, 19.6361], [20.2182, 19.6491], [20.2202, 19.6628], [20.2221, 19.6766], [20.2246, 19.6899], [20.2279, 19.7022], [20.2324, 19.7133], [20.2381, 19.7231], [20.245, 19.7316], [20.2529, 19.739], [20.2618, 19.7455], [20.2712, 19.7514], [20.2809, 19.7569], [20.2908, 19.7623], [20.3005, 19.7678], [20.3102, 19.7734], [20.3199, 19.779], [20.3296, 19.7845], [20.3393, 19.7901], [20.3486, 19.796], [20.3572, 19.8028], [20.3646, 19.8107], [20.3706, 19.8201], [20.3752, 19.831], [20.3788, 19.8431], [20.3818, 19.8556], [20.3851, 19.8678], [20.3894, 19.8791], [20.3949, 19.889], [20.4018, 19.8975], [20.4099, 19.9048], [20.4189, 19.9111], [20.4286, 19.9166], [20.4388, 19.9213], [20.4496, 19.9254], [20.4613, 19.9289], [20.4735, 19.932], [20.4858, 19.9351], [20.4973, 19.9388], [20.5074, 19.9441], [20.5155, 19.9512], [20.5218, 19.9604], [20.5265, 19.9711], [20.5305, 19.9824], [20.5349, 19.9935], [20.5402, 20.0035], [20.5468, 20.0122], [20.5547, 20.0193], [20.5636, 20.0252], [20.5737, 20.0303], [20.5845, 20.035], [20.5954, 20.0394], [20.6063, 20.044], [20.617, 20.0487], [20.6273, 20.0537], [20.6375, 20.059], [20.6474, 20.0644], [20.6571, 20.0701], [20.6666, 20.0759], [20.676, 20.082], [20.6853, 20.0881], [20.6947, 20.094], [20.7045, 20.0996], [20.7144, 20.1051], [20.7242, 20.1107], [20.7334, 20.1169], [20.7419, 20.1238], [20.7493, 20.1316], [20.7559, 20.1403], [20.762, 20.1495], [20.7679, 20.1588], [20.7738, 20.1681], [20.7798, 20.1774], [20.7859, 20.1865], [20.7919, 20.1957], [20.7979, 20.205], [20.8042, 20.2139], [20.8112, 20.2222], [20.8194, 20.2294], [20.829, 20.2351], [20.8401, 20.2395], [20.8521, 20.243], [20.8647, 20.2459], [20.877, 20.2491], [20.8887, 20.2529], [20.8992, 20.2578], [20.9086, 20.2638], [20.9171, 20.2707], [20.9254, 20.278], [20.9337, 20.2852], [20.9426, 20.2917], [20.9522, 20.2975], [20.9622, 20.3029], [20.9721, 20.3085], [20.9815, 20.3145], [20.9901, 20.3213], [20.998, 20.3287], [21.0057, 20.3363], [21.0138, 20.3436], [21.0225, 20.3502], [21.0322, 20.3564], [21.0423, 20.3626], [21.0517, 20.3688], [21.0601, 20.3759], [21.0668, 20.3843], [21.0718, 20.3942], [21.0755, 20.4054], [21.0785, 20.4171], [21.0815, 20.4288], [21.0853, 20.4398], [21.0901, 20.45], [21.0958, 20.4594], [21.1019, 20.4684], [21.108, 20.4774], [21.1137, 20.4867], [21.1189, 20.4965], [21.1236, 20.5066], [21.1283, 20.5167], [21.1332, 20.5266], [21.1383, 20.5364], [21.1437, 20.5459], [21.1491, 20.5554], [21.1547, 20.5647], [21.1607, 20.5737], [21.1673, 20.5822], [21.1748, 20.5901], [21.183, 20.5972], [21.1916, 20.604], [21.2005, 20.6107], [21.2091, 20.6175], [21.2172, 20.6247], [21.2249, 20.6322], [21.2321, 20.64], [21.2392, 20.6479], [21.2466, 20.6557], [21.2549, 20.6629], [21.2645, 20.669], [21.2757, 20.6738], [21.2885, 20.6773], [21.3025, 20.6799], [21.317, 20.6821], [21.3308, 20.6848], [21.3435, 20.6885], [21.3545, 20.6935], [21.364, 20.6996], [21.3727, 20.7064], [21.381, 20.7135], [21.3897, 20.7203], [21.3989, 20.7267], [21.4084, 20.7329], [21.4179, 20.739], [21.427, 20.7455], [21.4354, 20.7526], [21.4431, 20.7606], [21.4502, 20.7694], [21.4564, 20.7785], [21.4621, 20.7877], [21.4674, 20.7971], [21.4724, 20.8067], [21.477, 20.8167], [21.4809, 20.8272], [21.4844, 20.8381], [21.4875, 20.8492], [21.4908, 20.8601], [21.495, 20.8704], [21.5007, 20.8795], [21.5082, 20.8873], [21.5175, 20.8937], [21.5281, 20.8991], [21.5393, 20.904], [21.5505, 20.9089], [21.5613, 20.9142], [21.5714, 20.92], [21.5806, 20.9264], [21.5889, 20.9336], [21.596, 20.9416], [21.6019, 20.9506], [21.6065, 20.9605], [21.6103, 20.9711], [21.6137, 20.982], [21.6176, 20.9925], [21.6226, 21.0022], [21.6292, 21.0108], [21.6377, 21.0181], [21.6478, 21.024], [21.6594, 21.0287], [21.6718, 21.0329], [21.6841, 21.0371], [21.6953, 21.0421], [21.7048, 21.0484], [21.7121, 21.0563], [21.7172, 21.0658], [21.7207, 21.0765], [21.7235, 21.0878], [21.7263, 21.099], [21.7299, 21.1097], [21.7343, 21.1197], [21.7397, 21.129], [21.7456, 21.138], [21.7516, 21.1468], [21.7573, 21.1559], [21.7624, 21.1654], [21.7667, 21.1755], [21.7703, 21.1862], [21.7732, 21.1974], [21.7759, 21.2087], [21.7788, 21.2198], [21.7825, 21.2304], [21.7873, 21.2402], [21.7934, 21.2489], [21.801, 21.2566], [21.8096, 21.2635], [21.8189, 21.2699], [21.8284, 21.2762], [21.8376, 21.2827], [21.8462, 21.2896], [21.8542, 21.2971], [21.8614, 21.305], [21.8681, 21.3135], [21.8741, 21.3224], [21.8796, 21.3315], [21.885, 21.3408], [21.8907, 21.3499], [21.8969, 21.3586], [21.9039, 21.3667], [21.9115, 21.3744], [21.9195, 21.3818], [21.9273, 21.3893], [21.9344, 21.3974], [21.9404, 21.4062], [21.9453, 21.4158], [21.9491, 21.4263], [21.952, 21.4374], [21.9546, 21.4487], [21.9574, 21.4598], [21.9614, 21.4702], [21.9672, 21.4791], [21.9754, 21.4864], [21.9861, 21.4918], [21.9988, 21.4958], [22.0126, 21.4989], [22.0267, 21.5019], [22.0399, 21.5054], [22.0519, 21.5098], [22.0625, 21.5154], [22.0719, 21.5217], [22.0805, 21.5287], [22.0889, 21.5358], [22.0974, 21.5427], [22.1064, 21.5494], [22.1158, 21.5557], [22.1255, 21.5619], [22.1352, 21.568], [22.1445, 21.5745], [22.153, 21.5814], [22.1606, 21.5891], [22.1673, 21.5976], [22.1732, 21.6066], [22.1788, 21.6157], [22.1848, 21.6245], [22.1912, 21.633], [22.1981, 21.6412], [22.2052, 21.6493], [22.2118, 21.6576], [22.2178, 21.6665], [22.2229, 21.6759], [22.2273, 21.6859], [22.2314, 21.6961], [22.2355, 21.7063], [22.2395, 21.7165], [22.2433, 21.7269], [22.2466, 21.7378], [22.2489, 21.7492], [22.2504, 21.7613], [22.2511, 21.7739], [22.2517, 21.7867], [22.2526, 21.7992], [22.2544, 21.811], [22.2574, 21.822], [22.262, 21.8318], [22.268, 21.8407], [22.2752, 21.8486], [22.2834, 21.8558], [22.2919, 21.8628], [22.3005, 21.8697], [22.3089, 21.8768], [22.3169, 21.8842], [22.3244, 21.8919], [22.3315, 21.8999], [22.3381, 21.9083], [22.3444, 21.9169], [22.3505, 21.9256], [22.3565, 21.9344], [22.3628, 21.943], [22.3694, 21.9514], [22.3764, 21.9594], [22.3841, 21.967], [22.3926, 21.974], [22.4022, 21.9802], [22.413, 21.9855], [22.4251, 21.99], [22.438, 21.9938], [22.4511, 21.9974], [22.4636, 22.0016], [22.4748, 22.0066], [22.4844, 22.0128], [22.4925, 22.0201], [22.4993, 22.0283], [22.5054, 22.0371], [22.5113, 22.0459], [22.5178, 22.0544], [22.5251, 22.0622], [22.5333, 22.0694], [22.5424, 22.076], [22.5517, 22.0824], [22.5607, 22.089], [22.5686, 22.0964], [22.5751, 22.1049], [22.5798, 22.1146], [22.5828, 22.1255], [22.5842, 22.1377], [22.5842, 22.1508], [22.5831, 22.1647], [22.5816, 22.1789], [22.5804, 22.1929], [22.5802, 22.2061], [22.5816, 22.2183], [22.5847, 22.2292], [22.5893, 22.239], [22.595, 22.2481], [22.6012, 22.2568], [22.6072, 22.2656], [22.6126, 22.2748], [22.6172, 22.2846], [22.6208, 22.2951], [22.6237, 22.3062], [22.6259, 22.3177], [22.628, 22.3294], [22.6303, 22.3409], [22.6334, 22.3518], [22.6378, 22.3617], [22.6437, 22.3706], [22.651, 22.3784], [22.6596, 22.3853], [22.6689, 22.3916], [22.6788, 22.3977], [22.6885, 22.4037], [22.6978, 22.4101], [22.7061, 22.4172], [22.7132, 22.4252], [22.7188, 22.4342], [22.7233, 22.4441], [22.7271, 22.4545], [22.7307, 22.465], [22.7348, 22.4752], [22.7397, 22.4849], [22.746, 22.4943], [22.7532, 22.5026], [22.7612, 22.5099], [22.7704, 22.5163], [22.7807, 22.5218], [22.7922, 22.5265], [22.8046, 22.5305], [22.8177, 22.534], [22.8309, 22.5374], [22.8439, 22.5409], [22.8564, 22.5448], [22.8681, 22.5493], [22.879, 22.5544], [22.889, 22.5602], [22.8979, 22.5668], [22.9059, 22.5741], [22.9129, 22.5822], [22.919, 22.5909], [22.9243, 22.6002], [22.9292, 22.61], [22.934, 22.6198], [22.9388, 22.6297], [22.9435, 22.6395], [22.9484, 22.6492], [22.9534, 22.6589], [22.9581, 22.6687], [22.9625, 22.6788], [22.9665, 22.6893], [22.9699, 22.7001], [22.9731, 22.7112], [22.9765, 22.722], [22.9807, 22.7323], [22.9866, 22.7417], [22.9948, 22.7496], [23.005, 22.7553], [23.0172, 22.759], [23.0314, 22.7612], [23.0469, 22.7622], [23.0632, 22.7626], [23.0796, 22.7629], [23.0956, 22.7635], [23.1113, 22.7644], [23.1267, 22.7655], [23.1423, 22.7664], [23.1584, 22.7668], [23.1752, 22.7668], [23.1921, 22.7666], [23.2086, 22.7668], [23.2239, 22.768], [23.2377, 22.7704], [23.2509, 22.7751], [23.2632, 22.7812], [23.2737, 22.7871], [23.2834, 22.793], [23.2925, 22.7994], [23.3009, 22.8064], [23.3082, 22.8141], [23.3147, 22.8226], [23.3214, 22.8322], [23.3291, 22.8432], [23.336, 22.8534], [23.342, 22.8621], [23.3482, 22.8707], [23.3542, 22.8794], [23.3596, 22.8886], [23.364, 22.8985], [23.3672, 22.9092], [23.369, 22.9209], [23.3692, 22.9337], [23.3688, 22.9481], [23.3675, 22.9633], [23.3655, 22.9778], [23.3638, 22.9916], [23.3633, 23.0046], [23.3638, 23.0169], [23.3652, 23.0286], [23.367, 23.04], [23.3693, 23.0512], [23.3721, 23.062], [23.376, 23.0721], [23.3813, 23.0812], [23.3884, 23.0892], [23.3971, 23.0963], [23.4067, 23.1029], [23.4165, 23.1093], [23.4257, 23.116], [23.4342, 23.1231], [23.4421, 23.1306], [23.4497, 23.1383], [23.4575, 23.1458], [23.4657, 23.1531], [23.4745, 23.1601], [23.4836, 23.1668], [23.4928, 23.1735], [23.5019, 23.1802], [23.5106, 23.1875], [23.5187, 23.1954], [23.526, 23.2036], [23.5327, 23.2118], [23.5392, 23.2202], [23.5459, 23.2284], [23.5531, 23.2364], [23.5611, 23.2438], [23.5701, 23.2507], [23.5801, 23.257], [23.5911, 23.2626], [23.6027, 23.2679], [23.6144, 23.2732], [23.6253, 23.2789], [23.6349, 23.2859], [23.6427, 23.2941], [23.6486, 23.303], [23.6533, 23.3123], [23.6579, 23.3218], [23.663, 23.331], [23.6688, 23.3398], [23.6751, 23.3483], [23.6813, 23.3568], [23.6869, 23.3657], [23.6914, 23.3752], [23.6946, 23.3855], [23.6967, 23.3965], [23.698, 23.4079], [23.699, 23.4197], [23.6997, 23.4316], [23.7005, 23.4433], [23.7016, 23.4548], [23.703, 23.4661], [23.7047, 23.4772], [23.7067, 23.4882], [23.709, 23.4989], [23.7118, 23.5095], [23.7148, 23.5199], [23.718, 23.5301], [23.7216, 23.5401], [23.7256, 23.5499], [23.7303, 23.5593], [23.736, 23.5681], [23.7428, 23.5763], [23.7506, 23.5839], [23.7591, 23.5911], [23.768, 23.5981], [23.7771, 23.605], [23.786, 23.6119], [23.7946, 23.6191], [23.8026, 23.6265], [23.8099, 23.6344], [23.8161, 23.643], [23.821, 23.6523], [23.8245, 23.6623], [23.8271, 23.6729], [23.829, 23.684], [23.8307, 23.6951], [23.8328, 23.706], [23.8355, 23.7165], [23.8393, 23.7264], [23.8442, 23.7357], [23.8504, 23.7442], [23.8579, 23.7519], [23.8665, 23.7591], [23.876, 23.7657], [23.8858, 23.7722], [23.8955, 23.7787], [23.905, 23.7853], [23.914, 23.7922], [23.9229, 23.7994], [23.9313, 23.8069], [23.9391, 23.8145], [23.9461, 23.8226], [23.9521, 23.8312], [23.9574, 23.8402], [23.9625, 23.8494], [23.9682, 23.8581], [23.9753, 23.8661], [23.9842, 23.8732], [23.9944, 23.8794], [24.0053, 23.8853], [24.016, 23.8913], [24.0258, 23.8977], [24.0348, 23.9049], [24.0431, 23.9124], [24.0513, 23.9199], [24.0601, 23.927], [24.0696, 23.9336], [24.0798, 23.9399], [24.0902, 23.9462], [24.1001, 23.9526], [24.1092, 23.9595], [24.1172, 23.967], [24.1243, 23.975], [24.1303, 23.9836], [24.1354, 23.9927], [24.1397, 24.0023], [24.1429, 24.0125], [24.1453, 24.0233], [24.1466, 24.0346], [24.1471, 24.0462], [24.147, 24.0582], [24.1467, 24.0703], [24.1466, 24.0823], [24.1471, 24.0939], [24.1488, 24.1049], [24.1521, 24.115], [24.1572, 24.1241], [24.1644, 24.132], [24.1731, 24.1392], [24.1825, 24.1459], [24.1918, 24.1527], [24.1998, 24.1602], [24.2058, 24.1688], [24.2097, 24.1786], [24.2116, 24.1895], [24.2121, 24.2011], [24.2121, 24.2129], [24.2124, 24.2247], [24.2134, 24.2361], [24.215, 24.247], [24.2168, 24.258], [24.217, 24.2698], [24.2166, 24.2818], [24.2157, 24.2943], [24.2144, 24.3068], [24.2135, 24.3192], [24.2133, 24.3312], [24.2143, 24.3426], [24.2165, 24.3532], [24.2198, 24.3633], [24.2239, 24.3729], [24.2286, 24.3823], [24.2338, 24.3913], [24.2393, 24.4002], [24.2456, 24.4086], [24.2526, 24.4166], [24.2606, 24.4241], [24.2695, 24.4311], [24.2792, 24.4376], [24.2895, 24.4439], [24.3, 24.45]]}, "properties": {"geo_id": "GEO_FLV_HAWQAL", "nom": "|Na-khuwel / Ḥawqal", "type": "FLV", "statut": "[PROPOSITION] tracé"}}, {"type": "Feature", "geometry": {"type": "LineString", "coordinates": [[22.4, 17.4], [22.4031, 17.4104], [22.406, 17.4208], [22.4088, 17.4312], [22.4112, 17.4417], [22.4133, 17.4522], [22.415, 17.4628], [22.4165, 17.4734], [22.418, 17.484], [22.4197, 17.4946], [22.4218, 17.5051], [22.4241, 17.5156], [22.4258, 17.5262], [22.4264, 17.5369], [22.4251, 17.548], [22.4217, 17.5593], [22.4165, 17.571], [22.41, 17.5829], [22.4032, 17.5947], [22.3971, 17.6066], [22.3922, 17.6184], [22.3911, 17.6294], [22.3916, 17.6402], [22.3933, 17.6507], [22.3953, 17.6613], [22.397, 17.6718], [22.3978, 17.6826], [22.3971, 17.6935], [22.395, 17.7047], [22.392, 17.716], [22.3892, 17.7273], [22.3878, 17.7384], [22.3887, 17.7491], [22.3925, 17.7593], [22.399, 17.7691], [22.4079, 17.7785], [22.4185, 17.7876], [22.4305, 17.7966], [22.4432, 17.8054], [22.4562, 17.8141], [22.4689, 17.8229], [22.4804, 17.8319], [22.4904, 17.8411], [22.4985, 17.8507], [22.5048, 17.8605], [22.5101, 17.8705], [22.5151, 17.8805], [22.5205, 17.8905], [22.5268, 17.9003], [22.5344, 17.9099], [22.5434, 17.9193], [22.5542, 17.9284], [22.5669, 17.9372], [22.5813, 17.9457], [22.5964, 17.9541], [22.6112, 17.9626], [22.6242, 17.9713], [22.6343, 17.9807], [22.641, 17.9908], [22.6442, 18.0013], [22.6446, 18.0121], [22.6431, 18.0231], [22.6407, 18.0343], [22.638, 18.0455], [22.6353, 18.0567], [22.6325, 18.068], [22.6291, 18.0793], [22.625, 18.0908], [22.6199, 18.1024], [22.6135, 18.1142], [22.6061, 18.1261], [22.5977, 18.1382], [22.589, 18.1504], [22.5805, 18.1625], [22.5728, 18.1745], [22.5661, 18.1864], [22.5602, 18.1981], [22.5549, 18.2098], [22.5499, 18.2213], [22.5453, 18.2328], [22.5415, 18.2441], [22.5392, 18.2552], [22.5386, 18.2661], [22.5396, 18.2767], [22.5413, 18.2873], [22.5427, 18.2979], [22.5424, 18.3087], [22.5395, 18.3199], [22.5338, 18.3315], [22.526, 18.3434], [22.5173, 18.3554], [22.5095, 18.3673], [22.5044, 18.3788], [22.503, 18.3898], [22.5058, 18.4002], [22.5119, 18.4098], [22.5196, 18.419], [22.5272, 18.4286], [22.5333, 18.4386], [22.5367, 18.4489], [22.5372, 18.4596], [22.535, 18.4706], [22.531, 18.4818], [22.5263, 18.4932], [22.5222, 18.5044], [22.5198, 18.5155], [22.5199, 18.5262], [22.5227, 18.5366], [22.5276, 18.5467], [22.5336, 18.5567], [22.5395, 18.5667], [22.5442, 18.5768], [22.5471, 18.5872], [22.5485, 18.5976], [22.5486, 18.6079], [22.5484, 18.6182], [22.5487, 18.6289], [22.5501, 18.6394], [22.5526, 18.6499], [22.5561, 18.6602], [22.5604, 18.6704], [22.5652, 18.6806], [22.5705, 18.6907], [22.5761, 18.7008], [22.582, 18.7109], [22.5883, 18.7209], [22.5947, 18.7309], [22.6012, 18.7409], [22.6077, 18.7509], [22.6142, 18.7609], [22.6206, 18.7709], [22.627, 18.7809], [22.6333, 18.791], [22.6396, 18.8011], [22.646, 18.8112], [22.6523, 18.8213], [22.6583, 18.8314], [22.6632, 18.8416], [22.6666, 18.852], [22.6678, 18.8626], [22.6666, 18.8733], [22.6631, 18.8844], [22.6578, 18.8955], [22.6517, 18.9068], [22.6454, 18.918], [22.6397, 18.9292], [22.635, 18.9403], [22.6317, 18.9513], [22.63, 18.9621], [22.6303, 18.9727], [22.6327, 18.9831], [22.6374, 18.9934], [22.6442, 19.0035], [22.6528, 19.0134], [22.663, 19.0232], [22.6743, 19.033], [22.6863, 19.0426], [22.6986, 19.0523], [22.7105, 19.062], [22.7213, 19.0717], [22.7303, 19.0817], [22.737, 19.0918], [22.7412, 19.1021], [22.7432, 19.1125], [22.7437, 19.1232], [22.7434, 19.1338], [22.7431, 19.1445], [22.7432, 19.1555], [22.7437, 19.1665], [22.7442, 19.1771], [22.7443, 19.1877], [22.7435, 19.1984], [22.7416, 19.2092], [22.7384, 19.22], [22.7339, 19.231], [22.7282, 19.242], [22.7215, 19.2531], [22.7136, 19.2643], [22.7048, 19.2756], [22.6951, 19.2869], [22.6845, 19.2983], [22.6731, 19.3097], [22.6612, 19.3212], [22.6493, 19.3327], [22.6382, 19.344], [22.629, 19.3552], [22.6226, 19.3662], [22.6194, 19.377], [22.6193, 19.3876], [22.6217, 19.3981], [22.6256, 19.4084], [22.6303, 19.4187], [22.6354, 19.429], [22.6408, 19.4393], [22.6469, 19.4495], [22.654, 19.4596], [22.6623, 19.4697], [22.6714, 19.4797], [22.6806, 19.4897], [22.6892, 19.4997], [22.6967, 19.5098], [22.7026, 19.5201], [22.7075, 19.5304], [22.7118, 19.5407], [22.7162, 19.551], [22.7209, 19.5613], [22.7259, 19.5716], [22.7305, 19.5819], [22.7342, 19.5923], [22.7364, 19.6027], [22.7369, 19.6133], [22.7359, 19.624], [22.7333, 19.6347], [22.7293, 19.6456], [22.724, 19.6565], [22.7175, 19.6675], [22.7102, 19.6786], [22.7026, 19.6896], [22.6958, 19.7007], [22.6906, 19.7115], [22.6873, 19.7223], [22.686, 19.733], [22.6857, 19.7436], [22.6854, 19.7542], [22.6841, 19.7648], [22.6815, 19.7756], [22.6779, 19.7863], [22.6742, 19.7971], [22.6712, 19.8079], [22.67, 19.8185], [22.6708, 19.8291], [22.6734, 19.8395], [22.6772, 19.8499], [22.6812, 19.8602], [22.6847, 19.8705], [22.6867, 19.8808], [22.6871, 19.8914], [22.6858, 19.902], [22.6834, 19.9127], [22.6804, 19.9234], [22.6774, 19.9341], [22.6747, 19.9448], [22.6723, 19.9555], [22.67, 19.9661], [22.6675, 19.9768], [22.6651, 19.9875], [22.6631, 19.9982], [22.6617, 20.0088], [22.6611, 20.0194], [22.6613, 20.0299], [22.6618, 20.0403], [22.6622, 20.0507], [22.6626, 20.0612], [22.6629, 20.0717], [22.6636, 20.0822], [22.6652, 20.0927], [22.6679, 20.1031], [22.6719, 20.1135], [22.6771, 20.1239], [22.6833, 20.1342], [22.6901, 20.1444], [22.6969, 20.1547], [22.7031, 20.165], [22.7081, 20.1753], [22.7113, 20.1857], [22.7125, 20.1962], [22.712, 20.2068], [22.7104, 20.2173], [22.7086, 20.228], [22.7077, 20.2385], [22.7081, 20.2491], [22.7101, 20.2595], [22.7131, 20.2699], [22.7167, 20.2803], [22.7204, 20.2907], [22.7236, 20.3012], [22.7262, 20.3116], [22.7281, 20.3221], [22.7294, 20.3325], [22.7303, 20.343], [22.7307, 20.3536], [22.7309, 20.3641], [22.7308, 20.3746], [22.73, 20.3852], [22.7279, 20.3958], [22.7241, 20.4065], [22.7182, 20.4172], [22.7104, 20.428], [22.7016, 20.4389], [22.6931, 20.4497], [22.6863, 20.4605], [22.6825, 20.4712], [22.6824, 20.4817], [22.6859, 20.4921], [22.6943, 20.5023], [22.7033, 20.5125], [22.7114, 20.5227], [22.7177, 20.533], [22.7219, 20.5434], [22.7245, 20.5538], [22.726, 20.5643], [22.727, 20.5748], [22.7278, 20.5853], [22.7285, 20.5957], [22.7294, 20.6062], [22.7304, 20.6167], [22.7316, 20.6272], [22.7331, 20.6376], [22.7351, 20.6481], [22.7375, 20.6585], [22.7402, 20.6689], [22.7433, 20.6793], [22.7466, 20.6896], [22.75, 20.7]]}, "properties": {"geo_id": "GEO_FLV_HAWQAL_RA", "nom": "|Na-khuwel-ra", "type": "FLV", "statut": "[PROPOSITION] tracé"}}, {"type": "Feature", "geometry": {"type": "LineString", "coordinates": [[22.6, 18.6], [22.6093, 18.6067], [22.6184, 18.6135], [22.6273, 18.6204], [22.6358, 18.6277], [22.6439, 18.6352], [22.6515, 18.643], [22.6587, 18.6512], [22.6656, 18.6596], [22.6722, 18.6681], [22.6788, 18.6767], [22.6857, 18.685], [22.6931, 18.6931], [22.7013, 18.7006], [22.7101, 18.7075], [22.7195, 18.7139], [22.7291, 18.7199], [22.7384, 18.7261], [22.7471, 18.7332], [22.7544, 18.7412], [22.7603, 18.7504], [22.7638, 18.7612], [22.7668, 18.7726], [22.7695, 18.7841], [22.7724, 18.7955], [22.7755, 18.8067], [22.7787, 18.8179], [22.7819, 18.829], [22.7853, 18.84], [22.7889, 18.8509], [22.793, 18.8613], [22.7979, 18.8712], [22.8035, 18.8805], [22.8101, 18.889], [22.8177, 18.8969], [22.8261, 18.9041], [22.8354, 18.9107], [22.8453, 18.9168], [22.8556, 18.9226], [22.8659, 18.9283], [22.8759, 18.9344], [22.8851, 18.9409], [22.8935, 18.9482], [22.9009, 18.9562], [22.9076, 18.9647], [22.9141, 18.9733], [22.9208, 18.9818], [22.9281, 18.9899], [22.9357, 18.9979], [22.9434, 19.0057], [22.9507, 19.0137], [22.9573, 19.0223], [22.9627, 19.0317], [22.9673, 19.0417], [22.9713, 19.0521], [22.9753, 19.0625], [22.9796, 19.0727], [22.9848, 19.0822], [22.991, 19.091], [22.9987, 19.0988], [23.008, 19.1055], [23.019, 19.1109], [23.0314, 19.1155], [23.0447, 19.12], [23.0577, 19.125], [23.0696, 19.1303], [23.0798, 19.1366], [23.0883, 19.144], [23.0954, 19.1523], [23.1016, 19.1611], [23.1075, 19.1701], [23.1134, 19.1791], [23.1196, 19.1879], [23.1262, 19.1965], [23.1333, 19.2047], [23.1408, 19.2127], [23.1489, 19.2204], [23.1576, 19.2278], [23.1679, 19.2369], [23.1779, 19.2465], [23.1871, 19.2539], [23.1965, 19.2613], [23.2057, 19.2686], [23.2144, 19.2763], [23.2218, 19.2846], [23.2278, 19.2935], [23.2321, 19.3033], [23.2352, 19.3138], [23.2374, 19.3246], [23.2394, 19.3356], [23.2417, 19.3463], [23.2449, 19.3567], [23.2495, 19.3671], [23.2564, 19.3793], [23.2635, 19.3907], [23.271, 19.3993], [23.2793, 19.4076], [23.2878, 19.4158], [23.2955, 19.4244], [23.3018, 19.4334], [23.3063, 19.4431], [23.3091, 19.4534], [23.3108, 19.4641], [23.3119, 19.475], [23.3129, 19.486], [23.314, 19.4969], [23.3153, 19.5077], [23.317, 19.5194], [23.3191, 19.5325], [23.3205, 19.5448], [23.3219, 19.5554], [23.324, 19.5658], [23.3268, 19.576], [23.3303, 19.586], [23.3345, 19.5959], [23.339, 19.6057], [23.3437, 19.6154], [23.3482, 19.6251], [23.3524, 19.635], [23.3561, 19.6449], [23.3594, 19.655], [23.3622, 19.6652], [23.3649, 19.6759], [23.3678, 19.6881], [23.3702, 19.7001], [23.3724, 19.7104], [23.3749, 19.7207], [23.3776, 19.7309], [23.3804, 19.7412], [23.383, 19.7514], [23.3856, 19.7617], [23.3882, 19.7719], [23.3909, 19.7822], [23.3937, 19.7924], [23.3964, 19.8026], [23.3988, 19.8129], [23.4006, 19.8233], [23.4015, 19.834], [23.402, 19.8462], [23.4016, 19.8585], [23.4011, 19.8693], [23.4013, 19.8799], [23.4024, 19.8904], [23.4042, 19.9008], [23.406, 19.9112], [23.4071, 19.9217], [23.4068, 19.9324], [23.4047, 19.9434], [23.4012, 19.9546], [23.397, 19.9659], [23.3932, 19.9772], [23.3909, 19.9882], [23.3909, 19.9989], [23.3934, 20.0097], [23.3974, 20.0203], [23.4023, 20.0303], [23.4073, 20.0404], [23.4114, 20.0506], [23.414, 20.0609], [23.4154, 20.0713], [23.4162, 20.0818], [23.417, 20.0923], [23.4186, 20.1027], [23.4211, 20.1131], [23.4244, 20.1233], [23.4277, 20.1335], [23.4304, 20.1438], [23.4321, 20.1549], [23.432, 20.1663], [23.4305, 20.177], [23.4282, 20.1877], [23.4256, 20.1985], [23.4232, 20.2092], [23.4209, 20.2199], [23.4187, 20.2306], [23.4164, 20.2413], [23.4139, 20.252], [23.4113, 20.2628], [23.4091, 20.2735], [23.4079, 20.2841], [23.408, 20.2948], [23.4089, 20.3055], [23.4103, 20.3162], [23.4118, 20.3267], [23.4125, 20.3372], [23.4116, 20.3477], [23.4087, 20.3582], [23.4039, 20.3687], [23.3975, 20.3793], [23.3899, 20.3898], [23.3818, 20.4004], [23.374, 20.4109], [23.3671, 20.4209], [23.3611, 20.4295], [23.3557, 20.4384], [23.3511, 20.4486], [23.3471, 20.4588], [23.3434, 20.469], [23.3398, 20.4792], [23.3367, 20.4895], [23.3343, 20.4998], [23.3328, 20.5102], [23.3322, 20.5207], [23.3324, 20.5313], [23.3333, 20.5403], [23.3339, 20.5491], [23.3342, 20.5595], [23.3344, 20.5702], [23.3342, 20.5808], [23.3335, 20.5913], [23.3322, 20.6017], [23.3304, 20.6121], [23.3285, 20.6224], [23.327, 20.6328], [23.326, 20.6433], [23.3257, 20.6532], [23.3255, 20.6631], [23.3251, 20.6736], [23.3244, 20.6841], [23.3233, 20.6946], [23.3219, 20.705], [23.3199, 20.7154], [23.3172, 20.7255], [23.3134, 20.7355], [23.308, 20.7452], [23.301, 20.7545], [23.2926, 20.7636], [23.2836, 20.7726], [23.2751, 20.7817], [23.2713, 20.7917], [23.2696, 20.802], [23.2699, 20.8128], [23.2715, 20.8238], [23.2739, 20.8349], [23.2766, 20.8461], [23.2796, 20.8574], [23.2828, 20.8687], [23.2861, 20.8806], [23.2899, 20.8924], [23.2935, 20.9036], [23.2966, 20.9146], [23.2987, 20.9256], [23.2999, 20.9364], [23.3002, 20.947], [23.3, 20.9576], [23.2997, 20.9681], [23.2995, 20.9787], [23.2996, 20.9893], [23.3, 21.0]]}, "properties": {"geo_id": "GEO_FLV_HAWQAL_RA", "nom": "|Na-khuwel-ra", "type": "FLV", "statut": "[PROPOSITION] tracé"}}, {"type": "Feature", "geometry": {"type": "LineString", "coordinates": [[25.7, 21.8], [25.6913, 21.8079], [25.6825, 21.8157], [25.6735, 21.8234], [25.6645, 21.8312], [25.6555, 21.8389], [25.6467, 21.8467], [25.6384, 21.8547], [25.6308, 21.863], [25.6239, 21.8716], [25.618, 21.8806], [25.613, 21.8899], [25.6089, 21.8996], [25.6054, 21.9096], [25.6021, 21.9202], [25.5991, 21.9308], [25.596, 21.9409], [25.5923, 21.9508], [25.5878, 21.9603], [25.5826, 21.9696], [25.5766, 21.9786], [25.5715, 21.988], [25.5656, 21.997], [25.559, 22.0058], [25.552, 22.0144], [25.5453, 22.0231], [25.5399, 22.0323], [25.5366, 22.0423], [25.5362, 22.0534], [25.5389, 22.0656], [25.5443, 22.0789], [25.5517, 22.0929], [25.5602, 22.1073], [25.5689, 22.1217], [25.5768, 22.1359], [25.5832, 22.1495], [25.5879, 22.1624], [25.5905, 22.1746], [25.5912, 22.1861], [25.5904, 22.197], [25.5885, 22.2075], [25.586, 22.2178], [25.5829, 22.2286], [25.5792, 22.2394], [25.5753, 22.2494], [25.5708, 22.2589], [25.5652, 22.268], [25.5586, 22.2767], [25.5513, 22.2851], [25.5434, 22.2932], [25.5354, 22.3014], [25.5277, 22.3096], [25.5205, 22.318], [25.5138, 22.3267], [25.5073, 22.3354], [25.5007, 22.3441], [25.493, 22.3531], [25.4838, 22.3616], [25.4734, 22.3687], [25.4621, 22.3751], [25.4502, 22.3812], [25.4386, 22.3874], [25.4282, 22.3942], [25.4197, 22.4019], [25.4136, 22.4107], [25.4095, 22.4204], [25.4067, 22.4307], [25.4038, 22.441], [25.3995, 22.4506], [25.3927, 22.4591], [25.3833, 22.4663], [25.3713, 22.4717], [25.3581, 22.4761], [25.3452, 22.4811], [25.3345, 22.4872], [25.3268, 22.495], [25.3224, 22.5047], [25.3207, 22.5159], [25.3205, 22.5279], [25.3204, 22.54], [25.3193, 22.5515], [25.3163, 22.562], [25.3115, 22.5715], [25.305, 22.58], [25.2974, 22.5878], [25.2893, 22.5947], [25.2802, 22.6008], [25.2708, 22.6072], [25.2616, 22.6139], [25.253, 22.6209], [25.2449, 22.6283], [25.2374, 22.636], [25.2302, 22.644], [25.223, 22.652], [25.2155, 22.6597], [25.2075, 22.6672], [25.199, 22.6742], [25.19, 22.681], [25.1809, 22.6876], [25.1722, 22.6942], [25.165, 22.7003], [25.1585, 22.7073], [25.1528, 22.7165], [25.1486, 22.7269], [25.1456, 22.7382], [25.1429, 22.7498], [25.1397, 22.7609], [25.1352, 22.7711], [25.1295, 22.7802], [25.1227, 22.7885], [25.1155, 22.7965], [25.1088, 22.8049], [25.1032, 22.8141], [25.0989, 22.8244], [25.0958, 22.8357], [25.0936, 22.8478], [25.0912, 22.8602], [25.0887, 22.8724], [25.086, 22.8844], [25.0832, 22.8962], [25.0803, 22.908], [25.0776, 22.92], [25.0748, 22.9319], [25.0717, 22.9434], [25.0676, 22.9542], [25.0623, 22.9638], [25.0556, 22.9722], [25.0478, 22.9796], [25.0394, 22.9866], [25.0312, 22.9936], [25.0236, 23.0012], [25.0162, 23.0101], [25.0093, 23.0195], [25.0032, 23.0285], [24.9967, 23.0372], [24.9892, 23.0449], [24.9804, 23.0515], [24.9702, 23.0567], [24.9587, 23.0607], [24.9462, 23.0639], [24.9333, 23.0665], [24.9201, 23.069], [24.907, 23.0716], [24.894, 23.0743], [24.8814, 23.0772], [24.869, 23.0804], [24.8568, 23.0839], [24.8449, 23.0875], [24.8333, 23.0914], [24.8219, 23.0956], [24.8109, 23.1001], [24.8003, 23.1049], [24.79, 23.1101], [24.7801, 23.1156], [24.7702, 23.1211], [24.7602, 23.1265], [24.7499, 23.1316], [24.7394, 23.1366], [24.7287, 23.1413], [24.7179, 23.146], [24.7069, 23.1506], [24.6959, 23.155], [24.6844, 23.1595], [24.6727, 23.1641], [24.661, 23.1683], [24.6492, 23.1723], [24.6372, 23.176], [24.625, 23.1796], [24.6129, 23.1832], [24.6009, 23.187], [24.5897, 23.1914], [24.5796, 23.1969], [24.5712, 23.2037], [24.5645, 23.2121], [24.5593, 23.2219], [24.5551, 23.2325], [24.5513, 23.2434], [24.5466, 23.2546], [24.5416, 23.2653], [24.5363, 23.2748], [24.5305, 23.2839], [24.5244, 23.2928], [24.5183, 23.3017], [24.5122, 23.3105], [24.506, 23.3193], [24.4997, 23.328], [24.4931, 23.3365], [24.4863, 23.3448], [24.4795, 23.353], [24.4727, 23.3613], [24.466, 23.3697], [24.4594, 23.3781], [24.4527, 23.3864], [24.4458, 23.3946], [24.4386, 23.4026], [24.4311, 23.4103], [24.4232, 23.4176], [24.4146, 23.4243], [24.4052, 23.4304], [24.3949, 23.4358], [24.3839, 23.4405], [24.3725, 23.4449], [24.3611, 23.4493], [24.3503, 23.4541], [24.3403, 23.4598], [24.3316, 23.4665], [24.3242, 23.4742], [24.3179, 23.4829], [24.3125, 23.4924], [24.3077, 23.5023], [24.3031, 23.5124], [24.2982, 23.5223], [24.293, 23.5318], [24.2872, 23.541], [24.281, 23.5497], [24.2744, 23.5581], [24.2675, 23.5663], [24.2604, 23.5744], [24.2533, 23.5823], [24.2462, 23.5904], [24.2393, 23.5985], [24.2324, 23.6067], [24.2255, 23.6149], [24.2183, 23.6227], [24.2104, 23.6301], [24.2019, 23.6369], [24.1927, 23.6432], [24.1833, 23.6493], [24.1742, 23.6556], [24.1658, 23.6625], [24.1587, 23.6705], [24.1529, 23.6796], [24.1482, 23.6897], [24.1446, 23.7005], [24.1415, 23.7119], [24.1387, 23.7235], [24.136, 23.7352], [24.1338, 23.7473], [24.131, 23.7589], [24.1276, 23.7699], [24.1235, 23.7805], [24.1188, 23.7904], [24.1133, 23.7998], [24.1073, 23.8087], [24.1007, 23.8171], [24.0936, 23.8251], [24.0863, 23.833], [24.0788, 23.8406], [24.071, 23.848], [24.0629, 23.8552], [24.0544, 23.862], [24.0456, 23.8685], [24.0364, 23.8748], [24.0272, 23.881], [24.018, 23.8872], [24.009, 23.8936], [24.0, 23.9]]}, "properties": {"geo_id": "GEO_FLV_HAWQAL_IN", "nom": "|Na-khuwel-ɨn", "type": "FLV", "statut": "[PROPOSITION] tracé"}}, {"type": "Feature", "geometry": {"type": "LineString", "coordinates": [[-11.5, 11.0], [-11.5125, 10.9976], [-11.5251, 10.9949], [-11.5378, 10.9919], [-11.5506, 10.9889], [-11.5632, 10.986], [-11.5757, 10.9837], [-11.588, 10.982], [-11.6001, 10.981], [-11.612, 10.9805], [-11.6238, 10.9803], [-11.6355, 10.9804], [-11.6471, 10.9806], [-11.6586, 10.9811], [-11.6701, 10.9818], [-11.6815, 10.9829], [-11.6928, 10.9843], [-11.7039, 10.9862], [-11.7149, 10.9886], [-11.7255, 10.9921], [-11.7357, 10.9969], [-11.7444, 11.0064], [-11.7528, 11.0171], [-11.7609, 11.0283], [-11.769, 11.0396], [-11.7774, 11.0503], [-11.7861, 11.0599], [-11.7952, 11.0681], [-11.8047, 11.075], [-11.8146, 11.0808], [-11.8248, 11.0856], [-11.8353, 11.0894], [-11.8462, 11.0923], [-11.8573, 11.0941], [-11.8687, 11.0951], [-11.8803, 11.0957], [-11.8917, 11.0966], [-11.9029, 11.0985], [-11.9136, 11.1017], [-11.9238, 11.1065], [-11.9336, 11.1127], [-11.943, 11.12], [-11.9521, 11.1282], [-11.961, 11.1371], [-11.9697, 11.1465], [-11.9783, 11.1562], [-11.987, 11.1657], [-11.9959, 11.1745], [-12.0052, 11.1822], [-12.0149, 11.1885], [-12.025, 11.1936], [-12.0352, 11.1981], [-12.0454, 11.2027], [-12.0554, 11.208], [-12.0651, 11.2144], [-12.0744, 11.222], [-12.0834, 11.2303], [-12.0925, 11.2385], [-12.1019, 11.2457], [-12.1119, 11.2509], [-12.1229, 11.2535], [-12.1347, 11.2533], [-12.1472, 11.2511], [-12.1599, 11.2476], [-12.1725, 11.2444], [-12.1851, 11.2423], [-12.1972, 11.2414], [-12.2089, 11.2417], [-12.2205, 11.2423], [-12.2322, 11.2427], [-12.244, 11.2425], [-12.2561, 11.2418], [-12.2681, 11.2411], [-12.28, 11.241], [-12.2915, 11.2419], [-12.3027, 11.2438], [-12.3136, 11.2466], [-12.3245, 11.2495], [-12.3354, 11.252], [-12.3467, 11.2538], [-12.3582, 11.2546], [-12.3702, 11.2545], [-12.3825, 11.2532], [-12.3953, 11.2507], [-12.4084, 11.2471], [-12.4218, 11.2429], [-12.4353, 11.2389], [-12.4487, 11.2364], [-12.4611, 11.2359], [-12.4723, 11.2378], [-12.4827, 11.2419], [-12.4927, 11.2472], [-12.5027, 11.2523], [-12.5132, 11.2561], [-12.5246, 11.2576], [-12.5368, 11.2569], [-12.5496, 11.2547], [-12.5626, 11.252], [-12.5756, 11.2502], [-12.5879, 11.2503], [-12.599, 11.2526], [-12.6092, 11.2573], [-12.6186, 11.2638], [-12.6276, 11.2716], [-12.6363, 11.28], [-12.645, 11.2885], [-12.6538, 11.2968], [-12.6625, 11.3051], [-12.6713, 11.3134], [-12.6799, 11.3221], [-12.6881, 11.3316], [-12.696, 11.3422], [-12.7034, 11.3542], [-12.7102, 11.3675], [-12.7167, 11.3819], [-12.7229, 11.3968], [-12.7292, 11.4114], [-12.736, 11.4248], [-12.7437, 11.4361], [-12.7523, 11.4448], [-12.7622, 11.4509], [-12.7727, 11.4549], [-12.7836, 11.4578], [-12.7944, 11.4608], [-12.8049, 11.4647], [-12.815, 11.4696], [-12.8247, 11.4754], [-12.8343, 11.4816], [-12.844, 11.4877], [-12.8538, 11.4933], [-12.864, 11.4985], [-12.8746, 11.5034], [-12.885, 11.5082], [-12.8951, 11.5132], [-12.9052, 11.5183], [-12.9152, 11.5235], [-12.9253, 11.5285], [-12.9355, 11.533], [-12.9461, 11.5368], [-12.957, 11.5394], [-12.9684, 11.5406], [-12.9805, 11.5404], [-12.9931, 11.5385], [-13.0061, 11.5354], [-13.0192, 11.5315], [-13.0324, 11.5274], [-13.0454, 11.5238], [-13.0581, 11.5211], [-13.0704, 11.5197], [-13.0824, 11.5193], [-13.094, 11.5196], [-13.1056, 11.5204], [-13.1171, 11.5213], [-13.1286, 11.5222], [-13.14, 11.5233], [-13.1513, 11.5248], [-13.1623, 11.527], [-13.1731, 11.53], [-13.1838, 11.5335], [-13.1943, 11.5372], [-13.2049, 11.5408], [-13.2155, 11.5443], [-13.226, 11.5481], [-13.2362, 11.5526], [-13.2459, 11.5585], [-13.2552, 11.5658], [-13.2641, 11.5746], [-13.2728, 11.5841], [-13.2814, 11.5937], [-13.2902, 11.6027], [-13.2994, 11.6107], [-13.3089, 11.6175], [-13.3188, 11.6232], [-13.329, 11.6279], [-13.3397, 11.6319], [-13.3506, 11.6353], [-13.3614, 11.6383], [-13.3722, 11.6412], [-13.3831, 11.6439], [-13.3941, 11.6461], [-13.4053, 11.6478], [-13.4167, 11.6486], [-13.4283, 11.6489], [-13.44, 11.649], [-13.4515, 11.6494], [-13.4629, 11.6506], [-13.4741, 11.6525], [-13.4849, 11.6554], [-13.4954, 11.6594], [-13.5057, 11.6642], [-13.5158, 11.6697], [-13.5259, 11.6753], [-13.536, 11.6808], [-13.5463, 11.6857], [-13.5569, 11.6895], [-13.5677, 11.6922], [-13.5793, 11.694], [-13.591, 11.6947], [-13.6024, 11.6952], [-13.6136, 11.696], [-13.6247, 11.6976], [-13.6357, 11.6999], [-13.6464, 11.7031], [-13.657, 11.7071], [-13.6675, 11.7118], [-13.6778, 11.7169], [-13.6885, 11.722], [-13.7, 11.7261], [-13.7116, 11.7279], [-13.7229, 11.7275], [-13.7346, 11.7249], [-13.7465, 11.7208], [-13.7585, 11.7163], [-13.7703, 11.7129], [-13.7819, 11.7114], [-13.7931, 11.712], [-13.804, 11.7144], [-13.8149, 11.7175], [-13.826, 11.7196], [-13.8372, 11.7203], [-13.8485, 11.7197], [-13.8599, 11.7182], [-13.8713, 11.7164], [-13.8826, 11.7149], [-13.894, 11.7139], [-13.9053, 11.7132], [-13.9166, 11.7124], [-13.9279, 11.7108], [-13.939, 11.7084], [-13.9501, 11.7049], [-13.9615, 11.7012], [-13.9729, 11.6976], [-13.9842, 11.6946], [-13.9956, 11.6921], [-14.0069, 11.6901], [-14.0182, 11.6882], [-14.0295, 11.6861], [-14.0408, 11.6838], [-14.052, 11.6812], [-14.063, 11.6781], [-14.0742, 11.6745], [-14.0856, 11.67], [-14.097, 11.6645], [-14.1084, 11.6578], [-14.1199, 11.6503], [-14.1313, 11.6426], [-14.1428, 11.6358], [-14.1542, 11.6305], [-14.1655, 11.6275], [-14.1774, 11.627], [-14.1892, 11.6292], [-14.2003, 11.6337], [-14.2112, 11.6404], [-14.222, 11.6487], [-14.2327, 11.6581], [-14.2435, 11.6676], [-14.2543, 11.6763], [-14.2652, 11.6836], [-14.2761, 11.6891], [-14.2877, 11.6932], [-14.2996, 11.6966], [-14.3109, 11.7], [-14.3218, 11.704], [-14.3326, 11.7091], [-14.3433, 11.7156], [-14.3538, 11.7234], [-14.3643, 11.7318], [-14.3748, 11.74], [-14.3854, 11.7474], [-14.3961, 11.7532], [-14.4067, 11.7578], [-14.4175, 11.7613], [-14.4284, 11.7641], [-14.4393, 11.7668], [-14.4502, 11.7696], [-14.4611, 11.7726], [-14.472, 11.7756], [-14.483, 11.7783], [-14.4939, 11.7804], [-14.5048, 11.7819], [-14.5157, 11.7832], [-14.5268, 11.7845], [-14.5379, 11.7863], [-14.5488, 11.7889], [-14.5595, 11.7927], [-14.5701, 11.7976], [-14.5805, 11.8035], [-14.5908, 11.8098], [-14.6008, 11.816], [-14.6108, 11.8215], [-14.6214, 11.8256], [-14.6324, 11.828], [-14.6436, 11.8287], [-14.6551, 11.828], [-14.6668, 11.8265], [-14.6784, 11.8249], [-14.6901, 11.8235], [-14.7015, 11.8226], [-14.7129, 11.8221], [-14.7243, 11.8217], [-14.7359, 11.821], [-14.7474, 11.8202], [-14.759, 11.8194], [-14.7704, 11.8191], [-14.7817, 11.8196], [-14.7928, 11.8213], [-14.8037, 11.824], [-14.8144, 11.8275], [-14.8251, 11.8311], [-14.8359, 11.834], [-14.8471, 11.8355], [-14.8585, 11.835], [-14.8704, 11.8327], [-14.8825, 11.8289], [-14.8947, 11.8247], [-14.9067, 11.821], [-14.9185, 11.8186], [-14.93, 11.8183], [-14.941, 11.8199], [-14.9518, 11.8232], [-14.9624, 11.8277], [-14.9728, 11.8329], [-14.9832, 11.8382], [-14.9936, 11.8434], [-15.0042, 11.8479], [-15.0149, 11.8517], [-15.0257, 11.855], [-15.0366, 11.8577], [-15.0474, 11.8605], [-15.0583, 11.8635], [-15.069, 11.8673], [-15.0795, 11.8721], [-15.0898, 11.8782], [-15.0999, 11.8854], [-15.1099, 11.8936], [-15.1197, 11.9025], [-15.1295, 11.9115], [-15.1393, 11.9201], [-15.1494, 11.9278], [-15.1597, 11.9339], [-15.1703, 11.938], [-15.1813, 11.9399], [-15.1928, 11.9391], [-15.2048, 11.9359], [-15.2171, 11.9305], [-15.2297, 11.9233], [-15.2424, 11.9153], [-15.2552, 11.907], [-15.268, 11.899], [-15.2807, 11.8915], [-15.2932, 11.8846], [-15.3057, 11.8783], [-15.3181, 11.8725], [-15.3303, 11.8673], [-15.3424, 11.8629], [-15.3544, 11.8595], [-15.3662, 11.857], [-15.3779, 11.8552], [-15.3894, 11.8542], [-15.4004, 11.8565], [-15.4113, 11.8593], [-15.422, 11.8627], [-15.4327, 11.8668], [-15.4432, 11.8718], [-15.4535, 11.8777], [-15.4637, 11.8846], [-15.4736, 11.8926], [-15.4835, 11.9013], [-15.4933, 11.9102], [-15.5032, 11.9189], [-15.5132, 11.9266], [-15.5234, 11.9329], [-15.534, 11.9376], [-15.5448, 11.941], [-15.5557, 11.9433], [-15.5668, 11.9451], [-15.5778, 11.9467], [-15.5889, 11.9483], [-15.6, 11.95]]}, "properties": {"geo_id": "GEO_FLV_EMISSAIRE_MOPAMA", "nom": "", "type": "FLV", "statut": "[PROPOSITION] tracé"}}, {"type": "Feature", "geometry": {"type": "LineString", "coordinates": [[-10.7321, 9.0899], [-10.7172, 9.0993], [-10.706, 9.1111], [-10.699, 9.1269], [-10.6967, 9.1483], [-10.6922, 9.1561], [-10.6818, 9.1589], [-10.6594, 9.1581], [-10.6491, 9.1632], [-10.6426, 9.175], [-10.5593, 9.4151], [-10.5557, 9.4414], [-10.5638, 9.453], [-10.5721, 9.4613], [-10.6085, 9.5145], [-10.6368, 9.5367], [-10.6501, 9.5502], [-10.6557, 9.566], [-10.6613, 9.6002], [-10.6594, 9.607], [-10.6545, 9.6151], [-10.6513, 9.6275], [-10.6495, 9.651], [-10.6617, 9.6917], [-10.6658, 9.7139], [-10.6594, 9.7308], [-10.6482, 9.7466], [-10.6407, 9.7662], [-10.6365, 9.7843], [-10.6352, 9.7956], [-10.6374, 9.8118], [-10.6437, 9.8322], [-10.6536, 9.8497], [-10.6827, 9.8679], [-10.695, 9.9151], [-10.7121, 9.9308], [-10.7099, 9.9418], [-10.7057, 9.9533], [-10.7041, 9.9601], [-10.7095, 9.9656], [-10.7321, 9.9806], [-10.7357, 9.9872], [-10.736, 9.994], [-10.7384, 9.999], [-10.7484, 10.001], [-10.7584, 10.0042], [-10.7595, 10.0121], [-10.7586, 10.0223], [-10.7624, 10.0324], [-10.7709, 10.0474], [-10.7836, 10.0927], [-10.786, 10.1103], [-10.7825, 10.1216], [-10.7778, 10.1456], [-10.7809, 10.1658], [-10.8004, 10.1656], [-10.8256, 10.2247], [-10.827, 10.2407], [-10.8197, 10.2567], [-10.808, 10.2661], [-10.7786, 10.2823], [-10.7865, 10.2901], [-10.7921, 10.3002], [-10.7929, 10.3099], [-10.786, 10.317], [-10.7791, 10.3159], [-10.7451, 10.3028], [-10.7168, 10.3016], [-10.701, 10.3109], [-10.6886, 10.3245], [-10.67, 10.3362], [-10.663, 10.3263], [-10.6556, 10.326], [-10.6483, 10.3327], [-10.6421, 10.3437], [-10.6382, 10.3408], [-10.6284, 10.3362], [-10.6287, 10.3841], [-10.6318, 10.3915], [-10.6414, 10.3944], [-10.6506, 10.4022], [-10.6549, 10.4131], [-10.6495, 10.4256], [-10.637, 10.4324], [-10.6235, 10.4309], [-10.6129, 10.4242], [-10.6085, 10.4157], [-10.6007, 10.4123], [-10.5496, 10.412], [-10.546, 10.4141], [-10.5401, 10.4235], [-10.5363, 10.4256], [-10.508, 10.4274], [-10.5049, 10.4256], [-10.5006, 10.4352], [-10.4987, 10.4489], [-10.4956, 10.4612], [-10.4878, 10.4666], [-10.4763, 10.469], [-10.4666, 10.4747], [-10.4509, 10.4877], [-10.4464, 10.4936], [-10.4448, 10.5004], [-10.4419, 10.5059], [-10.4335, 10.5082], [-10.4242, 10.5096], [-10.417, 10.5138], [-10.4121, 10.5205], [-10.4093, 10.5293], [-10.3989, 10.5259], [-10.3704, 10.5223], [-10.351, 10.522], [-10.3428, 10.523], [-10.3048, 10.5322], [-10.2965, 10.529], [-10.2899, 10.5224], [-10.2796, 10.515], [-10.2646, 10.5112], [-10.2377, 10.5125], [-10.2244, 10.5082], [-10.2366, 10.4972], [-10.235, 10.4883], [-10.2137, 10.4703], [-10.2099, 10.4634], [-10.2025, 10.4435], [-10.2001, 10.4393], [-10.1913, 10.4426], [-10.1896, 10.4498], [-10.1897, 10.4571], [-10.1861, 10.4604], [-10.1789, 10.4639], [-10.1555, 10.4813], [-10.1492, 10.4877], [-10.1461, 10.5052], [-10.1469, 10.5216], [-10.142, 10.5329], [-10.1213, 10.5355], [-10.1099, 10.5402], [-10.0917, 10.5397], [-10.0809, 10.543], [-10.0686, 10.5519], [-10.017, 10.6032], [-10.0043, 10.6118], [-9.9912, 10.6122], [-9.9711, 10.6038], [-9.9591, 10.5941], [-9.9521, 10.5901], [-9.9438, 10.5901], [-9.9345, 10.5974], [-9.9206, 10.6201], [-9.9121, 10.6249], [-9.8971, 10.6169], [-9.8818, 10.6029], [-9.8672, 10.5981], [-9.8544, 10.6175], [-9.859, 10.6312], [-9.8704, 10.6445], [-9.8729, 10.6545], [-9.851, 10.6584], [-9.8402, 10.6574], [-9.8247, 10.6531], [-9.8168, 10.6522], [-9.8102, 10.6543], [-9.7925, 10.6636], [-9.7855, 10.6658], [-9.763, 10.6605], [-9.745, 10.6501], [-9.7277, 10.645], [-9.707, 10.6553], [-9.6803, 10.6858], [-9.6655, 10.6942], [-9.6422, 10.6931], [-9.628, 10.6861], [-9.6174, 10.6779], [-9.6053, 10.6756], [-9.5869, 10.6863], [-9.5793, 10.6946], [-9.5602, 10.7273], [-9.5444, 10.7482], [-9.5045, 10.7907], [-9.4913, 10.8167], [-9.4868, 10.8482], [-9.4852, 10.9156], [-9.4777, 10.9464], [-9.4699, 10.9586], [-9.4606, 10.9636], [-9.4109, 10.9709], [-9.394, 10.9768], [-9.3827, 10.9883], [-9.3818, 11.003]]}, "properties": {"geo_id": null, "nom": "", "type": "FLV", "statut": "[PROPOSITION] tracé"}}, {"type": "Feature", "geometry": {"type": "LineString", "coordinates": [[-9.3818, 11.003], [-9.385, 11.0219], [-9.3859, 11.0439], [-9.3812, 11.0636], [-9.3678, 11.0773], [-9.349, 11.0811], [-9.3255, 11.0792], [-9.2858, 11.0699], [-9.2725, 11.0629], [-9.2508, 11.0637], [-9.239, 11.0656], [-9.2301, 11.0685], [-9.2235, 11.0728], [-9.1919, 11.1022], [-9.1751, 11.1337], [-9.1634, 11.1484], [-9.1492, 11.158], [-9.118, 11.1725], [-9.1046, 11.1829], [-9.0957, 11.1993], [-9.0938, 11.2191], [-9.1003, 11.2365], [-9.1163, 11.2456], [-9.1177, 11.2509], [-9.1326, 11.2666], [-9.1346, 11.2838], [-9.1294, 11.3232], [-9.1343, 11.3402], [-9.1525, 11.3705], [-9.157, 11.3874], [-9.1524, 11.409], [-9.1389, 11.4226], [-9.1197, 11.4291], [-9.0985, 11.4295], [-9.0184, 11.4187], [-8.9863, 11.4186], [-8.9293, 11.4414], [-8.8982, 11.4473], [-8.8868, 11.4558], [-8.8713, 11.4934], [-8.8638, 11.5019], [-8.8516, 11.5059], [-8.8113, 11.5267], [-8.7986, 11.536], [-8.7872, 11.5579], [-8.7786, 11.5855], [-8.7672, 11.6101], [-8.7468, 11.6229], [-8.7454, 11.6278], [-8.7425, 11.6313], [-8.7357, 11.638], [-8.7329, 11.6424], [-8.7282, 11.6553], [-8.7242, 11.6633], [-8.7191, 11.6709], [-8.7128, 11.6779], [-8.7061, 11.6838], [-8.6331, 11.725], [-8.5594, 11.8013], [-8.5515, 11.8057], [-8.5408, 11.8076], [-8.5172, 11.8092], [-8.5058, 11.8116], [-8.4949, 11.8161], [-8.4857, 11.8223], [-8.4653, 11.8418], [-8.4593, 11.8511], [-8.458, 11.8562], [-8.4568, 11.8667], [-8.4551, 11.8719], [-8.4432, 11.8903], [-8.4114, 11.9213], [-8.3955, 11.9407], [-8.3826, 11.9617], [-8.369, 11.9776], [-8.3537, 11.9898], [-8.3411, 12.0031], [-8.3358, 12.023], [-8.3364, 12.0335], [-8.3437, 12.0618], [-8.3447, 12.0744], [-8.3414, 12.0848], [-8.3348, 12.0941], [-8.3046, 12.1251], [-8.2962, 12.1306], [-8.2545, 12.1508], [-8.1947, 12.1989], [-8.1707, 12.2088], [-8.1607, 12.2238], [-8.1483, 12.2564], [-8.1387, 12.2715], [-8.1261, 12.2849], [-8.1214, 12.2923], [-8.1191, 12.3015], [-8.1204, 12.3113], [-8.1275, 12.3301], [-8.13, 12.3397], [-8.13, 12.3496], [-8.1277, 12.3587], [-8.1204, 12.3765], [-8.111, 12.4176], [-8.1009, 12.4346], [-8.0726, 12.4619], [-8.0667, 12.4795], [-8.0694, 12.5064], [-8.0672, 12.5157], [-8.0619, 12.5252], [-8.0482, 12.5422], [-8.0426, 12.5515], [-8.0388, 12.5696], [-8.0394, 12.5881], [-8.0379, 12.6058], [-8.0281, 12.6217], [-8.0107, 12.6311], [-7.9919, 12.6326], [-7.9529, 12.6304], [-7.9338, 12.6358], [-7.8992, 12.654], [-7.88, 12.657], [-7.8584, 12.6533], [-7.8164, 12.641], [-7.7942, 12.6382], [-7.7731, 12.6408], [-7.7605, 12.6494], [-7.7542, 12.6641], [-7.7527, 12.685], [-7.7529, 12.6866], [-7.7537, 12.6876], [-7.7548, 12.6882], [-7.7564, 12.6883], [-7.744, 12.7154], [-7.732, 12.7299], [-7.6964, 12.7543], [-7.6888, 12.7731], [-7.6805, 12.7836], [-7.6409, 12.8101], [-7.6273, 12.8172], [-7.5823, 12.8323], [-7.569, 12.8416], [-7.493, 12.94], [-7.4834, 12.9481], [-7.4733, 12.9514], [-7.4527, 12.9523], [-7.4424, 12.9543], [-7.4273, 12.961], [-7.4114, 12.9714], [-7.399, 12.9844], [-7.3889, 13.0104], [-7.3608, 13.0507], [-7.3462, 13.0642], [-7.3292, 13.0701], [-7.3149, 13.072], [-7.3025, 13.0768], [-7.2916, 13.0921], [-7.273, 13.1021], [-7.2542, 13.1092], [-7.2062, 13.1398], [-7.1883, 13.1472], [-7.1486, 13.1588], [-7.1343, 13.1696], [-7.1209, 13.1955], [-7.1138, 13.2032], [-7.0777, 13.2235], [-7.0153, 13.2569], [-7.0025, 13.2661], [-6.9898, 13.2792], [-6.9792, 13.2939], [-6.9725, 13.3081], [-6.9671, 13.3241], [-6.9625, 13.3294], [-6.9311, 13.3452], [-6.9237, 13.3504], [-6.9063, 13.3585], [-6.8896, 13.3589], [-6.8553, 13.3476], [-6.834, 13.3438], [-6.8143, 13.3471], [-6.7745, 13.3602], [-6.7053, 13.3706], [-6.6602, 13.3851], [-6.6178, 13.3923], [-6.5611, 13.3924], [-6.5501, 13.3897], [-6.5133, 13.3732], [-6.4726, 13.3658], [-6.4515, 13.3663], [-6.4324, 13.3714], [-6.4169, 13.3807], [-6.3884, 13.4029], [-6.3083, 13.439], [-6.2603, 13.4754], [-6.205, 13.4984], [-6.1875, 13.5084], [-6.1721, 13.5219], [-6.1497, 13.5516], [-6.1306, 13.5709], [-6.1233, 13.5819], [-6.1194, 13.5952], [-6.1165, 13.6317], [-6.1129, 13.649], [-6.0792, 13.7095], [-6.0682, 13.7224], [-6.0482, 13.7319], [-6.0278, 13.7284], [-6.0086, 13.717], [-5.9825, 13.6946], [-5.9724, 13.6883], [-5.9613, 13.684], [-5.929, 13.678], [-5.9215, 13.6793], [-5.9146, 13.6778], [-5.9007, 13.6729], [-5.8933, 13.6719], [-5.8865, 13.6724], [-5.8802, 13.6743], [-5.8601, 13.6854], [-5.8087, 13.7219], [-5.7795, 13.7356], [-5.7669, 13.7466], [-5.7025, 13.8231], [-5.6778, 13.8426], [-5.6499, 13.8565], [-5.6037, 13.8687], [-5.5902, 13.8741], [-5.5773, 13.8813], [-5.5655, 13.8897], [-5.5544, 13.9007], [-5.5252, 13.9415], [-5.5137, 13.9517], [-5.5004, 13.958], [-5.486, 13.9615], [-5.4425, 13.9629], [-5.4062, 13.9591], [-5.3974, 13.9591], [-5.3817, 13.9622], [-5.3507, 13.9726], [-5.2777, 13.9851], [-5.2697, 13.984], [-5.2471, 13.9728], [-5.2395, 13.9728], [-5.2336, 13.9782], [-5.231, 13.9868], [-5.2281, 14.004], [-5.2192, 14.0181], [-5.195, 14.041], [-5.1845, 14.0537], [-5.1653, 14.0936], [-5.1526, 14.1056], [-5.1383, 14.1138], [-4.9926, 14.1486], [-4.9595, 14.1629], [-4.9418, 14.1681], [-4.9214, 14.1691], [-4.9027, 14.1675], [-4.8845, 14.1682], [-4.817, 14.201], [-4.8071, 14.2036], [-4.7803, 14.204], [-4.7628, 14.2089], [-4.7054, 14.2379], [-4.6873, 14.2434], [-4.678, 14.2442], [-4.6728, 14.2436], [-4.6631, 14.241], [-4.6584, 14.2405], [-4.6528, 14.2418], [-4.5936, 14.2713], [-4.5701, 14.2771], [-4.5498, 14.2726], [-4.5435, 14.2669], [-4.535, 14.253], [-4.5296, 14.2463], [-4.5193, 14.239], [-4.509, 14.2359], [-4.4858, 14.2342], [-4.4817, 14.2503], [-4.4654, 14.2928], [-4.4517, 14.3106], [-4.4046, 14.3264], [-4.3829, 14.3473], [-4.3721, 14.3743], [-4.3792, 14.4012], [-4.366, 14.4167], [-4.3477, 14.4246], [-4.3254, 14.4274], [-4.3004, 14.4278], [-4.2774, 14.4364], [-4.2549, 14.4744], [-4.2222, 14.49], [-4.2127, 14.5072], [-4.2005, 14.5507], [-4.1821, 14.5965], [-4.1761, 14.6192], [-4.1738, 14.6475], [-4.1647, 14.6612], [-4.1641, 14.6771], [-4.1614, 14.6894], [-4.1552, 14.6999], [-4.1442, 14.7103], [-4.1318, 14.7183], [-4.1064, 14.7312], [-4.0948, 14.7394], [-4.0872, 14.7502], [-4.084, 14.764], [-4.0836, 14.7789], [-4.0851, 14.7929], [-4.0947, 14.8198], [-4.0963, 14.8333], [-4.0891, 14.8454], [-4.083, 14.8486], [-4.0625, 14.8511], [-4.0526, 14.8547], [-4.0477, 14.8572], [-4.0432, 14.8604], [-4.0352, 14.868], [-4.0037, 14.9075], [-3.9948, 14.9138], [-3.9843, 14.9171], [-3.9574, 14.9215], [-3.9447, 14.9258], [-3.9337, 14.9324], [-3.9263, 14.942], [-3.9245, 14.9481], [-3.9222, 14.961], [-3.9202, 14.9671], [-3.909, 14.9843], [-3.9012, 15.003], [-3.8986, 15.0219], [-3.8995, 15.0616], [-3.9048, 15.0718], [-3.9278, 15.0834], [-3.9329, 15.0892], [-3.9395, 15.107], [-3.9538, 15.118], [-3.9681, 15.1266], [-3.9746, 15.137], [-3.9724, 15.1476], [-3.963, 15.1592], [-3.961, 15.1683], [-3.9625, 15.1807], [-3.9746, 15.2093], [-3.9779, 15.2309], [-3.9771, 15.2709], [-3.9795, 15.2812]]}, "properties": {"geo_id": null, "nom": "", "type": "FLV", "statut": "[PROPOSITION] tracé"}}, {"type": "Feature", "geometry": {"type": "LineString", "coordinates": [[-4.9222, 14.1722], [-4.9141, 14.1904], [-4.9097, 14.2094], [-4.9058, 14.228], [-4.9, 14.2445], [-4.8884, 14.2604], [-4.8734, 14.2757], [-4.8591, 14.2893], [-4.85, 14.3001], [-4.8365, 14.333], [-4.8245, 14.3659], [-4.8057, 14.3896], [-4.7722, 14.3945], [-4.7405, 14.4481], [-4.7008, 14.5054], [-4.6719, 14.5669], [-4.6722, 14.6334], [-4.6778, 14.6298], [-4.6834, 14.6271], [-4.689, 14.6247], [-4.6944, 14.6223], [-4.6907, 14.6883], [-4.6833, 14.739], [-4.6606, 14.7772], [-4.6111, 14.8055], [-4.6092, 14.8143], [-4.6074, 14.8259], [-4.606, 14.837], [-4.6055, 14.8445], [-4.6273, 14.8612], [-4.6265, 14.8875], [-4.613, 14.9116], [-4.5972, 14.9222], [-4.5715, 14.925], [-4.5401, 14.9319], [-4.5115, 14.9409], [-4.4945, 14.95], [-4.4846, 14.944], [-4.4757, 14.9422], [-4.4691, 14.9478], [-4.4666, 14.9639], [-4.4616, 14.9891], [-4.449, 14.9935], [-4.4328, 14.9921], [-4.4166, 15.0], [-4.4033, 15.0224], [-4.3948, 15.0469], [-4.3874, 15.0703], [-4.3778, 15.0889], [-4.3575, 15.1081], [-4.3437, 15.1165], [-4.3358, 15.1293], [-4.3333, 15.1611], [-4.3248, 15.1968], [-4.3023, 15.218], [-4.2703, 15.2287], [-4.2334, 15.2333]]}, "properties": {"geo_id": null, "nom": "", "type": "FLV", "statut": "[PROPOSITION] tracé"}}, {"type": "Feature", "geometry": {"type": "LineString", "coordinates": [[-3.2225, 16.4003], [-3.2585, 16.3847], [-3.2774, 16.3799], [-3.2952, 16.3731], [-3.3105, 16.3597], [-3.3174, 16.3505], [-3.3235, 16.34], [-3.3265, 16.3289], [-3.324, 16.318], [-3.3179, 16.3104], [-3.3118, 16.3048], [-3.3069, 16.2983], [-3.3052, 16.288], [-3.3065, 16.2783], [-3.3104, 16.269], [-3.3166, 16.2615], [-3.3253, 16.2572], [-3.3351, 16.2574], [-3.3629, 16.2688], [-3.3733, 16.2701], [-3.3839, 16.2691], [-3.3938, 16.2654], [-3.4021, 16.2589], [-3.4077, 16.2494], [-3.408, 16.2407], [-3.4005, 16.2225], [-3.3989, 16.2008], [-3.4134, 16.1885], [-3.4345, 16.1801], [-3.4527, 16.17], [-3.4762, 16.1395], [-3.4892, 16.1284], [-3.5098, 16.1239], [-3.5797, 16.1314], [-3.6029, 16.1257], [-3.6231, 16.1159], [-3.6335, 16.1126], [-3.6453, 16.1114], [-3.7149, 16.1183], [-3.7366, 16.1158], [-3.7561, 16.1076], [-3.7707, 16.0913], [-3.7754, 16.0795], [-3.7864, 16.0735], [-3.791, 16.0662], [-3.7939, 16.0578], [-3.7999, 16.0484], [-3.8109, 16.041], [-3.835, 16.0356], [-3.8442, 16.0311], [-3.8508, 16.0239], [-3.877, 15.9775], [-3.8834, 15.9728], [-3.9123, 15.9649], [-3.95, 15.9473], [-3.9622, 15.9451], [-3.9634, 15.9396], [-3.9741, 15.9337], [-3.9832, 15.9251], [-3.9905, 15.9149], [-4.001, 15.8944], [-4.0088, 15.8834], [-4.0181, 15.8741], [-4.0283, 15.8688], [-4.0296, 15.8635], [-4.0443, 15.8593], [-4.0574, 15.8576], [-4.0706, 15.8582], [-4.0854, 15.8612], [-4.0993, 15.866], [-4.1142, 15.8741], [-4.1256, 15.8851], [-4.1287, 15.8987], [-4.1514, 15.9051], [-4.163, 15.9058], [-4.1739, 15.9017], [-4.1814, 15.8944], [-4.1869, 15.8854], [-4.21, 15.8266], [-4.2117, 15.8143], [-4.2109, 15.7767], [-4.2188, 15.7565], [-4.2352, 15.7478], [-4.275, 15.7383], [-4.2835, 15.7329], [-4.2895, 15.7266], [-4.2994, 15.7106], [-4.3233, 15.6832], [-4.3275, 15.6748], [-4.3406, 15.6673], [-4.3497, 15.6584], [-4.3534, 15.647], [-4.3507, 15.6322], [-4.3402, 15.6069], [-4.3187, 15.5347], [-4.3082, 15.5138], [-4.3039, 15.507]]}, "properties": {"geo_id": null, "nom": "", "type": "FLV", "statut": "[PROPOSITION] tracé"}}, {"type": "Feature", "geometry": {"type": "LineString", "coordinates": [[-4.3039, 15.5069], [-4.2807, 15.4886], [-4.2727, 15.4781], [-4.2608, 15.4563], [-4.2466, 15.4246], [-4.2286, 15.393], [-4.1988, 15.3739], [-4.1578, 15.3558], [-4.1245, 15.3387], [-4.092, 15.3272], [-4.0546, 15.3167], [-4.0163, 15.3024], [-3.9887, 15.2877], [-3.9796, 15.2813]]}, "properties": {"geo_id": null, "nom": "", "type": "FLV", "statut": "[PROPOSITION] tracé"}}, {"type": "Feature", "geometry": {"type": "LineString", "coordinates": [[-3.4662, 16.0741], [-3.489, 16.0705], [-3.5246, 16.0587], [-3.5567, 16.0388], [-3.5836, 16.0069], [-3.5922, 15.9763], [-3.5966, 15.9437], [-3.6111, 15.9056], [-3.6199, 15.8958], [-3.6357, 15.8815], [-3.6516, 15.868], [-3.6611, 15.8612], [-3.6739, 15.8585], [-3.6885, 15.8588], [-3.7005, 15.8602], [-3.7056, 15.8612], [-3.7109, 15.8459], [-3.7101, 15.8255], [-3.707, 15.8049], [-3.7056, 15.7889], [-3.7099, 15.7631], [-3.7166, 15.7377], [-3.7207, 15.713], [-3.7166, 15.6889], [-3.7579, 15.6803], [-3.8039, 15.6788], [-3.8437, 15.6685], [-3.8667, 15.6334], [-3.8333, 15.6289], [-3.7994, 15.6334], [-3.7823, 15.6281], [-3.8, 15.5944], [-3.8009, 15.5997], [-3.8157, 15.5942], [-3.8339, 15.5845], [-3.8445, 15.5777], [-3.8581, 15.5604], [-3.8667, 15.5447], [-3.878, 15.5288], [-3.9, 15.5111], [-3.9428, 15.4869], [-3.9639, 15.4732], [-3.949, 15.4645], [-3.8833, 15.4556], [-3.8676, 15.4562], [-3.8493, 15.4584], [-3.8313, 15.4578], [-3.8166, 15.45], [-3.8037, 15.4128], [-3.8215, 15.377], [-3.8508, 15.3443], [-3.8722, 15.3167], [-3.8857, 15.3212], [-3.8997, 15.3228], [-3.9141, 15.324], [-3.9277, 15.3277], [-3.931, 15.3164], [-3.9364, 15.3045], [-3.9416, 15.2932], [-3.9444, 15.2833], [-3.9515, 15.2984], [-3.9607, 15.3038], [-3.9715, 15.3059], [-3.9833, 15.3111]]}, "properties": {"geo_id": null, "nom": "", "type": "FLV", "statut": "[PROPOSITION] tracé"}}, {"type": "Feature", "geometry": {"type": "LineString", "coordinates": [[-3.4662, 16.0741], [-3.4522, 16.0762], [-3.4167, 16.0777], [-3.3851, 16.0746], [-3.3616, 16.0698], [-3.3421, 16.0704], [-3.3223, 16.0833], [-3.3097, 16.107], [-3.3047, 16.1373], [-3.3, 16.1684], [-3.2889, 16.1944], [-3.2825, 16.1912], [-3.2637, 16.1899], [-3.2422, 16.1909], [-3.2278, 16.1944], [-3.2154, 16.2115], [-3.2121, 16.2324], [-3.2041, 16.2523], [-3.1778, 16.2667], [-3.2048, 16.288], [-3.2173, 16.3229], [-3.2213, 16.3631], [-3.2225, 16.4003]]}, "properties": {"geo_id": null, "nom": "", "type": "FLV", "statut": "[PROPOSITION] tracé"}}, {"type": "Feature", "geometry": {"type": "LineString", "coordinates": [[-3.4662, 16.0741], [-3.4674, 16.0852], [-3.4626, 16.1092], [-3.4578, 16.1332], [-3.4567, 16.1612]]}, "properties": {"geo_id": null, "nom": "", "type": "FLV", "statut": "[PROPOSITION] tracé"}}, {"type": "Feature", "geometry": {"type": "LineString", "coordinates": [[-3.2225, 16.4003], [-3.1984, 16.4147], [-3.1816, 16.432], [-3.1862, 16.4497], [-3.1641, 16.4587], [-3.1395, 16.4588], [-3.1195, 16.4637], [-3.1112, 16.4869], [-3.1127, 16.5032], [-3.1182, 16.5261], [-3.118, 16.5382], [-3.1154, 16.5413], [-3.1106, 16.5438], [-3.1059, 16.5479], [-3.1037, 16.5555], [-3.1099, 16.5714], [-3.1112, 16.5798], [-3.1087, 16.6044], [-3.0826, 16.6402], [-3.0671, 16.6538], [-3.0452, 16.6606], [-3.0332, 16.66], [-3.0108, 16.6546], [-2.9989, 16.6538], [-2.967, 16.6612], [-2.9571, 16.6607], [-2.9251, 16.6433], [-2.9087, 16.6392], [-2.8914, 16.6482], [-2.8865, 16.6553], [-2.8799, 16.6717], [-2.8756, 16.679], [-2.8697, 16.6839], [-2.8621, 16.6878], [-2.8468, 16.6932], [-2.8225, 16.6968], [-2.7733, 16.6967], [-2.7497, 16.7022], [-2.7032, 16.7266], [-2.6794, 16.7339], [-2.633, 16.7268], [-2.6093, 16.7281], [-2.5433, 16.7423], [-2.535, 16.7463], [-2.5072, 16.7687], [-2.4959, 16.7752], [-2.4859, 16.7776], [-2.4808, 16.7765], [-2.4698, 16.7718], [-2.4644, 16.7702], [-2.4537, 16.7694], [-2.432, 16.7718], [-2.4222, 16.7744], [-2.4036, 16.7831], [-2.38, 16.7911], [-2.3021, 16.7948], [-2.285, 16.8046], [-2.2643, 16.8352], [-2.2456, 16.8426], [-2.2351, 16.8423], [-2.1484, 16.8292], [-2.13, 16.8306], [-2.1074, 16.8391], [-2.099, 16.8397], [-2.0907, 16.8373], [-2.08, 16.8274], [-2.0723, 16.8226], [-2.0528, 16.8206], [-2.0443, 16.8319], [-2.04, 16.8494], [-2.0333, 16.8661], [-2.0249, 16.8729], [-2.0129, 16.8784], [-1.9891, 16.8853], [-1.98, 16.8865], [-1.9515, 16.8866], [-1.9327, 16.8911], [-1.8808, 16.9133], [-1.8259, 16.9268], [-1.7994, 16.9366], [-1.7834, 16.9455], [-1.7767, 16.9511], [-1.7649, 16.9667], [-1.7597, 16.971], [-1.7508, 16.9745], [-1.7411, 16.9755], [-1.7213, 16.975], [-1.6792, 16.979], [-1.6634, 16.9988], [-1.6331, 17.0101], [-1.5476, 17.0248], [-1.541, 17.025], [-1.5162, 17.0206], [-1.4981, 17.015], [-1.4913, 17.0146], [-1.4717, 17.0182], [-1.4432, 17.0176], [-1.3886, 17.0093], [-1.3613, 17.0137], [-1.3406, 17.0208], [-1.3341, 17.0216], [-1.3006, 17.0181], [-1.2747, 17.0216], [-1.2498, 17.0282], [-1.2256, 17.0404], [-1.2202, 17.042], [-1.2092, 17.0434], [-1.2038, 17.0447], [-1.1617, 17.0655], [-1.151, 17.0675], [-1.0993, 17.0645], [-1.0847, 17.0555], [-1.0509, 17.0074], [-1.0349, 16.9942], [-1.0184, 16.9894], [-1.0006, 16.991], [-0.9544, 17.0084], [-0.9454, 17.0106], [-0.9364, 17.0106], [-0.9295, 17.0083], [-0.916, 16.9994], [-0.9004, 16.9914], [-0.8843, 16.9874], [-0.8677, 16.9881], [-0.8509, 16.9945], [-0.8189, 17.0123], [-0.803, 17.0139], [-0.7857, 17.0047], [-0.7649, 16.985], [-0.7562, 16.9805], [-0.741, 16.9767], [-0.7351, 16.974], [-0.7291, 16.9683], [-0.7171, 16.9537], [-0.7051, 16.9422], [-0.6907, 16.9339], [-0.6726, 16.9288], [-0.6373, 16.9249], [-0.6197, 16.9263], [-0.6028, 16.932], [-0.5897, 16.9396], [-0.5778, 16.9488], [-0.5611, 16.9681], [-0.5533, 16.9727], [-0.5427, 16.9744], [-0.5325, 16.9722], [-0.5124, 16.9645], [-0.5032, 16.9627], [-0.4942, 16.9621], [-0.4301, 16.9679], [-0.4071, 16.9676], [-0.3845, 16.9639], [-0.3777, 16.9553], [-0.3724, 16.9508], [-0.3606, 16.9333], [-0.3504, 16.9234], [-0.3463, 16.9182], [-0.3441, 16.9115], [-0.3465, 16.8956], [-0.3531, 16.881], [-0.3577, 16.866], [-0.3537, 16.8492], [-0.3457, 16.8395], [-0.2949, 16.8092], [-0.2905, 16.8041], [-0.2878, 16.7977], [-0.2835, 16.763], [-0.2833, 16.7338], [-0.2816, 16.7196], [-0.276, 16.7069], [-0.2675, 16.6983], [-0.2578, 16.691], [-0.2488, 16.682], [-0.2434, 16.6697], [-0.2419, 16.6268], [-0.2381, 16.6129], [-0.2305, 16.5995], [-0.2204, 16.5874], [-0.2094, 16.5776], [-0.1317, 16.5231], [-0.1254, 16.5123], [-0.1201, 16.5111], [-0.116, 16.5], [-0.1138, 16.4882], [-0.1116, 16.4303], [-0.1065, 16.4169], [-0.0716, 16.3805], [-0.064, 16.3662], [-0.0549, 16.2713], [-0.0598, 16.2502], [-0.0583, 16.2505], [-0.0567, 16.2505], [-0.0552, 16.2502], [-0.0538, 16.2496], [-0.0468, 16.232], [-0.0423, 16.2242], [-0.0347, 16.2171], [-0.0009, 16.1999], [0.0011, 16.1924], [0.0012, 16.1772], [0.0029, 16.1702], [0.0066, 16.1651], [0.0623, 16.1288], [0.0727, 16.118], [0.0757, 16.1128], [0.0826, 16.095], [0.0829, 16.0919], [0.0827, 16.0854], [0.0834, 16.0821], [0.0846, 16.0803], [0.0888, 16.0772], [0.0903, 16.0754], [0.1179, 16.0275], [0.1267, 16.0071], [0.1318, 15.9984], [0.1489, 15.9804], [0.1643, 15.9602], [0.183, 15.9295], [0.1904, 15.9207], [0.227, 15.8894], [0.2436, 15.8712], [0.2705, 15.8487], [0.2905, 15.8258], [0.2979, 15.8189], [0.3215, 15.8055], [0.329, 15.7998], [0.3513, 15.7698], [0.3647, 15.7562], [0.4665, 15.7263], [0.4724, 15.7076], [0.4997, 15.6646], [0.5073, 15.6412], [0.5065, 15.6186], [0.4938, 15.5586], [0.4858, 15.5376], [0.5639, 15.5135], [0.5757, 15.5004], [0.6804, 15.4646], [0.7029, 15.4534], [0.7228, 15.44], [0.7339, 15.429], [0.7485, 15.399], [0.7542, 15.3827], [0.7568, 15.367], [0.7536, 15.3518], [0.7446, 15.3414], [0.7336, 15.3322], [0.7239, 15.3207], [0.7204, 15.3124], [0.7188, 15.3043], [0.7171, 15.2773], [0.7143, 15.2708], [0.7066, 15.2573], [0.7026, 15.241], [0.7001, 15.2073], [0.6948, 15.1911], [0.6819, 15.1658], [0.6725, 15.1531], [0.6624, 15.1472], [0.6618, 15.128], [0.6606, 15.1227], [0.6543, 15.1089], [0.6518, 15.0811], [0.6487, 15.075], [0.6584, 15.0585], [0.6569, 15.0165], [0.6584, 15.0032], [0.6624, 14.995], [0.6758, 14.9769], [0.6787, 14.9656], [0.6838, 14.9584], [0.6961, 14.9512], [0.7109, 14.9476], [0.7373, 14.958], [0.7534, 14.9549], [0.8368, 14.9155], [0.8559, 14.8943], [0.8632, 14.8629], [0.8662, 14.8309], [0.8743, 14.7998], [0.9006, 14.7439], [0.9023, 14.7372], [0.9035, 14.7176], [0.9054, 14.7063], [0.9096, 14.6964], [0.9434, 14.648], [0.9507, 14.6416], [0.9761, 14.6262], [0.9907, 14.615], [1.0285, 14.5742], [1.0569, 14.5511], [1.07, 14.5375], [1.0789, 14.5222], [1.0898, 14.4968], [1.1314, 14.4318], [1.3019, 14.277], [1.3158, 14.2688], [1.3364, 14.2595], [1.356, 14.253], [1.3677, 14.2534], [1.3872, 14.2632], [1.4072, 14.2589], [1.4253, 14.2458], [1.4391, 14.2292], [1.485, 14.147], [1.5022, 14.1031], [1.5142, 14.0572], [1.5163, 14.0374], [1.5142, 13.9722], [1.5173, 13.9628], [1.5315, 13.9422], [1.5347, 13.9313], [1.5344, 13.9077], [1.5363, 13.897], [1.5415, 13.8872], [1.5496, 13.8813], [1.5733, 13.8719], [1.5832, 13.8655], [1.5867, 13.8585], [1.5893, 13.8497], [1.593, 13.8421], [1.6001, 13.8388], [1.705, 13.7136], [1.7156, 13.6966], [1.7295, 13.6828], [1.7544, 13.6737], [1.7644, 13.673], [1.7854, 13.6747], [1.7954, 13.6737], [1.8063, 13.668], [1.8298, 13.6507], [1.853, 13.6407], [1.9128, 13.5986], [1.9343, 13.593], [1.9765, 13.5875], [1.9941, 13.5782], [2.0015, 13.5681], [2.0086, 13.5469], [2.0144, 13.5371], [2.0246, 13.53], [2.0623, 13.5167], [2.0795, 13.5232], [2.1, 13.5123], [2.1172, 13.4924], [2.1304, 13.4484], [2.1453, 13.4344], [2.1633, 13.4244], [2.179, 13.413], [2.1855, 13.3997], [2.1911, 13.3817], [2.1985, 13.3658], [2.21, 13.359], [2.2324, 13.3547], [2.2549, 13.3439], [2.3242, 13.298], [2.3469, 13.2762], [2.361, 13.2459], [2.3703, 13.01], [2.3645, 12.9581], [2.3667, 12.9361], [2.376, 12.8975], [2.3782, 12.8755], [2.3867, 12.8604], [2.4243, 12.8341], [2.4382, 12.8029], [2.4622, 12.7953], [2.4675, 12.7867], [2.4695, 12.7769], [2.4785, 12.7551], [2.4819, 12.741], [2.4872, 12.7342], [2.488, 12.729], [2.4856, 12.7224], [2.4766, 12.7135], [2.4738, 12.7079], [2.4697, 12.6894], [2.4702, 12.6826], [2.4738, 12.6738], [2.5086, 12.6527], [2.5173, 12.6485], [2.5234, 12.649], [2.5269, 12.6462], [2.5278, 12.6321], [2.5209, 12.6138], [2.5078, 12.6033], [2.4983, 12.5919], [2.5017, 12.5707], [2.5087, 12.5607], [2.5276, 12.5454], [2.5352, 12.5372], [2.548, 12.5063], [2.5557, 12.4956], [2.5645, 12.5169], [2.5773, 12.5401], [2.5932, 12.5616], [2.611, 12.5776], [2.6161, 12.5747], [2.6196, 12.5717], [2.622, 12.5684], [2.624, 12.5645], [2.6281, 12.5526], [2.6281, 12.5256], [2.6314, 12.5155], [2.6718, 12.5155], [2.6725, 12.5131], [2.6777, 12.5103], [2.6838, 12.511], [2.6867, 12.5192], [2.688, 12.525], [2.6912, 12.5323], [2.6955, 12.539], [2.6997, 12.5434], [2.7094, 12.5462], [2.7183, 12.5429], [2.725, 12.5338], [2.7276, 12.5192], [2.728, 12.494], [2.7316, 12.4658], [2.7424, 12.443], [2.7648, 12.4335], [2.7863, 12.4291], [2.822, 12.4077], [2.8437, 12.3994], [2.8916, 12.3573], [2.9121, 12.3465], [2.922, 12.3358], [2.9299, 12.3234], [2.9363, 12.3011], [2.9445, 12.2926], [2.9555, 12.287], [2.9672, 12.2827], [3.0005, 12.2791], [3.0088, 12.2765], [3.0125, 12.2713], [3.0222, 12.2526], [3.0628, 12.194], [3.2348, 12.0397], [3.2378, 12.0344], [3.2515, 12.0243], [3.2546, 12.0189], [3.257, 11.9976], [3.2621, 11.9749], [3.2693, 11.9567], [3.2922, 11.9189], [3.3064, 11.9025], [3.315, 11.8947], [3.3272, 11.8865], [3.3411, 11.8831], [3.3545, 11.8892], [3.3687, 11.8975], [3.3803, 11.8952], [3.391, 11.889]]}, "properties": {"geo_id": null, "nom": "", "type": "FLV", "statut": "[PROPOSITION] tracé"}}, {"type": "Feature", "geometry": {"type": "LineString", "coordinates": [[3.4, 11.9], [3.4092, 11.9071], [3.4184, 11.9138], [3.4278, 11.9203], [3.4373, 11.9266], [3.4468, 11.9327], [3.4563, 11.939], [3.4658, 11.9452], [3.4753, 11.9515], [3.4848, 11.9576], [3.4945, 11.9634], [3.5043, 11.9689], [3.5142, 11.974], [3.5242, 11.979], [3.5342, 11.9841], [3.544, 11.9895], [3.5536, 11.9955], [3.5629, 12.0022], [3.5717, 12.0101], [3.5797, 12.019], [3.587, 12.0293], [3.5951, 12.0387], [3.6031, 12.0482], [3.6111, 12.0579], [3.619, 12.0675], [3.6272, 12.0768], [3.6356, 12.0853], [3.6446, 12.0928], [3.6542, 12.0986], [3.6646, 12.1025], [3.676, 12.1043], [3.688, 12.1046], [3.7003, 12.1041], [3.7124, 12.1042], [3.7238, 12.1058], [3.7344, 12.1095], [3.744, 12.1153], [3.7531, 12.1223], [3.7623, 12.1292], [3.772, 12.1348], [3.7829, 12.1377], [3.7951, 12.1376], [3.8084, 12.1347], [3.8226, 12.13], [3.8369, 12.1248], [3.8509, 12.1206], [3.864, 12.1183], [3.876, 12.1186], [3.8868, 12.1216], [3.8966, 12.1271], [3.9054, 12.1347], [3.9138, 12.1436], [3.922, 12.1526], [3.9307, 12.1607], [3.9402, 12.1667], [3.951, 12.1697], [3.9632, 12.1697], [3.9768, 12.1671], [3.991, 12.1624], [4.0052, 12.1571], [4.019, 12.1526], [4.0321, 12.15], [4.0443, 12.1498], [4.0554, 12.152], [4.0658, 12.1562], [4.0755, 12.1618], [4.0849, 12.1683], [4.094, 12.1754], [4.1031, 12.1827], [4.1123, 12.1896], [4.1219, 12.1954], [4.1324, 12.1994], [4.1437, 12.2011], [4.1559, 12.2006], [4.1688, 12.1987], [4.1816, 12.1967], [4.1937, 12.1957], [4.2049, 12.1965], [4.2156, 12.1997], [4.2255, 12.2051], [4.2349, 12.2119], [4.2441, 12.2191], [4.2534, 12.2261], [4.2629, 12.2324], [4.2727, 12.2381], [4.2827, 12.2432], [4.2928, 12.2482], [4.3027, 12.2535], [4.3124, 12.2593], [4.3219, 12.2657], [4.3313, 12.2727], [4.3405, 12.2797], [4.35, 12.2863], [4.3598, 12.2919], [4.3702, 12.296], [4.3814, 12.2986], [4.3933, 12.2992], [4.4053, 12.2984], [4.4175, 12.2968], [4.4298, 12.2948], [4.4422, 12.2925], [4.4546, 12.2902], [4.4671, 12.2878], [4.4796, 12.285], [4.4923, 12.2819], [4.5052, 12.2782], [4.5182, 12.2741], [4.5313, 12.2695], [4.5445, 12.2648], [4.5576, 12.2603], [4.5705, 12.2565], [4.5831, 12.2536], [4.5953, 12.2518], [4.6073, 12.2508], [4.6192, 12.2503], [4.6282, 12.2493], [4.637, 12.2479], [4.6485, 12.2477], [4.6598, 12.2482], [4.6709, 12.2499], [4.6817, 12.2529], [4.6921, 12.2575], [4.702, 12.2635], [4.7118, 12.2706], [4.7214, 12.278], [4.7313, 12.2846], [4.7416, 12.2894], [4.7525, 12.2916], [4.7642, 12.291], [4.7764, 12.2883], [4.7889, 12.2845], [4.8013, 12.281], [4.8134, 12.2787], [4.825, 12.2782], [4.8362, 12.2794], [4.8455, 12.281], [4.8539, 12.2824], [4.864, 12.2834], [4.8754, 12.2838], [4.8869, 12.2833], [4.8985, 12.2824], [4.91, 12.2816], [4.9215, 12.2815], [4.9326, 12.2828], [4.9435, 12.2854], [4.9541, 12.2891], [4.9646, 12.2935], [4.9751, 12.2979], [4.9856, 12.3024], [4.996, 12.307], [5.0063, 12.3123], [5.0164, 12.3187], [5.0262, 12.3265], [5.0357, 12.3359], [5.0449, 12.3466], [5.0538, 12.3584], [5.0616, 12.3709], [5.0696, 12.3836], [5.0785, 12.3963], [5.0878, 12.4081], [5.0973, 12.4182], [5.1073, 12.4261], [5.1177, 12.4316], [5.1284, 12.4351], [5.1393, 12.4373], [5.1504, 12.4391], [5.1614, 12.441], [5.1723, 12.4436], [5.183, 12.447], [5.1936, 12.4515], [5.204, 12.4569], [5.2142, 12.463], [5.2244, 12.4694], [5.2347, 12.4754], [5.2451, 12.4806], [5.2557, 12.4849], [5.2665, 12.4881], [5.2774, 12.4908], [5.2884, 12.4929], [5.2994, 12.4949], [5.3104, 12.4969], [5.3214, 12.4991], [5.3323, 12.5016], [5.3432, 12.5043], [5.354, 12.5071], [5.3649, 12.51], [5.3757, 12.5128], [5.3866, 12.5154], [5.3976, 12.5175], [5.4087, 12.5192], [5.4198, 12.5201], [5.4311, 12.5203], [5.4425, 12.5198], [5.454, 12.5187], [5.4655, 12.5175], [5.477, 12.5167], [5.4883, 12.5167], [5.4994, 12.5181], [5.5101, 12.5215], [5.5205, 12.5271], [5.5306, 12.535], [5.5404, 12.5447], [5.55, 12.5553], [5.5597, 12.5656], [5.5695, 12.5746], [5.5798, 12.5813], [5.5905, 12.5852], [5.6016, 12.5864], [5.6131, 12.5852], [5.6249, 12.582], [5.637, 12.5774], [5.6491, 12.5722], [5.6613, 12.567], [5.6733, 12.5625], [5.6851, 12.5593], [5.6967, 12.5578], [5.708, 12.558], [5.719, 12.5596], [5.73, 12.5618], [5.7409, 12.5641], [5.752, 12.5656], [5.7632, 12.5659], [5.7748, 12.5646], [5.7866, 12.5619], [5.7985, 12.5584], [5.8105, 12.5548], [5.8223, 12.5517], [5.834, 12.5498], [5.8455, 12.5488], [5.8569, 12.5485], [5.8683, 12.5482], [5.8797, 12.5476], [5.8912, 12.5464], [5.9028, 12.5449], [5.9144, 12.5434], [5.926, 12.5421], [5.9374, 12.5414], [5.9488, 12.5413], [5.9601, 12.5417], [5.9712, 12.5425], [5.9824, 12.5436], [5.9936, 12.5446], [6.005, 12.5452], [6.0167, 12.5451], [6.0284, 12.5441], [6.0401, 12.5423], [6.0519, 12.5401], [6.0636, 12.5383], [6.075, 12.5376], [6.0862, 12.5385], [6.0971, 12.541], [6.1077, 12.5451], [6.1182, 12.5501], [6.1285, 12.5556], [6.1388, 12.5612], [6.1492, 12.5669], [6.1595, 12.5727], [6.1697, 12.5787], [6.1799, 12.5849], [6.1902, 12.591], [6.2005, 12.5965], [6.211, 12.6013], [6.2216, 12.6054], [6.2322, 12.6093], [6.2429, 12.6133], [6.2535, 12.6176], [6.264, 12.6221], [6.2746, 12.6263], [6.2853, 12.6298], [6.2962, 12.6321], [6.3073, 12.6336], [6.3184, 12.6351], [6.3293, 12.6376], [6.3398, 12.6422], [6.3499, 12.649], [6.3596, 12.6578], [6.3692, 12.6675], [6.3788, 12.6769], [6.3885, 12.6853], [6.3985, 12.6927], [6.4087, 12.6992], [6.4189, 12.7056], [6.429, 12.7121], [6.4391, 12.7187], [6.4493, 12.7252], [6.4595, 12.7311], [6.47, 12.7361], [6.4806, 12.7401], [6.4915, 12.7431], [6.5024, 12.7455], [6.5134, 12.7475], [6.5244, 12.7494], [6.5354, 12.7513], [6.5464, 12.7535], [6.5573, 12.756], [6.5681, 12.7588], [6.5789, 12.7616], [6.5898, 12.7642], [6.6008, 12.7661], [6.6121, 12.7668], [6.6235, 12.7661], [6.6353, 12.764], [6.6473, 12.7607], [6.6594, 12.7566], [6.6716, 12.7522], [6.6837, 12.748], [6.6957, 12.7446], [6.7075, 12.7423], [6.7191, 12.7411], [6.7304, 12.7409], [6.7418, 12.7413], [6.7531, 12.7416], [6.7645, 12.7411], [6.7762, 12.7394], [6.7881, 12.7362], [6.8003, 12.7316], [6.8127, 12.7258], [6.8252, 12.7192], [6.8378, 12.7122], [6.8504, 12.7052], [6.863, 12.698], [6.8757, 12.6907], [6.8884, 12.683], [6.9011, 12.6753], [6.9137, 12.6681], [6.9261, 12.6624], [6.9379, 12.6596], [6.9491, 12.6604], [6.9596, 12.6652], [6.9695, 12.6735], [6.979, 12.6838], [6.9885, 12.6943], [6.9982, 12.7035], [7.008, 12.7101], [7.0183, 12.7139], [7.0293, 12.7156], [7.0406, 12.7163], [7.0517, 12.7172], [7.0627, 12.7194], [7.0734, 12.7234], [7.0837, 12.7292], [7.0939, 12.7362], [7.104, 12.7435], [7.1141, 12.7505], [7.1244, 12.7568], [7.1348, 12.7625], [7.1452, 12.7678], [7.1557, 12.7732], [7.166, 12.7789], [7.1764, 12.785], [7.1866, 12.7915], [7.1968, 12.7984], [7.2069, 12.8054], [7.2171, 12.8124], [7.2273, 12.8192], [7.2376, 12.8252], [7.2483, 12.83], [7.2592, 12.8331], [7.2704, 12.8342], [7.2818, 12.8331], [7.2936, 12.83], [7.3056, 12.8253], [7.3178, 12.8194], [7.3301, 12.8129], [7.3423, 12.8063], [7.3545, 12.8004], [7.3665, 12.7959], [7.3782, 12.7931], [7.3896, 12.7924], [7.4007, 12.7937], [7.4116, 12.7964], [7.4224, 12.7998], [7.4332, 12.803], [7.4442, 12.8052], [7.4554, 12.8058], [7.4669, 12.8044], [7.4787, 12.8011], [7.4907, 12.7963], [7.5026, 12.7909], [7.5141, 12.7856], [7.5255, 12.7816], [7.537, 12.78], [7.5481, 12.7812], [7.5589, 12.7848], [7.5695, 12.7901], [7.58, 12.7957], [7.5907, 12.8004], [7.6016, 12.8031], [7.6128, 12.8035], [7.6243, 12.802], [7.6359, 12.7993], [7.6475, 12.7966], [7.659, 12.7949], [7.6703, 12.7947], [7.6814, 12.7965], [7.6922, 12.7999], [7.7029, 12.8045], [7.7134, 12.8098], [7.7239, 12.8155], [7.7344, 12.8214], [7.7449, 12.8274], [7.7551, 12.8332], [7.7654, 12.8385], [7.7761, 12.8432], [7.7869, 12.8467], [7.7979, 12.849], [7.809, 12.8505], [7.82, 12.8519], [7.831, 12.8542], [7.8418, 12.8581], [7.8524, 12.8639], [7.8628, 12.8714], [7.873, 12.8799], [7.8833, 12.8885], [7.8936, 12.8966], [7.904, 12.9037], [7.9145, 12.9097], [7.9252, 12.9148], [7.9359, 12.9194], [7.9466, 12.9239], [7.9573, 12.9287], [7.9679, 12.9341], [7.9785, 12.9398], [7.9892, 12.9457], [8.0, 12.9512], [8.0109, 12.9556], [8.0219, 12.9585], [8.033, 12.9596], [8.0443, 12.9587], [8.0558, 12.9562], [8.0675, 12.9521], [8.0793, 12.9471], [8.0911, 12.9418], [8.1028, 12.937], [8.1144, 12.9337], [8.1258, 12.9325], [8.1369, 12.9339], [8.1477, 12.9376], [8.1584, 12.9428], [8.169, 12.9485], [8.1797, 12.9538], [8.1905, 12.958], [8.2014, 12.9614], [8.2123, 12.9643], [8.2232, 12.9675], [8.234, 12.9718], [8.2448, 12.9772], [8.2557, 12.9834], [8.2662, 12.9901], [8.2768, 12.9968], [8.2874, 13.0033], [8.298, 13.0098], [8.3086, 13.0163], [8.3192, 13.023], [8.3298, 13.0295], [8.3404, 13.0356], [8.3512, 13.0407], [8.362, 13.0447], [8.373, 13.0474], [8.3841, 13.049], [8.3953, 13.0493], [8.4066, 13.0484], [8.418, 13.0463], [8.4296, 13.0429], [8.4412, 13.0383], [8.453, 13.0331], [8.4647, 13.0278], [8.4764, 13.0231], [8.4881, 13.0192], [8.4998, 13.0162], [8.5113, 13.0138], [8.5227, 13.0115], [8.5342, 13.0089], [8.5457, 13.0061], [8.5572, 13.0033], [8.5686, 13.0012], [8.5799, 13.0001], [8.5911, 13.0004], [8.6022, 13.0021], [8.6131, 13.0051], [8.624, 13.0087], [8.6349, 13.0126], [8.6458, 13.0162], [8.6567, 13.0192], [8.6678, 13.0212], [8.6789, 13.0219], [8.6902, 13.021], [8.7017, 13.0185], [8.7133, 13.0144], [8.725, 13.0093], [8.7367, 13.0041], [8.7483, 12.9996], [8.7599, 12.9962], [8.7713, 12.9942], [8.7826, 12.9934], [8.7938, 12.9934], [8.805, 12.9938], [8.8161, 12.9945], [8.8273, 12.9954], [8.8384, 12.9969], [8.8494, 12.9992], [8.8603, 13.0021], [8.8713, 13.0055], [8.8822, 13.0087], [8.8932, 13.0112], [8.9043, 13.0126], [8.9155, 13.0125], [8.9269, 13.0112], [8.9383, 13.0087], [8.9498, 13.0055], [8.9613, 13.0019], [8.9729, 12.9986], [8.9843, 12.9961], [8.9956, 12.995], [9.0068, 12.9957], [9.0178, 12.9982], [9.0286, 13.0022], [9.0394, 13.0072], [9.0502, 13.0123], [9.0611, 13.0169], [9.072, 13.0204], [9.083, 13.0223], [9.0943, 13.0223], [9.1056, 13.0204], [9.1172, 13.0168], [9.1288, 13.0122], [9.1404, 13.0075], [9.1519, 13.0035], [9.1634, 13.0008], [9.1747, 12.9998], [9.1858, 13.0004], [9.1969, 13.0021], [9.2079, 13.0043], [9.219, 13.0065], [9.23, 13.0083], [9.2412, 13.0093], [9.2523, 13.0094], [9.2636, 13.0088], [9.2748, 13.0077], [9.2862, 13.0065], [9.2975, 13.0052], [9.3088, 13.0037], [9.3202, 13.0016], [9.3316, 12.9985], [9.3432, 12.9941], [9.3548, 12.9883], [9.3665, 12.9815], [9.3783, 12.9744], [9.39, 12.9679], [9.4016, 12.9626], [9.4131, 12.9591], [9.4245, 12.9571], [9.4358, 12.9558], [9.4471, 12.9545], [9.4585, 12.9524], [9.4699, 12.9493], [9.4814, 12.9457], [9.4929, 12.9424], [9.5042, 12.9405], [9.5152, 12.9407], [9.5259, 12.9434], [9.5367, 12.9485], [9.5474, 12.9552], [9.5581, 12.9628], [9.5688, 12.9702], [9.5795, 12.9765], [9.5904, 12.9809], [9.6015, 12.9831], [9.6127, 12.9835], [9.6239, 12.9827], [9.6352, 12.9817], [9.6464, 12.9814], [9.6575, 12.9827], [9.6685, 12.9859], [9.6794, 12.9911], [9.6901, 12.998], [9.7007, 13.0065], [9.7112, 13.0164], [9.7216, 13.0272], [9.732, 13.0386], [9.7424, 13.0499], [9.7529, 13.0605], [9.7634, 13.07], [9.7741, 13.0778], [9.7849, 13.0841], [9.7958, 13.0889], [9.8068, 13.0926], [9.8178, 13.0958], [9.8288, 13.0987], [9.8398, 13.1014], [9.8509, 13.1038], [9.8619, 13.1057], [9.8731, 13.1069], [9.8842, 13.1073], [9.8954, 13.1071], [9.9067, 13.1065], [9.9179, 13.1058], [9.9292, 13.1051], [9.9404, 13.1044], [9.9517, 13.1033], [9.963, 13.1019], [9.9743, 13.0999], [9.9857, 13.0975], [9.9971, 13.0951], [10.0084, 13.0931], [10.0197, 13.0919], [10.031, 13.0916], [10.0422, 13.0919], [10.0533, 13.0925], [10.0645, 13.0932], [10.0756, 13.094], [10.0867, 13.0954], [10.0978, 13.0981], [10.1087, 13.1024], [10.1195, 13.1085], [10.1303, 13.1156], [10.141, 13.1231], [10.1518, 13.13], [10.1626, 13.1362], [10.1734, 13.1417], [10.1843, 13.1467], [10.1952, 13.1514], [10.2062, 13.1556], [10.2172, 13.1587], [10.2283, 13.1604], [10.2395, 13.1606], [10.2507, 13.1596], [10.2621, 13.158], [10.2735, 13.1564], [10.2848, 13.1548], [10.2961, 13.153], [10.3075, 13.15], [10.319, 13.145], [10.3306, 13.1376], [10.3424, 13.1279], [10.3543, 13.1167], [10.3662, 13.1054], [10.378, 13.0952], [10.3897, 13.0869], [10.4012, 13.081], [10.4126, 13.0773], [10.4239, 13.0755], [10.4351, 13.0753], [10.4463, 13.0759], [10.4574, 13.0769], [10.4686, 13.0778], [10.4798, 13.078], [10.491, 13.0774], [10.5022, 13.0762], [10.5134, 13.0744], [10.5247, 13.0724], [10.536, 13.0706], [10.5473, 13.0691], [10.5585, 13.0681], [10.5697, 13.068], [10.5809, 13.0689], [10.592, 13.0711], [10.603, 13.0744], [10.6139, 13.0787], [10.6249, 13.0833], [10.6359, 13.0876], [10.6469, 13.0912], [10.6579, 13.094], [10.669, 13.0962], [10.6801, 13.0984], [10.6911, 13.1009], [10.7022, 13.1038], [10.7132, 13.1068], [10.7242, 13.1095], [10.7353, 13.1116], [10.7464, 13.1131], [10.7576, 13.1143], [10.7687, 13.1157], [10.7798, 13.1175], [10.7909, 13.1197], [10.802, 13.1221], [10.8131, 13.1241], [10.8242, 13.1255], [10.8354, 13.1261], [10.8466, 13.1264], [10.8577, 13.1268], [10.8689, 13.1279], [10.88, 13.1298], [10.8911, 13.1322], [10.9021, 13.1343], [10.9133, 13.1355], [10.9245, 13.1351], [10.9358, 13.1334], [10.9471, 13.1308], [10.9584, 13.128], [10.9697, 13.1256], [10.981, 13.1239], [10.9922, 13.1226], [11.0034, 13.1211], [11.0147, 13.119], [11.026, 13.116], [11.0374, 13.1123], [11.0487, 13.1088], [11.06, 13.1062], [11.0712, 13.1052], [11.0824, 13.1063], [11.0934, 13.1089], [11.1045, 13.1124], [11.1155, 13.1159], [11.1266, 13.1186], [11.1377, 13.1203], [11.1489, 13.121], [11.1601, 13.1213], [11.1712, 13.1216], [11.1824, 13.1223], [11.1935, 13.1238], [11.2046, 13.1261], [11.2157, 13.129], [11.2268, 13.1321], [11.2378, 13.1348], [11.249, 13.1368], [11.2601, 13.1375], [11.2713, 13.1371], [11.2826, 13.1355], [11.2939, 13.133], [11.3052, 13.1297], [11.3165, 13.1255], [11.3279, 13.1203], [11.3394, 13.114], [11.3508, 13.1067], [11.3623, 13.0989], [11.3738, 13.0913], [11.3853, 13.0847], [11.3967, 13.0796], [11.408, 13.076], [11.4193, 13.0738], [11.4305, 13.0724], [11.4417, 13.0713], [11.453, 13.0701], [11.4642, 13.0688], [11.4755, 13.0674], [11.4867, 13.0659], [11.498, 13.0643], [11.5092, 13.0626], [11.5206, 13.0608], [11.5322, 13.0587], [11.5435, 13.0563], [11.5549, 13.0536], [11.5662, 13.051], [11.5775, 13.0489], [11.5887, 13.0479], [11.5998, 13.0488], [11.6109, 13.0519], [11.6218, 13.0576], [11.6327, 13.0653], [11.6434, 13.0745], [11.6542, 13.0839], [11.665, 13.0926], [11.6758, 13.0997], [11.6868, 13.1049], [11.6979, 13.1084], [11.7091, 13.111], [11.7202, 13.1137], [11.7312, 13.1176], [11.7421, 13.1232], [11.7529, 13.1305], [11.7637, 13.1389], [11.7744, 13.1474], [11.7852, 13.1551], [11.7961, 13.1609], [11.8071, 13.1646], [11.8182, 13.1658], [11.8295, 13.1647], [11.8408, 13.1617], [11.8523, 13.1574], [11.8637, 13.1525], [11.8752, 13.1478], [11.8866, 13.1439], [11.898, 13.1414], [11.9092, 13.1407], [11.9203, 13.1418], [11.9314, 13.1443], [11.9424, 13.148], [11.9533, 13.1525], [11.9642, 13.1575], [11.9751, 13.1628], [11.986, 13.168], [11.9969, 13.1728], [12.0079, 13.1766], [12.019, 13.1789], [12.0301, 13.1795], [12.0413, 13.1789], [12.0526, 13.1774], [12.0639, 13.1759], [12.0752, 13.175], [12.0864, 13.1753], [12.0975, 13.1769], [12.1085, 13.1798], [12.1195, 13.1836], [12.1304, 13.1877], [12.1414, 13.1916], [12.1524, 13.1945], [12.1635, 13.1958], [12.1747, 13.1954], [12.186, 13.1931], [12.1975, 13.1894], [12.2089, 13.1849], [12.2204, 13.1802], [12.2319, 13.1757], [12.2433, 13.172], [12.2547, 13.1694], [12.266, 13.1682], [12.2772, 13.1685], [12.2882, 13.1703], [12.2993, 13.1735], [12.3102, 13.1774], [12.3211, 13.1816], [12.3321, 13.1855], [12.3431, 13.1888], [12.3541, 13.1914], [12.3652, 13.1933], [12.3764, 13.1945], [12.3875, 13.1946], [12.3988, 13.1941], [12.41, 13.1931], [12.4213, 13.1917], [12.4326, 13.1904], [12.4439, 13.1892], [12.4551, 13.1885], [12.4663, 13.1883], [12.4775, 13.1887], [12.4886, 13.1898], [12.4997, 13.1914], [12.5108, 13.1935], [12.5219, 13.196], [12.5329, 13.1985], [12.544, 13.2007], [12.5551, 13.2024], [12.5662, 13.2032], [12.5774, 13.2029], [12.5887, 13.2018], [12.6, 13.2]]}, "properties": {"geo_id": null, "nom": "", "type": "FLV", "statut": "[PROPOSITION] tracé"}}, {"type": "Feature", "geometry": {"type": "Point", "coordinates": [17.8, 20.3]}, "properties": {"geo_id": "GEO_ORO_ARASUKHI", "nom": "|'Ara-Sukhì", "type": "ORO"}}, {"type": "Feature", "geometry": {"type": "Point", "coordinates": [36.9, 9.1]}, "properties": {"geo_id": "GEO_SIT_AYKMAIXA", "nom": "!Ayk-ma-‖Ixa", "type": "ORO"}}, {"type": "Feature", "geometry": {"type": "Point", "coordinates": [-1.9, 24.92]}, "properties": {"geo_id": "GEO_DET_KHRETHNASEREK", "nom": "Khreth-na-Serek", "type": "DET"}}, {"type": "Feature", "geometry": {"type": "Point", "coordinates": [-10.95, 25.75]}, "properties": {"geo_id": "GEO_DET_HLOMKHETAL", "nom": "Hlom-khetal", "type": "DET"}}, {"type": "Feature", "geometry": {"type": "Point", "coordinates": [-0.6, 24.15]}, "properties": {"geo_id": "GEO_DET_IMEKHSTOM", "nom": "Imekh-stom", "type": "DET"}}, {"type": "Feature", "geometry": {"type": "Point", "coordinates": [28.25, 27.5]}, "properties": {"geo_id": "GEO_DET_ABNIQA", "nom": "Abnīqa", "type": "DET"}}, {"type": "Feature", "geometry": {"type": "Point", "coordinates": [24.3, 24.45]}, "properties": {"geo_id": "GEO_DET_HAWQIL", "nom": "Ḥawqil", "type": "DET"}}, {"type": "Feature", "geometry": {"type": "Point", "coordinates": [31.2, 31.5]}, "properties": {"geo_id": "GEO_DET_SAFAQIL_PASSE", "nom": "Šafāqil", "type": "DET"}}, {"type": "Feature", "geometry": {"type": "Point", "coordinates": [31.0, 30.9]}, "properties": {"geo_id": "GEO_DLT_SAFAQIL", "nom": "Šafāqil", "type": "DLT"}}, {"type": "Feature", "geometry": {"type": "Point", "coordinates": [-11.35, 25.35]}, "properties": {"geo_id": "GEO_EST_AKHIDALET", "nom": "Akhidalet", "type": "EST"}}, {"type": "Feature", "geometry": {"type": "Point", "coordinates": [13.0, 23.75]}, "properties": {"geo_id": "GEO_EST_TAWALMAZ", "nom": "Tawālmaz", "type": "EST"}}, {"type": "Feature", "geometry": {"type": "Point", "coordinates": [-24.0, 18.0]}, "properties": {"geo_id": "GEO_ARC_STAURKHLOR", "nom": "Staur-Khlōr", "type": "ARC"}}, {"type": "Feature", "geometry": {"type": "Point", "coordinates": [-16.9, 10.55]}, "properties": {"geo_id": "GEO_ARC_LISEKDI", "nom": "Li-sèk-dì", "type": "ARC"}}]}